Age,Gender,Marital_Status,Household_Size,Governorate,Salary,Degree_Level,Employment_Status,Primary_Income_Source,Has_Other_Social_Benefits,Assets_Value,Liabilities_Value,Number_of_Children,Total_Spouse_Income,Working_Children_Count,Total_Children_Income,Total_Household_Income,Vehicle_Ownership,Vehicle_Count,Cylinder_Count,Vehicle_Age_Years,Fuel_Type,Expected_Fuel_Consumption_L,Average_Fuel_Consumption_L,Fuel_Deviation_L,Fuel_Deviation_Ratio,Previous_Subsidy_Received,Previous_Subsidy_Amount,Late_or_Missed_Renewals,Applications_Last_12_Months,Fraud,Eligible,ID
22.0,1,2,1,1,96.92,0,0,1,0,2816.58,1475.02,0,0.0,0,0.0,96.92,1,1,4,11,0,127.2,304.175,176.98,2.391,1,24.13,2,4,1,1,11597060
47.0,1,1,9,3,144.06,1,0,0,0,1590.45,2157.47,4,204.31,0,0.0,348.37,1,1,4,5,1,120.0,104.86,-15.14,0.874,1,24.42,0,0,0,1,18838583
38.0,0,2,3,0,82.22,1,3,0,1,1213.0,2690.38,0,0.0,0,0.0,82.22,1,2,4,11,0,127.2,136.13,8.93,1.07,1,27.05,0,0,0,1,15247173
18.0,1,2,8,4,80.0,1,2,0,0,2345.13,3379.22,0,0.0,0,0.0,80.0,1,1,6,10,0,189.0,203.48,14.48,1.077,0,5.0,1,1,0,1,14571592
28.0,0,2,3,3,80.0,1,0,0,1,1077.01,3111.43,0,0.0,0,0.0,80.0,1,1,4,10,0,126.0,128.21,2.21,1.018,1,36.66,1,3,0,1,12044003
55.0,1,2,4,2,80.0,4,2,1,0,6438.31,5729.04,0,0.0,0,0.0,80.0,1,2,4,6,1,121.2,115.97,-5.23,0.957,1,21.47,1,0,0,1,12570388
18.0,1,2,6,4,82.06,2,2,0,0,4441.92,4982.49,0,0.0,0,0.0,82.06,1,1,6,3,1,176.4,205.51,29.11,1.165,1,23.54,0,2,0,1,11276633
30.0,0,2,5,1,80.0,0,0,1,1,3335.19,3475.99,0,0.0,0,0.0,80.0,1,1,8,7,1,255.0,292.71,37.71,1.148,1,23.35,0,2,0,1,14552671
50.0,1,2,4,3,80.0,2,0,1,0,3452.73,5567.15,0,0.0,0,0.0,80.0,1,2,4,6,1,121.2,116.56,-4.64,0.962,1,38.43,1,1,0,1,17734520
25.0,0,1,5,4,80.0,2,0,1,1,1466.45,306.01,1,234.17,0,0.0,314.17,1,2,6,13,0,194.4,196.37,1.97,1.01,1,16.23,1,0,0,1,12147148
27.0,0,2,5,4,80.0,1,0,1,1,10493.63,1779.91,0,0.0,0,0.0,80.0,1,3,8,11,1,265.0,239.88,-25.12,0.905,1,26.86,1,2,0,1,12476428
34.0,1,1,2,1,118.32,0,3,2,0,4928.99,2023.19,0,184.31,0,0.0,302.63,1,1,4,9,1,124.8,112.8,-12.0,0.904,1,19.2,0,0,0,1,10296862
53.0,1,2,3,3,80.0,2,0,2,1,2893.41,1703.98,0,0.0,0,0.0,80.0,1,1,4,2,1,116.4,130.28,13.88,1.119,1,39.67,1,0,0,1,15747062
27.0,1,1,5,3,80.0,1,3,1,0,3921.41,1827.8,2,397.21,0,0.0,477.21,1,3,4,8,1,123.6,146.51,22.91,1.185,1,17.94,0,1,0,1,14440470
30.0,0,1,2,2,152.45,2,0,0,0,1582.57,2158.49,1,301.73,0,0.0,454.18,1,1,4,3,0,117.6,126.08,8.48,1.072,1,15.54,1,2,0,1,17866001
30.0,0,2,5,2,148.33,2,2,0,0,2399.73,3705.6,0,0.0,0,0.0,148.33,1,2,4,11,0,127.2,107.94,-19.26,0.849,1,29.44,1,1,0,1,13880692
61.0,0,2,2,2,83.61,4,2,1,1,3312.27,3578.74,0,0.0,0,0.0,83.61,1,1,4,10,1,126.0,115.15,-10.85,0.914,0,5.0,1,2,0,1,12792400
61.0,1,1,4,2,80.0,1,0,0,0,1599.68,3888.99,0,180.92,0,0.0,260.92,1,2,4,7,0,122.4,130.24,7.84,1.064,0,5.0,0,1,0,1,12571043
47.0,1,1,3,0,120.56,0,0,3,1,1679.15,5793.03,3,342.23,0,0.0,462.79,1,1,6,9,1,187.2,208.88,21.68,1.116,1,25.75,0,2,0,1,11166316
40.0,0,1,3,3,90.15,2,3,0,0,1952.43,4400.24,4,290.14,2,262.29,642.58,1,1,6,1,1,172.8,189.75,16.95,1.098,1,23.02,0,0,0,1,14778677
44.0,1,1,1,2,150.29,2,0,1,0,2494.31,1197.11,3,247.85,0,0.0,398.14,1,3,4,6,1,121.2,304.925,183.73,2.516,1,23.15,2,3,1,1,15586169
53.0,1,3,4,1,103.64,0,0,0,0,5805.06,1309.34,1,0.0,0,0.0,103.64,1,1,4,6,1,121.2,124.67,3.47,1.029,1,16.24,0,1,0,1,19264605
24.0,1,2,4,1,80.0,3,2,1,0,3658.18,1122.95,0,0.0,0,0.0,80.0,1,1,4,7,1,122.4,109.82,-12.58,0.897,1,20.56,0,0,0,1,11861004
49.0,0,0,1,3,80.0,4,0,2,0,3636.92,1589.47,2,0.0,0,0.0,80.0,1,1,4,5,1,120.0,100.76,-19.24,0.84,1,25.7,0,1,0,1,13986828
20.0,1,2,6,1,128.98,1,3,1,0,1347.65,4472.84,0,0.0,0,0.0,128.98,1,2,4,18,1,135.6,145.18,9.58,1.071,1,27.08,0,0,0,1,14002386
27.0,1,2,1,0,80.0,1,2,0,0,2344.29,1353.59,0,0.0,0,0.0,80.0,1,1,6,7,1,183.6,179.32,-4.28,0.977,0,5.0,0,0,0,1,16114556
46.0,1,3,6,3,80.0,1,2,0,0,1523.39,2900.81,4,0.0,1,66.48,146.48,1,2,4,15,0,132.0,125.89,-6.11,0.954,0,5.0,0,3,0,1,18327293
18.0,1,1,3,1,171.03,2,2,0,0,3453.18,956.01,2,226.33,0,0.0,397.36,1,1,6,8,0,185.4,432.875,247.48,2.335,0,5.0,2,5,1,1,11260421
33.0,1,1,3,1,80.0,2,0,0,0,2391.33,1698.36,1,471.6,0,0.0,551.6,1,1,4,15,0,132.0,143.6,11.6,1.088,1,11.67,1,2,0,1,10172165
25.0,0,0,6,1,80.0,2,0,2,1,5525.91,1932.15,0,0.0,0,0.0,80.0,1,1,6,6,1,181.8,177.42,-4.38,0.976,1,18.17,0,0,0,1,14767672
32.0,0,1,4,2,109.71,2,0,2,0,2788.43,7289.59,2,192.14,0,0.0,301.85,1,2,4,7,1,122.4,114.22,-8.18,0.933,1,30.89,0,1,0,1,12150081
18.0,1,2,8,1,80.0,1,2,2,0,2024.2,451.62,0,0.0,0,0.0,80.0,1,1,4,1,1,115.2,105.58,-9.62,0.916,1,29.57,0,1,0,1,19069629
18.0,0,2,2,1,104.97,0,2,2,0,5403.74,3074.08,0,0.0,0,0.0,104.97,1,1,8,4,1,247.5,231.37,-16.13,0.935,1,24.38,0,2,0,1,18298118
27.0,1,1,4,2,80.0,0,3,1,0,2951.57,5027.67,4,402.41,0,0.0,482.41,1,2,4,5,0,120.0,136.97,16.97,1.141,1,21.77,0,0,0,1,12751958
46.0,1,1,4,4,96.43,0,0,0,0,1702.55,1058.21,1,570.92,1,162.5,829.85,1,1,6,11,0,190.8,159.38,-31.42,0.835,1,21.16,0,1,0,1,16633403
33.0,1,0,5,1,87.54,4,0,0,1,1302.88,1146.37,3,0.0,0,0.0,87.54,1,2,4,7,0,122.4,122.85,0.45,1.004,1,19.96,0,0,0,1,13129761
35.0,0,2,6,4,80.0,4,1,0,1,2817.79,878.58,0,0.0,0,0.0,80.0,1,2,4,2,1,116.4,125.17,8.77,1.075,0,5.0,0,1,0,1,10794115
43.0,1,1,4,1,123.94,1,0,0,1,3755.61,4914.39,4,185.99,0,0.0,309.93,1,1,6,8,1,185.4,157.78,-27.62,0.851,1,29.42,0,1,0,1,11874035
24.0,0,2,4,2,80.0,2,2,0,0,3181.32,1351.07,0,0.0,0,0.0,80.0,1,1,4,14,1,130.8,306.575,175.77,2.344,1,15.34,2,4,1,1,13938987
38.0,1,1,4,3,94.71,2,0,0,0,2134.59,5831.12,0,303.96,0,0.0,398.67,1,1,4,17,0,134.4,128.02,-6.38,0.953,0,5.0,0,0,0,1,16393635
25.0,0,1,5,3,111.26,2,3,0,1,2980.16,4538.64,2,325.13,0,0.0,436.39,1,2,4,12,0,128.4,128.76,0.36,1.003,1,46.68,0,1,0,1,15858488
18.0,0,2,5,0,80.0,0,2,2,0,1841.34,3036.59,0,0.0,0,0.0,80.0,1,1,4,11,1,127.2,131.13,3.93,1.031,0,5.0,0,1,0,1,17963172
30.0,1,1,4,2,88.11,2,1,1,0,1927.68,2032.56,3,64.39,0,0.0,152.5,1,2,8,14,0,272.5,283.81,11.31,1.042,1,10.65,1,1,0,1,13160313
42.0,1,0,5,0,135.64,0,0,1,1,1165.59,1172.79,3,0.0,0,0.0,135.64,1,1,4,11,0,127.2,141.46,14.26,1.112,1,14.35,1,0,0,1,13288997
39.0,0,2,3,3,86.35,2,0,0,0,2568.42,3145.34,0,0.0,0,0.0,86.35,1,1,4,6,0,121.2,123.88,2.68,1.022,0,5.0,0,0,0,1,14427405
35.0,1,1,5,3,110.98,2,2,1,0,4127.55,1484.08,3,589.47,0,0.0,700.45,1,1,4,11,1,127.2,116.2,-11.0,0.914,1,27.36,0,1,0,1,15434944
64.0,0,2,6,1,81.87,2,0,1,0,2777.23,4147.52,0,0.0,0,0.0,81.87,1,1,8,10,1,262.5,264.97,2.47,1.009,0,5.0,0,1,0,1,16464232
40.0,1,1,2,2,109.61,0,2,1,1,2860.9,1197.56,1,307.24,1,72.66,489.51,1,1,4,5,1,120.0,121.26,1.26,1.01,0,5.0,1,0,0,1,16336691
47.0,0,2,4,0,80.0,2,2,1,0,6849.56,996.05,0,0.0,0,0.0,80.0,1,1,6,10,0,189.0,181.9,-7.1,0.962,0,5.0,0,0,0,1,18404546
62.0,1,2,4,0,91.11,2,0,0,1,7335.11,2849.65,0,0.0,0,0.0,91.11,1,1,4,3,1,117.6,109.72,-7.88,0.933,1,11.93,0,1,0,1,14071619
19.0,1,1,3,3,131.28,2,2,1,0,2228.53,1142.73,1,200.58,0,0.0,331.86,1,1,6,13,1,194.4,195.93,1.53,1.008,1,32.85,0,1,0,1,11905008
23.0,1,2,9,4,150.27,2,0,1,0,3246.21,614.23,0,0.0,0,0.0,150.27,1,1,4,7,1,122.4,139.84,17.44,1.142,0,5.0,0,0,0,1,16226148
56.0,1,2,5,1,82.33,1,0,0,0,9023.45,1773.04,0,0.0,0,0.0,82.33,1,2,4,10,1,126.0,107.79,-18.21,0.855,1,37.57,0,1,0,1,17795643
25.0,1,1,4,1,86.93,0,3,1,0,1611.49,5722.54,4,265.44,0,0.0,352.37,1,1,6,10,0,189.0,180.87,-8.13,0.957,1,36.13,0,1,0,1,19830656
35.0,1,2,2,0,86.17,1,1,0,1,1330.57,2916.02,0,0.0,0,0.0,86.17,1,2,6,10,1,189.0,240.38,51.38,1.272,0,5.0,0,2,0,1,19731269
48.0,0,1,2,1,124.27,2,3,0,0,2078.93,3245.77,2,178.86,1,102.64,405.77,1,1,4,13,1,129.6,120.57,-9.03,0.93,1,49.26,1,1,0,1,10235323
46.0,0,1,2,2,80.0,1,0,0,0,2392.69,1934.35,3,47.27,0,0.0,127.27,1,2,6,13,0,194.4,186.62,-7.78,0.96,1,15.82,1,2,0,1,17473675
56.0,0,0,5,0,146.35,4,0,1,0,6255.78,861.47,1,0.0,0,0.0,146.35,1,1,4,9,1,124.8,138.5,13.7,1.11,1,37.02,1,0,0,1,14741925
53.0,1,1,3,1,80.0,2,0,1,0,1878.79,9227.73,3,244.6,0,0.0,324.6,1,2,4,3,1,117.6,135.0,17.4,1.148,1,30.12,0,1,0,1,11016408
48.0,1,1,7,3,80.0,2,0,0,1,1743.52,4789.47,1,155.54,1,104.02,339.56,1,1,6,12,0,192.6,149.54,-43.06,0.776,1,25.92,0,1,0,1,12604868
26.0,0,1,5,1,133.22,2,0,0,0,14392.75,1330.58,1,390.07,0,0.0,523.29,1,1,6,1,0,172.8,191.14,18.34,1.106,1,9.32,1,1,0,1,13158021
45.0,0,1,6,3,89.48,0,2,0,1,2354.29,6378.28,3,368.3,1,96.35,554.13,1,2,4,9,1,124.8,129.32,4.52,1.036,1,26.94,0,0,0,1,10906463
39.0,0,2,7,0,92.0,0,0,1,0,3595.12,2384.18,0,0.0,0,0.0,92.0,1,1,6,13,1,194.4,168.24,-26.16,0.865,1,35.36,1,1,0,1,17640410
19.0,1,1,9,3,97.63,0,3,0,1,3561.69,2485.55,1,316.64,0,0.0,414.27,1,1,6,7,1,183.6,203.86,20.26,1.11,0,5.0,0,3,0,1,13687452
52.0,1,0,3,1,102.86,0,3,1,1,4649.41,2070.25,3,0.0,2,311.37,414.23,1,1,6,5,0,180.0,411.7000000000001,231.7,2.287,0,5.0,2,5,1,1,13969479
45.0,1,1,1,3,80.0,0,0,0,1,3181.14,1388.04,3,143.88,1,81.84,305.72,1,1,6,13,1,194.4,161.6,-32.8,0.831,1,23.34,0,2,0,1,14243095
36.0,1,1,1,1,83.55,2,1,0,0,1927.6,2283.31,2,170.13,1,68.56,322.24,1,2,6,5,1,180.0,196.01,16.01,1.089,1,33.4,1,0,0,1,14019005
32.0,0,1,5,4,142.11,1,0,1,0,3249.42,1183.61,3,417.63,0,0.0,559.74,1,1,4,5,1,120.0,100.13,-19.87,0.834,1,14.79,0,2,0,1,19540133
21.0,1,2,1,4,139.28,3,2,1,0,3893.25,501.01,0,0.0,0,0.0,139.28,1,3,4,8,1,123.6,120.0,-3.6,0.971,1,24.24,1,2,0,1,15993542
37.0,0,0,3,1,193.07,0,0,0,1,2874.85,2074.92,5,0.0,0,0.0,193.07,1,1,4,5,1,120.0,113.89,-6.11,0.949,1,22.99,1,1,0,1,13502130
41.0,0,1,3,1,157.34,3,0,0,0,2725.64,1405.23,1,288.29,0,0.0,445.63,1,1,6,12,1,192.6,215.2,22.6,1.117,0,5.0,3,1,0,1,16571115
25.0,1,1,1,4,120.75,2,0,1,0,5313.25,2686.94,3,243.91,0,0.0,364.66,1,1,6,8,1,185.4,190.94,5.54,1.03,1,13.58,0,0,0,1,17024008
49.0,0,2,1,1,128.23,0,3,0,0,1771.66,1479.94,0,0.0,0,0.0,128.23,1,1,6,1,1,172.8,128.09,-44.71,0.741,0,5.0,0,3,0,1,18740702
22.0,0,2,5,3,116.14,1,3,1,1,4392.45,1846.02,0,0.0,0,0.0,116.14,1,1,4,11,0,127.2,142.53,15.33,1.121,1,25.28,0,2,0,1,14448811
18.0,1,2,4,3,97.91,0,2,0,0,3468.91,12063.83,0,0.0,0,0.0,97.91,1,1,4,9,0,124.8,130.64,5.84,1.047,1,33.25,0,1,0,1,17810256
47.0,1,2,6,1,80.0,2,0,2,0,4354.85,3673.6,0,0.0,0,0.0,80.0,1,2,8,11,1,265.0,244.97,-20.03,0.924,1,31.89,0,0,0,1,15772519
30.0,0,1,6,3,104.67,4,3,0,0,2462.68,5875.76,1,435.48,0,0.0,540.15,1,1,4,9,1,124.8,127.22,2.42,1.019,1,32.1,0,2,0,1,15488307
33.0,1,2,5,3,80.0,1,0,1,0,4388.84,1560.01,0,0.0,0,0.0,80.0,1,2,4,11,1,127.2,123.43,-3.77,0.97,1,19.82,0,3,0,1,13693286
25.0,0,2,3,4,111.58,0,0,1,0,3596.58,2039.69,0,0.0,0,0.0,111.58,1,1,4,6,0,121.2,108.25,-12.95,0.893,0,5.0,0,1,0,1,14151338
18.0,1,2,6,3,132.04,4,2,1,0,2295.49,1164.31,0,0.0,0,0.0,132.04,1,1,8,5,1,250.0,300.18,50.18,1.201,1,24.35,0,1,0,1,10917806
50.0,1,1,3,4,80.0,0,3,0,0,1363.28,3086.93,1,140.57,0,0.0,220.57,1,1,6,6,1,181.8,174.3,-7.5,0.959,1,14.84,0,0,0,1,11266590
27.0,0,1,5,3,129.37,2,0,1,0,1010.99,1276.85,1,169.7,0,0.0,299.07,1,1,4,10,1,126.0,134.53,8.53,1.068,1,21.56,1,0,0,1,16133752
55.0,1,1,1,3,81.04,2,0,1,0,2805.14,5084.64,2,254.82,2,327.02,662.88,1,2,6,10,1,189.0,216.21,27.21,1.144,0,5.0,0,2,0,1,17485538
45.0,0,2,1,4,131.39,0,0,1,1,1975.19,11413.7,0,0.0,0,0.0,131.39,1,1,4,10,1,126.0,122.77,-3.23,0.974,1,31.79,0,3,0,1,10633799
31.0,1,1,3,2,127.31,2,0,0,0,2367.3,1412.49,0,500.53,0,0.0,627.84,1,1,4,15,1,132.0,146.79,14.79,1.112,0,5.0,0,2,0,1,14437549
22.0,1,2,8,4,80.0,2,2,0,1,2028.45,2163.79,0,0.0,0,0.0,80.0,1,2,4,2,1,116.4,120.82,4.42,1.038,1,19.75,0,4,0,1,10905516
26.0,1,2,5,3,80.0,1,1,0,0,2771.1,1840.8,0,0.0,0,0.0,80.0,1,1,8,9,0,260.0,255.19,-4.81,0.982,1,25.37,0,0,0,1,11248460
20.0,1,2,2,1,110.38,2,2,0,0,2842.97,4071.23,0,0.0,0,0.0,110.38,1,1,4,7,1,122.4,136.55,14.15,1.116,1,22.17,0,0,0,1,13796340
60.0,1,0,1,4,80.0,1,0,1,0,4811.67,2166.86,1,0.0,0,0.0,80.0,1,1,6,6,0,181.8,205.83,24.03,1.132,1,11.5,0,0,0,1,11693936
37.0,1,2,5,3,83.0,1,2,0,0,1922.8,8087.36,0,0.0,0,0.0,83.0,1,2,4,9,1,124.8,341.325,216.52,2.735,1,16.87,2,3,1,1,12485958
49.0,0,1,4,4,153.67,0,3,0,1,3811.23,2248.56,2,553.73,1,84.62,792.02,1,1,6,8,0,185.4,175.55,-9.85,0.947,0,5.0,0,1,0,1,18708661
20.0,1,2,3,1,132.1,0,3,0,1,1697.98,795.03,0,0.0,0,0.0,132.1,1,1,6,9,1,187.2,157.57,-29.63,0.842,1,29.36,1,1,0,1,19601397
37.0,1,2,1,2,161.12,1,3,1,0,772.76,2400.38,0,0.0,0,0.0,161.12,1,2,4,4,1,118.8,134.45,15.65,1.132,1,9.84,0,2,0,1,18503936
49.0,1,2,3,0,80.0,0,0,2,0,3704.79,1310.21,0,0.0,0,0.0,80.0,1,1,4,1,0,115.2,109.76,-5.44,0.953,1,18.89,0,1,0,1,18346268
31.0,1,2,6,1,80.0,1,0,0,0,1793.76,956.19,0,0.0,0,0.0,80.0,1,1,6,7,0,183.6,179.96,-3.64,0.98,0,5.0,0,3,0,1,10315530
47.0,0,1,4,1,111.71,0,2,0,1,5422.46,2198.45,1,272.8,0,0.0,384.51,1,1,4,6,0,121.2,309.225,188.03,2.551,1,14.51,2,4,1,1,15846295
22.0,1,1,2,1,80.0,2,2,1,0,2101.81,2974.59,0,200.09,0,0.0,280.09,1,1,6,9,1,187.2,176.25,-10.95,0.942,1,31.61,0,0,0,1,12797033
19.0,1,2,6,3,80.0,4,2,0,1,2482.09,2391.98,0,0.0,0,0.0,80.0,1,2,8,10,1,262.5,300.63,38.13,1.145,1,35.04,0,0,0,1,12712593
40.0,1,1,6,2,149.24,4,3,1,0,1412.04,764.82,7,209.79,2,292.5,651.53,1,2,8,7,1,255.0,260.46,5.46,1.021,0,5.0,0,1,0,1,14501979
30.0,1,1,8,4,134.6,0,1,1,0,4159.29,1323.36,1,573.31,0,0.0,707.91,1,1,4,8,1,123.6,127.37,3.77,1.031,0,5.0,1,3,0,1,16379365
43.0,1,2,3,1,81.48,0,0,2,0,4088.43,2637.6,0,0.0,0,0.0,81.48,1,1,4,16,0,133.2,130.77,-2.43,0.982,0,5.0,1,1,0,1,12739436
18.0,1,1,5,2,112.85,2,2,0,0,3536.0,1437.81,4,135.09,0,0.0,247.94,1,1,6,4,0,178.2,210.18,31.98,1.179,1,32.44,0,0,0,1,11775748
44.0,0,3,5,1,163.21,3,0,3,0,4146.42,6274.14,3,0.0,0,0.0,163.21,1,1,6,18,0,203.4,193.72,-9.68,0.952,1,19.01,0,2,0,1,11703954
66.0,0,2,3,0,80.0,1,0,0,1,1575.22,2607.41,0,0.0,0,0.0,80.0,1,2,6,18,1,203.4,208.72,5.32,1.026,1,15.12,0,1,0,1,16873531
35.0,0,3,2,3,154.01,0,2,2,0,3289.1,559.11,2,0.0,0,0.0,154.01,1,1,4,12,0,128.4,122.7,-5.7,0.956,0,5.0,0,0,0,1,13640396
35.0,0,1,5,2,80.0,0,3,1,0,1953.65,2023.33,1,312.67,0,0.0,392.67,1,2,4,13,1,129.6,127.23,-2.37,0.982,1,25.11,0,0,0,1,16310233
37.0,1,1,5,1,80.0,2,0,0,0,5696.43,1232.4,4,161.44,1,74.06,315.5,1,1,4,1,0,115.2,122.3,7.1,1.062,1,24.67,1,0,0,1,17283465
18.0,1,2,6,1,98.25,1,2,0,0,2346.71,2137.46,0,0.0,0,0.0,98.25,1,2,6,5,0,180.0,203.75,23.75,1.132,1,33.34,0,0,0,1,18069118
40.0,1,2,7,0,80.0,4,1,3,0,4278.18,3596.82,0,0.0,0,0.0,80.0,1,1,4,10,0,126.0,160.38,34.38,1.273,0,5.0,0,0,0,1,15253837
18.0,0,2,8,3,85.96,0,2,1,0,4022.41,533.51,0,0.0,0,0.0,85.96,1,2,4,6,1,121.2,115.56,-5.64,0.953,1,22.49,0,1,0,1,15090413
30.0,0,1,2,2,80.0,0,0,1,0,1538.53,914.95,2,434.22,0,0.0,514.22,1,1,4,8,0,123.6,121.94,-1.66,0.987,1,22.11,0,1,0,1,19524137
50.0,0,2,6,3,133.02,0,0,1,1,1736.43,1501.91,0,0.0,0,0.0,133.02,1,2,4,2,0,116.4,128.63,12.23,1.105,0,5.0,1,0,0,1,17956034
26.0,1,1,7,1,80.0,2,2,3,0,2996.18,2846.74,2,135.56,0,0.0,215.56,1,3,6,6,1,181.8,183.06,1.26,1.007,1,5.0,0,0,0,1,16115697
41.0,1,1,4,1,80.0,2,0,0,0,5350.96,5439.63,5,338.62,1,177.15,595.77,1,2,4,1,1,115.2,131.93,16.73,1.145,1,28.84,0,1,0,1,17124171
47.0,0,1,4,3,85.16,0,2,1,1,3059.66,4738.05,1,168.91,0,0.0,254.07,1,3,8,6,1,252.5,279.88,27.38,1.108,1,20.13,1,0,0,1,15035745
38.0,1,1,5,1,198.12,0,3,1,1,4797.1,789.61,0,215.81,0,0.0,413.93,1,1,6,13,0,194.4,194.8,0.4,1.002,0,5.0,0,1,0,1,10119772
19.0,1,2,5,1,80.0,2,0,0,1,2625.77,2757.5,0,0.0,0,0.0,80.0,1,1,6,5,1,180.0,207.51,27.51,1.153,1,28.5,1,0,0,1,17309831
31.0,0,0,5,1,97.15,4,0,3,0,2471.56,2531.16,4,0.0,0,0.0,97.15,1,3,6,9,0,187.2,197.44,10.24,1.055,0,5.0,1,1,0,1,17667373
59.0,0,2,3,0,80.0,2,1,0,1,4731.31,1787.84,0,0.0,0,0.0,80.0,1,1,4,14,1,130.8,139.29,8.49,1.065,1,30.57,0,0,0,1,14586463
18.0,0,2,4,1,80.0,0,2,0,1,4334.41,3104.85,0,0.0,0,0.0,80.0,1,1,4,1,1,115.2,128.52,13.32,1.116,0,5.0,1,0,0,1,17500941
32.0,1,3,4,2,80.0,2,0,2,0,1832.6,1217.28,2,0.0,0,0.0,80.0,1,1,4,10,1,126.0,136.04,10.04,1.08,1,23.42,0,1,0,1,14396189
28.0,1,2,7,2,127.85,2,2,2,0,4665.36,1603.88,0,0.0,0,0.0,127.85,1,1,4,9,1,124.8,106.48,-18.32,0.853,1,30.83,0,1,0,1,12347261
36.0,1,1,9,1,151.83,0,0,0,1,4688.47,4900.7,1,200.28,0,0.0,352.11,1,1,4,7,1,122.4,115.8,-6.6,0.946,1,35.9,0,0,0,1,11720983
44.0,1,1,2,0,94.5,2,0,0,0,1519.99,3102.83,1,330.74,1,85.72,510.96,1,1,8,13,1,270.0,219.58,-50.42,0.813,1,35.11,0,0,0,1,14069451
54.0,1,1,5,1,83.05,2,0,0,0,4147.41,332.36,2,248.09,0,0.0,331.14,1,1,6,14,1,196.2,181.41,-14.79,0.925,1,14.87,0,1,0,1,11140039
32.0,1,3,2,0,113.21,0,0,0,1,2882.47,2103.68,0,0.0,0,0.0,113.21,1,2,8,9,1,260.0,315.16,55.16,1.212,1,29.45,0,0,0,1,14805059
45.0,1,1,5,1,80.0,2,1,0,0,5682.45,972.84,3,729.3,2,321.97,1131.27,1,1,4,8,1,123.6,115.44,-8.16,0.934,1,10.15,0,3,0,1,10973045
41.0,0,1,5,1,84.74,3,0,0,0,9128.09,6447.68,1,186.62,0,0.0,271.36,1,1,4,8,1,123.6,139.72,16.12,1.13,1,22.86,0,0,0,1,17220838
41.0,0,0,4,3,122.23,2,0,3,1,5666.25,3957.5,2,0.0,1,71.55,193.78,1,1,4,11,0,127.2,129.9,2.7,1.021,0,5.0,0,0,0,1,16789362
28.0,1,0,3,4,80.0,1,3,0,0,1681.28,1654.89,3,0.0,0,0.0,80.0,1,1,4,12,1,128.4,96.03,-32.37,0.748,1,34.41,0,0,0,1,14249016
23.0,0,2,7,2,80.0,1,2,0,1,931.14,4020.31,0,0.0,0,0.0,80.0,1,1,4,13,1,129.6,137.53,7.93,1.061,0,5.0,0,0,0,1,13661512
22.0,0,1,2,4,81.85,0,2,0,0,2117.84,1334.33,1,187.34,0,0.0,269.19,1,1,4,12,1,128.4,160.98,32.58,1.254,0,5.0,0,3,0,1,16524731
26.0,0,1,2,4,110.5,0,2,1,0,6631.21,3808.03,0,145.91,0,0.0,256.41,1,1,6,9,0,187.2,159.09,-28.11,0.85,1,14.8,0,0,0,1,15768171
39.0,0,0,1,0,80.0,2,2,2,1,4472.59,2513.46,2,0.0,0,0.0,80.0,1,1,4,5,1,120.0,105.58,-14.42,0.88,1,12.88,0,3,0,1,12221474
44.0,0,2,9,2,80.0,2,2,0,0,1834.93,3367.12,0,0.0,0,0.0,80.0,1,1,4,8,1,123.6,132.7,9.1,1.074,1,9.51,0,0,0,1,11215439
39.0,0,1,4,2,80.0,1,0,2,1,3131.52,708.31,1,181.39,0,0.0,261.39,1,1,4,10,1,126.0,147.61,21.61,1.172,0,5.0,0,0,0,1,16510396
28.0,0,1,2,0,80.0,2,2,1,0,3923.52,2523.03,3,408.98,0,0.0,488.98,1,3,4,10,1,126.0,129.46,3.46,1.027,1,33.81,0,0,0,1,18231007
57.0,1,1,7,1,122.69,0,0,0,0,2428.91,1149.24,0,385.67,0,0.0,508.36,1,1,4,12,0,128.4,131.03,2.63,1.02,0,5.0,1,0,0,1,15501399
53.0,0,1,5,4,110.29,1,0,1,0,3363.91,1448.76,4,273.29,0,0.0,383.58,1,1,4,2,1,116.4,111.22,-5.18,0.955,1,27.32,0,2,0,1,14807716
31.0,0,2,3,1,129.93,1,0,1,0,1335.56,1612.29,0,0.0,0,0.0,129.93,1,1,4,14,1,130.8,143.73,12.93,1.099,1,22.19,0,2,0,1,13793749
25.0,1,2,1,0,82.4,2,2,0,0,1060.63,1636.73,0,0.0,0,0.0,82.4,1,1,4,4,1,118.8,137.64,18.84,1.159,1,17.76,0,2,0,1,11031283
37.0,0,1,2,4,82.67,2,0,1,0,2649.4,1444.09,4,122.27,2,204.06,409.0,1,1,6,20,1,207.0,218.51,11.51,1.056,1,7.64,2,2,0,1,18085714
50.0,1,1,7,1,83.83,0,1,2,1,3822.93,2094.36,3,165.51,2,186.07,435.41,1,1,4,12,1,128.4,130.86,2.46,1.019,0,5.0,0,2,0,1,16842859
39.0,0,1,4,1,80.0,2,3,0,1,1910.42,2345.47,6,181.13,0,0.0,261.13,1,1,4,15,0,132.0,109.53,-22.47,0.83,0,5.0,0,2,0,1,10151358
42.0,0,1,6,1,204.09,0,3,2,0,2202.99,1155.95,5,289.97,2,180.09,674.15,1,1,4,1,1,115.2,140.83,25.63,1.222,1,40.36,0,1,0,1,11786605
32.0,1,2,4,1,107.34,1,0,3,1,5042.27,1562.34,0,0.0,0,0.0,107.34,1,2,4,7,1,122.4,88.99,-33.41,0.727,1,25.24,1,1,0,1,11761102
40.0,1,1,1,3,80.0,3,2,0,0,1840.75,2240.63,2,635.54,0,0.0,715.54,1,2,4,6,1,121.2,107.63,-13.57,0.888,1,27.42,0,1,0,1,16719943
54.0,0,2,4,3,80.42,2,2,0,0,4728.32,5166.76,0,0.0,0,0.0,80.42,1,2,6,9,0,187.2,181.9,-5.3,0.972,1,29.62,0,0,0,1,15300748
32.0,1,1,3,2,130.86,2,0,0,0,5261.88,1422.85,2,204.63,0,0.0,335.49,1,1,4,9,1,124.8,114.74,-10.06,0.919,1,25.92,0,2,0,1,16075396
37.0,0,1,3,4,80.0,0,0,1,1,2665.37,4444.5,2,280.39,0,0.0,360.39,1,1,8,1,0,240.0,223.4,-16.6,0.931,1,23.74,0,2,0,1,17152614
38.0,1,1,4,1,80.0,2,0,0,0,2609.6,917.89,3,224.99,1,57.65,362.64,1,1,4,2,0,116.4,111.93,-4.47,0.962,1,15.76,0,0,0,1,13237084
38.0,0,1,4,3,140.02,1,0,3,1,1493.55,1142.02,1,323.36,0,0.0,463.38,1,1,8,13,1,270.0,235.57,-34.43,0.872,1,33.56,0,0,0,1,15328747
18.0,1,2,3,2,117.24,2,2,1,1,4097.94,2539.72,0,0.0,0,0.0,117.24,1,1,6,6,1,181.8,198.14,16.34,1.09,1,16.48,0,2,0,1,14910058
18.0,0,2,6,3,80.0,2,2,1,0,2171.62,2936.91,0,0.0,0,0.0,80.0,1,2,6,1,0,172.8,199.85,27.05,1.157,1,38.42,0,1,0,1,12178634
23.0,0,2,4,1,128.97,3,3,0,0,2206.98,1038.32,0,0.0,0,0.0,128.97,1,1,8,6,0,252.5,233.96,-18.54,0.927,1,28.03,1,0,0,1,17337637
37.0,0,2,4,3,85.24,2,3,0,0,1422.06,920.45,0,0.0,0,0.0,85.24,1,1,4,1,1,115.2,129.27,14.07,1.122,1,26.88,0,0,0,1,12128114
42.0,1,1,4,1,80.0,2,0,0,0,5500.69,7671.93,1,557.5,1,142.18,779.68,1,1,8,4,1,247.5,217.86,-29.64,0.88,1,37.15,0,2,0,1,15906075
29.0,0,2,3,4,80.97,3,0,2,1,3845.29,2242.24,0,0.0,0,0.0,80.97,1,1,6,3,1,176.4,177.88,1.48,1.008,1,23.45,0,0,0,1,13409463
52.0,1,2,4,4,149.6,4,0,1,1,2738.02,1152.98,0,0.0,0,0.0,149.6,1,1,4,6,0,121.2,138.26,17.06,1.141,1,12.2,1,1,0,1,15526499
33.0,1,2,5,3,110.29,0,0,0,1,3587.67,2939.66,0,0.0,0,0.0,110.29,1,1,8,9,1,260.0,283.7,23.7,1.091,0,5.0,1,2,0,1,17900140
35.0,1,2,4,3,88.96,0,0,2,1,2147.49,5201.23,0,0.0,0,0.0,88.96,1,1,4,13,1,129.6,120.25,-9.35,0.928,1,24.08,1,0,0,1,11243465
33.0,1,1,1,1,80.0,0,0,2,0,4791.35,4756.89,4,253.31,0,0.0,333.31,1,1,4,1,1,115.2,79.97,-35.23,0.694,1,21.63,1,1,0,1,13240485
37.0,1,1,3,2,80.0,2,0,1,0,2699.73,787.75,2,192.85,0,0.0,272.85,1,2,4,16,1,133.2,139.48,6.28,1.047,1,24.92,0,0,0,1,10262563
43.0,1,1,3,2,125.39,4,2,0,0,2548.33,1239.84,1,127.1,0,0.0,252.49,1,1,4,8,0,123.6,130.49,6.89,1.056,0,5.0,0,0,0,1,19710623
43.0,1,2,5,0,130.69,1,0,0,1,2056.03,1157.18,0,0.0,0,0.0,130.69,1,2,4,7,1,122.4,114.04,-8.36,0.932,1,16.11,0,5,0,1,16747668
24.0,1,2,8,3,80.0,1,3,1,1,4218.11,2445.89,0,0.0,0,0.0,80.0,1,2,6,4,0,178.2,160.9,-17.3,0.903,1,15.48,0,1,0,1,11201021
53.0,0,1,3,1,80.0,4,1,2,1,4562.76,1939.42,3,250.18,0,0.0,330.18,1,1,6,15,0,198.0,189.68,-8.32,0.958,1,20.48,0,0,0,1,14791489
22.0,1,2,5,4,80.0,2,2,2,0,1933.37,877.02,0,0.0,0,0.0,80.0,1,1,4,15,1,132.0,158.03,26.03,1.197,1,28.77,1,1,0,1,17053479
36.0,1,0,3,1,80.0,2,0,0,1,4184.2,1242.48,0,0.0,0,0.0,80.0,1,2,4,2,1,116.4,138.32,21.92,1.188,1,25.8,0,1,0,1,11904787
32.0,1,1,2,2,118.33,0,3,0,1,3049.2,1292.3,3,346.32,1,151.46,616.11,1,2,4,9,0,124.8,135.11,10.31,1.083,0,5.0,0,0,0,1,18211424
22.0,0,2,3,2,80.0,1,2,3,0,1338.81,764.28,0,0.0,0,0.0,80.0,1,1,4,9,0,124.8,109.58,-15.22,0.878,1,30.4,0,1,0,1,14490274
34.0,0,2,8,2,80.0,2,1,2,0,7282.84,4886.22,0,0.0,0,0.0,80.0,1,1,8,7,1,255.0,264.04,9.04,1.035,1,37.92,0,1,0,1,11623587
26.0,1,2,1,2,127.27,4,0,1,1,3563.53,1754.89,0,0.0,0,0.0,127.27,1,1,8,5,0,250.0,238.45,-11.55,0.954,1,34.55,1,0,0,1,12260848
36.0,1,2,5,4,131.37,2,3,1,0,2204.28,1486.09,0,0.0,0,0.0,131.37,1,1,4,4,1,118.8,125.13,6.33,1.053,0,5.0,0,1,0,1,11294902
40.0,1,2,6,0,80.0,1,0,0,0,1262.82,5293.66,0,0.0,0,0.0,80.0,1,1,4,12,0,128.4,122.1,-6.3,0.951,1,11.74,1,0,0,1,10715665
53.0,1,1,4,1,117.37,0,1,0,0,2208.43,757.75,4,141.85,1,128.09,387.31,1,1,6,9,1,187.2,176.5,-10.7,0.943,1,21.82,1,1,0,1,12304065
39.0,1,2,5,1,80.0,2,0,0,0,2913.8,2937.47,0,0.0,0,0.0,80.0,1,1,4,5,0,120.0,142.97,22.97,1.191,0,5.0,0,0,0,1,15428126
28.0,1,2,4,1,117.25,2,0,0,0,2774.13,5588.26,0,0.0,0,0.0,117.25,1,2,4,13,0,129.6,136.11,6.51,1.05,0,5.0,0,1,0,1,16005965
30.0,1,1,5,0,121.24,0,0,0,0,3918.47,3366.43,2,181.39,0,0.0,302.63,1,2,4,9,1,124.8,135.34,10.54,1.084,1,20.31,0,2,0,1,16846133
37.0,1,2,2,1,97.63,2,1,0,0,2805.27,9218.86,0,0.0,0,0.0,97.63,1,2,4,11,1,127.2,117.88,-9.32,0.927,0,5.0,0,0,0,1,15056047
36.0,1,2,5,2,80.0,4,2,0,0,1551.2,1425.6,0,0.0,0,0.0,80.0,1,1,4,7,1,122.4,138.46,16.06,1.131,0,5.0,0,1,0,1,18243591
53.0,1,1,2,0,80.0,0,0,3,1,2721.49,1576.09,0,395.24,0,0.0,475.24,1,1,4,10,0,126.0,101.53,-24.47,0.806,1,20.37,0,1,0,1,12345469
52.0,0,1,1,2,154.51,4,3,0,0,3144.03,2086.05,4,684.29,0,0.0,838.8,1,2,4,8,1,123.6,131.06,7.46,1.06,1,30.58,0,2,0,1,11432126
31.0,1,2,3,3,80.0,0,3,0,0,4949.57,2317.82,0,0.0,0,0.0,80.0,1,1,6,7,1,183.6,173.11,-10.49,0.943,0,5.0,0,0,0,1,11184284
28.0,0,1,7,4,80.0,2,3,0,0,3044.88,1139.43,0,227.8,0,0.0,307.8,1,1,4,19,1,136.8,156.26,19.46,1.142,1,22.93,1,3,0,1,13735925
18.0,0,2,4,2,80.0,1,2,1,0,2166.75,3413.43,0,0.0,0,0.0,80.0,1,3,4,10,1,126.0,122.72,-3.28,0.974,0,5.0,1,0,0,1,18517281
28.0,1,1,5,1,91.46,3,0,1,1,2945.0,1377.99,2,172.64,0,0.0,264.1,1,2,4,6,0,121.2,130.52,9.32,1.077,0,5.0,0,2,0,1,10726699
23.0,0,1,4,2,113.94,2,2,0,0,1604.35,1339.6,1,512.32,0,0.0,626.26,1,1,4,12,0,128.4,134.31,5.91,1.046,1,14.51,1,0,0,1,16888563
31.0,1,1,2,4,109.29,0,0,0,0,2949.67,727.01,3,413.88,0,0.0,523.17,1,1,8,5,1,250.0,237.4,-12.6,0.95,0,5.0,1,0,0,1,15900007
40.0,0,2,3,3,99.56,2,0,1,1,3042.7,5699.4,0,0.0,0,0.0,99.56,1,1,4,12,1,128.4,138.37,9.97,1.078,1,35.1,1,0,0,1,16811820
37.0,1,1,3,2,80.76,0,0,2,0,4823.89,2665.66,0,265.93,0,0.0,346.69,1,1,4,3,1,117.6,132.21,14.61,1.124,0,5.0,0,1,0,1,13975033
35.0,0,2,1,1,80.0,0,0,1,0,7362.85,1592.92,0,0.0,0,0.0,80.0,1,2,6,16,1,199.8,205.53,5.73,1.029,0,5.0,0,1,0,1,15471215
37.0,0,1,6,3,134.67,2,0,0,1,3721.63,733.07,2,215.26,1,74.02,423.95,1,1,4,1,1,115.2,114.26,-0.94,0.992,0,5.0,0,1,0,1,19153924
33.0,1,2,5,2,107.3,1,0,1,1,3232.06,5565.8,0,0.0,0,0.0,107.3,1,2,8,9,1,260.0,332.77,72.77,1.28,1,6.68,0,0,0,1,10922863
37.0,0,1,4,3,122.01,0,0,0,0,3182.42,1482.92,3,219.26,0,0.0,341.27,1,1,4,8,1,123.6,129.09,5.49,1.044,0,5.0,1,1,0,1,13470675
18.0,1,2,1,1,80.13,0,3,0,0,3151.68,1584.87,0,0.0,0,0.0,80.13,1,1,8,11,1,265.0,275.62,10.62,1.04,1,24.09,1,1,0,1,19636732
32.0,0,2,3,4,122.71,4,1,0,1,2269.88,2059.58,0,0.0,0,0.0,122.71,1,1,6,13,1,194.4,207.03,12.63,1.065,1,17.4,0,0,0,1,15087740
34.0,0,1,4,0,80.0,2,0,0,0,3919.94,4333.89,2,125.3,0,0.0,205.3,1,1,6,2,1,174.6,164.94,-9.66,0.945,1,32.78,0,2,0,1,19688872
31.0,0,1,3,3,138.52,1,2,1,0,2829.72,3869.59,1,335.1,0,0.0,473.62,1,1,6,7,1,183.6,187.1,3.5,1.019,1,14.31,0,0,0,1,17218976
32.0,1,1,5,1,81.01,1,0,1,0,2402.18,1764.81,1,269.16,0,0.0,350.17,1,1,4,10,1,126.0,150.82,24.82,1.197,1,26.39,1,0,0,1,13191023
43.0,0,1,3,2,80.0,0,1,2,0,4129.66,3783.93,4,207.54,2,163.17,450.71,1,2,4,6,1,121.2,100.12,-21.08,0.826,1,28.13,2,1,0,1,19800715
28.0,1,2,5,0,80.0,0,0,1,0,2043.85,2499.32,0,0.0,0,0.0,80.0,1,1,6,9,0,187.2,175.19,-12.01,0.936,1,23.82,0,0,0,1,17358584
61.0,0,1,5,1,80.0,1,0,0,0,4003.7,878.97,5,135.57,1,79.53,295.1,1,3,8,8,0,257.5,676.5250000000001,419.03,2.627,0,5.0,3,3,1,1,17549771
43.0,0,2,1,4,90.75,2,2,1,0,1737.74,1200.74,0,0.0,0,0.0,90.75,1,1,6,6,1,181.8,173.78,-8.02,0.956,1,46.84,0,2,0,1,13977726
35.0,1,2,4,1,99.93,0,0,1,1,1799.69,1880.86,0,0.0,0,0.0,99.93,1,1,6,5,1,180.0,170.98,-9.02,0.95,1,38.35,0,1,0,1,12925545
33.0,0,2,6,1,162.32,1,3,1,0,1937.89,1438.82,0,0.0,0,0.0,162.32,1,1,4,8,1,123.6,127.18,3.58,1.029,1,38.79,0,2,0,1,10034115
34.0,1,1,2,0,91.6,3,0,0,0,1822.42,2108.96,5,238.92,1,191.02,521.54,1,1,6,14,1,196.2,212.58,16.38,1.083,1,9.69,1,0,0,1,10215948
24.0,1,2,6,2,80.0,2,3,1,1,3443.52,1981.1,0,0.0,0,0.0,80.0,1,1,6,3,1,176.4,169.74,-6.66,0.962,1,19.72,0,0,0,1,16045298
34.0,0,1,6,1,191.75,3,0,0,1,4873.26,16472.38,1,197.84,0,0.0,389.59,1,2,4,10,1,126.0,110.62,-15.38,0.878,1,35.45,1,0,0,1,18944320
38.0,0,1,6,2,88.1,3,0,1,0,2262.31,1576.82,1,244.57,0,0.0,332.67,1,1,6,5,0,180.0,177.99,-2.01,0.989,1,15.73,0,1,0,1,17200408
42.0,1,1,5,3,82.88,1,1,0,0,4100.93,3709.16,1,117.51,1,63.47,263.86,1,1,4,6,1,121.2,111.8,-9.4,0.922,0,5.0,0,1,0,1,19847473
42.0,1,2,6,3,80.0,2,0,0,0,632.22,1204.93,0,0.0,0,0.0,80.0,1,1,6,7,0,183.6,178.68,-4.92,0.973,0,5.0,0,2,0,1,15145143
32.0,0,0,9,3,80.0,2,0,0,0,1287.43,2463.55,2,0.0,0,0.0,80.0,1,1,6,1,0,172.8,173.83,1.03,1.006,1,26.39,0,1,0,1,17342811
18.0,0,2,5,1,145.02,1,2,2,1,2543.65,945.0,0,0.0,0,0.0,145.02,1,1,8,6,1,252.5,262.15,9.65,1.038,1,36.01,1,1,0,1,15758490
27.0,0,0,5,1,80.0,4,1,0,1,2726.82,3218.21,2,0.0,0,0.0,80.0,1,1,4,8,1,123.6,126.88,3.28,1.027,0,5.0,1,0,0,1,13307774
54.0,1,2,4,1,135.37,2,0,0,0,7213.16,1431.87,0,0.0,0,0.0,135.37,1,2,4,1,0,115.2,130.06,14.86,1.129,1,15.14,0,2,0,1,14711676
46.0,1,2,3,1,80.0,1,0,1,0,3586.16,1428.13,0,0.0,0,0.0,80.0,1,2,4,9,1,124.8,139.55,14.75,1.118,0,5.0,1,3,0,1,10395904
39.0,1,1,6,4,116.14,0,3,0,1,4904.68,1763.59,1,259.85,0,0.0,375.99,1,1,6,8,0,185.4,181.71,-3.69,0.98,0,5.0,0,1,0,1,16839777
26.0,1,1,4,3,80.0,2,2,0,0,3894.01,1120.38,2,359.67,0,0.0,439.67,1,1,6,12,1,192.6,187.22,-5.38,0.972,1,13.5,0,0,0,1,17047582
35.0,1,1,2,1,104.54,0,0,1,1,5327.6,9241.31,4,229.57,0,0.0,334.11,1,1,6,11,1,190.8,182.61,-8.19,0.957,1,11.5,0,2,0,1,17724985
20.0,0,2,4,4,89.56,0,3,1,0,3263.55,5440.12,0,0.0,0,0.0,89.56,1,1,4,3,1,117.6,113.55,-4.05,0.966,1,19.29,0,2,0,1,18498303
28.0,0,1,3,4,91.52,0,1,1,0,2271.38,4554.93,2,140.6,0,0.0,232.12,1,2,6,10,1,189.0,198.18,9.18,1.049,1,20.84,0,0,0,1,15276602
32.0,0,2,3,3,146.4,1,3,1,0,3068.22,6184.75,0,0.0,0,0.0,146.4,1,2,6,8,0,185.4,208.46,23.06,1.124,0,5.0,0,1,0,1,15563987
31.0,0,1,2,3,90.65,2,0,2,0,2728.79,1845.21,2,133.02,0,0.0,223.67,1,1,4,7,0,122.4,129.06,6.66,1.054,0,5.0,0,1,0,1,12839597
46.0,0,1,6,3,80.0,0,0,1,0,2593.69,5510.81,2,283.95,0,0.0,363.95,1,2,4,5,1,120.0,105.29,-14.71,0.877,0,5.0,0,3,0,1,13747909
18.0,1,2,3,3,80.0,1,3,2,0,2977.92,1680.3,0,0.0,0,0.0,80.0,1,3,6,4,0,178.2,171.4,-6.8,0.962,0,5.0,1,1,0,1,15457339
25.0,0,1,2,1,80.0,2,2,0,0,5098.2,822.83,1,282.79,0,0.0,362.79,1,1,4,9,1,124.8,133.01,8.21,1.066,0,5.0,2,1,0,1,12402488
19.0,0,2,2,2,118.99,0,2,1,0,6817.56,297.68,0,0.0,0,0.0,118.99,1,1,8,6,1,252.5,268.56,16.06,1.064,1,20.25,0,3,0,1,18216201
20.0,0,2,5,1,117.16,0,2,0,0,6129.15,13311.08,0,0.0,0,0.0,117.16,1,1,6,6,1,181.8,162.48,-19.32,0.894,1,23.15,0,0,0,1,19250454
36.0,0,1,5,2,125.86,2,3,0,0,9258.68,1548.1,3,151.84,1,67.02,344.72,1,1,6,2,1,174.6,166.27,-8.33,0.952,1,26.22,2,2,0,1,15057917
18.0,1,1,4,3,108.54,1,0,1,1,3235.81,1395.21,2,275.0,0,0.0,383.54,1,2,4,11,1,127.2,138.58,11.38,1.089,1,27.52,1,0,0,1,15622696
44.0,0,1,2,4,107.43,0,3,0,0,3351.88,740.15,1,481.17,0,0.0,588.6,1,2,4,5,1,120.0,134.36,14.36,1.12,1,18.97,0,1,0,1,18652352
32.0,1,0,3,3,80.0,2,0,2,0,4134.43,5709.74,0,0.0,0,0.0,80.0,1,1,4,11,0,127.2,125.11,-2.09,0.984,0,5.0,1,1,0,1,19549599
36.0,1,1,1,3,115.67,1,0,0,1,2045.95,1772.5,1,281.84,0,0.0,397.51,1,2,4,13,0,129.6,111.7,-17.9,0.862,1,21.02,0,0,0,1,10466120
39.0,0,2,5,1,157.42,1,3,0,0,1486.05,2957.22,0,0.0,0,0.0,157.42,1,1,4,6,1,121.2,109.23,-11.97,0.901,1,28.01,1,0,0,1,12211727
30.0,0,1,5,0,84.34,0,0,0,0,1945.29,2213.95,0,342.02,0,0.0,426.36,1,1,4,14,1,130.8,143.31,12.51,1.096,1,30.66,0,1,0,1,19136759
47.0,1,2,3,2,119.64,1,2,2,0,1291.92,2631.51,0,0.0,0,0.0,119.64,1,1,6,15,0,198.0,465.575,267.58,2.351,1,36.9,4,3,1,1,15997940
33.0,1,1,3,3,80.0,1,0,0,0,3351.29,3103.97,0,319.79,0,0.0,399.79,1,1,6,9,0,187.2,188.38,1.18,1.006,1,31.99,1,0,0,1,11902132
42.0,1,1,1,2,137.25,2,0,1,0,2362.78,2367.05,1,290.72,0,0.0,427.97,1,2,6,13,1,194.4,165.07,-29.33,0.849,1,32.99,0,2,0,1,11934661
33.0,1,1,3,4,120.01,2,0,0,0,4143.65,2297.1,2,432.15,0,0.0,552.16,1,1,4,4,1,118.8,112.12,-6.68,0.944,1,29.99,0,1,0,1,10882479
38.0,0,2,4,0,95.9,1,0,3,0,5499.87,1747.02,0,0.0,0,0.0,95.9,1,1,8,18,1,282.5,316.05,33.55,1.119,1,30.26,0,0,0,1,17459107
38.0,0,2,8,1,80.0,2,0,1,0,1854.98,2177.08,0,0.0,0,0.0,80.0,1,1,4,12,1,128.4,135.15,6.75,1.053,1,22.13,0,1,0,1,15460235
38.0,1,1,1,0,105.86,0,2,0,0,3606.13,2614.1,3,158.33,1,72.09,336.28,1,1,4,6,1,121.2,130.11,8.91,1.074,1,11.45,0,0,0,1,15619695
23.0,1,2,5,1,164.56,0,3,1,0,2798.06,2144.66,0,0.0,0,0.0,164.56,1,1,4,11,1,127.2,134.47,7.27,1.057,1,20.06,0,0,0,1,10941952
40.0,1,1,5,1,95.75,2,0,1,0,2538.55,846.65,0,157.12,0,0.0,252.87,1,1,4,7,1,122.4,124.21,1.81,1.015,1,24.97,0,2,0,1,11195552
31.0,1,1,4,4,193.2,0,0,0,1,1976.92,2212.34,0,189.34,0,0.0,382.54,1,1,4,5,1,120.0,121.37,1.37,1.011,0,5.0,1,1,0,1,17443518
43.0,1,0,3,0,80.0,3,0,0,0,4056.05,3903.99,0,0.0,0,0.0,80.0,1,1,4,5,0,120.0,124.03,4.03,1.034,0,5.0,0,3,0,1,12922623
18.0,1,2,2,4,80.0,0,2,2,0,2572.99,1228.57,0,0.0,0,0.0,80.0,1,1,4,17,1,134.4,114.99,-19.41,0.856,1,30.67,1,0,0,1,14689652
18.0,1,2,3,2,80.0,1,2,2,0,3577.37,880.93,0,0.0,0,0.0,80.0,1,1,6,13,0,194.4,188.39,-6.01,0.969,1,34.94,0,0,0,1,12601437
39.0,0,2,3,0,90.76,0,0,2,0,3206.63,4135.83,0,0.0,0,0.0,90.76,1,1,6,5,1,180.0,192.87,12.87,1.072,1,21.54,0,0,0,1,15978233
57.0,1,1,3,1,131.97,2,3,1,0,2565.1,1533.61,1,346.63,0,0.0,478.6,1,2,4,6,1,121.2,117.21,-3.99,0.967,1,20.42,0,2,0,1,12547124
45.0,1,2,8,0,80.0,1,0,2,0,6763.84,777.19,0,0.0,0,0.0,80.0,1,1,6,8,0,185.4,180.1,-5.3,0.971,1,30.42,1,2,0,1,16462995
27.0,0,1,3,1,90.95,4,0,0,0,4556.91,1494.67,2,157.05,0,0.0,248.0,1,1,8,4,0,247.5,233.0,-14.5,0.941,1,29.84,0,2,0,1,13173043
18.0,1,2,1,0,115.95,2,2,0,1,1328.15,1649.68,0,0.0,0,0.0,115.95,1,2,4,6,0,121.2,136.81,15.61,1.129,0,5.0,0,1,0,1,10525460
44.0,0,2,1,3,96.46,2,0,3,1,4301.24,1940.03,0,0.0,0,0.0,96.46,1,1,4,10,0,126.0,130.5,4.5,1.036,0,5.0,0,0,0,1,16525950
34.0,0,1,3,3,93.48,2,0,2,1,1618.02,1078.67,1,176.89,0,0.0,270.37,1,1,4,13,1,129.6,136.76,7.16,1.055,1,20.03,1,0,0,1,14259123
42.0,1,2,6,1,87.14,2,2,2,0,4075.41,3421.02,0,0.0,0,0.0,87.14,1,1,8,7,1,255.0,273.56,18.56,1.073,1,35.2,0,0,0,1,10877274
36.0,0,2,4,3,154.67,1,2,1,0,3995.21,1598.9,0,0.0,0,0.0,154.67,1,3,8,1,1,240.0,291.83,51.83,1.216,0,5.0,0,1,0,1,19486379
35.0,1,2,6,3,80.0,0,0,0,0,2498.59,1253.02,0,0.0,0,0.0,80.0,1,1,6,12,1,192.6,215.5,22.9,1.119,1,23.07,0,3,0,1,17641731
70.0,1,1,6,1,159.91,1,3,0,0,3095.38,2862.63,5,253.36,1,100.39,513.66,1,1,6,18,0,203.4,186.14,-17.26,0.915,1,29.65,0,2,0,1,17309956
35.0,0,1,2,1,80.0,1,0,1,0,5646.96,812.19,1,298.28,0,0.0,378.28,1,1,4,4,1,118.8,103.2,-15.6,0.869,1,21.03,0,0,0,1,15368054
33.0,1,1,4,3,120.22,0,2,1,0,3127.85,4788.53,0,161.72,0,0.0,281.94,1,2,6,10,1,189.0,154.39,-34.61,0.817,1,14.05,1,0,0,1,13994215
34.0,1,2,3,3,115.73,1,2,0,1,3847.08,1204.33,0,0.0,0,0.0,115.73,1,1,4,11,1,127.2,129.44,2.24,1.018,1,23.24,0,1,0,1,17242154
28.0,0,2,2,1,90.11,0,0,0,0,6706.42,2292.95,0,0.0,0,0.0,90.11,1,1,6,5,1,180.0,159.76,-20.24,0.888,0,5.0,0,1,0,1,13035860
47.0,0,1,6,3,92.6,4,2,0,0,1903.68,3636.24,1,458.9,0,0.0,551.5,1,2,4,11,0,127.2,136.7,9.5,1.075,1,15.98,1,0,0,1,13954461
31.0,0,2,2,1,110.76,4,0,1,1,1857.36,3916.28,0,0.0,0,0.0,110.76,1,2,6,8,0,185.4,179.85,-5.55,0.97,0,5.0,0,0,0,1,13475494
43.0,1,1,1,2,81.13,2,2,0,1,4598.03,1458.09,3,289.72,2,122.08,492.93,1,3,4,8,1,123.6,129.77,6.17,1.05,1,26.12,0,0,0,1,13940590
38.0,1,2,3,0,80.0,0,3,0,1,1820.32,2846.86,0,0.0,0,0.0,80.0,1,1,8,9,0,260.0,303.58,43.58,1.168,1,23.24,0,1,0,1,16934672
50.0,0,1,3,2,141.03,1,0,1,0,3256.83,2330.1,2,207.49,1,42.79,391.31,1,1,6,9,0,187.2,209.54,22.34,1.119,1,23.96,0,0,0,1,11779948
40.0,0,2,5,1,80.0,1,0,1,0,3974.43,1940.98,0,0.0,0,0.0,80.0,1,2,4,1,1,115.2,106.43,-8.77,0.924,1,45.34,0,1,0,1,10610516
20.0,0,2,5,2,92.77,0,3,0,0,4419.18,3297.96,0,0.0,0,0.0,92.77,1,1,4,8,1,123.6,125.54,1.94,1.016,0,5.0,1,0,0,1,19918843
19.0,0,2,9,3,81.16,0,2,2,0,4138.32,6642.05,0,0.0,0,0.0,81.16,1,2,8,15,1,275.0,274.0,-1.0,0.996,1,22.7,1,2,0,1,10262608
52.0,0,0,2,3,103.06,1,3,2,0,1346.32,1004.49,1,0.0,0,0.0,103.06,1,1,6,6,0,181.8,199.1,17.3,1.095,1,20.71,1,2,0,1,12878605
28.0,0,2,9,0,123.13,3,3,2,0,3386.58,960.29,0,0.0,0,0.0,123.13,1,1,4,10,0,126.0,124.23,-1.77,0.986,1,27.66,1,1,0,1,19228708
19.0,1,2,7,4,80.0,0,3,2,1,1667.34,2283.52,0,0.0,0,0.0,80.0,1,1,8,6,1,252.5,194.0,-58.5,0.768,0,5.0,0,2,0,1,19804109
27.0,1,2,2,3,80.0,2,0,2,0,1498.02,3417.38,0,0.0,0,0.0,80.0,1,2,6,12,1,192.6,197.29,4.69,1.024,1,27.61,1,3,0,1,16206198
50.0,1,2,2,0,188.66,2,2,0,0,4630.42,6088.89,0,0.0,0,0.0,188.66,1,1,6,3,0,176.4,173.52,-2.88,0.984,1,28.27,0,1,0,1,19170127
18.0,1,2,5,2,80.0,2,3,0,1,4040.54,6002.26,0,0.0,0,0.0,80.0,1,2,8,6,0,252.5,281.72,29.22,1.116,0,5.0,0,1,0,1,12117820
25.0,1,1,9,2,101.31,0,0,0,0,7099.87,2093.64,1,175.25,0,0.0,276.56,1,2,6,2,0,174.6,164.63,-9.97,0.943,1,16.0,0,2,0,1,14631868
27.0,1,1,3,1,80.0,2,0,0,0,1586.48,2938.9,1,198.16,0,0.0,278.16,1,2,4,12,0,128.4,135.26,6.86,1.053,0,5.0,0,1,0,1,17073840
20.0,0,1,3,1,87.91,4,2,0,0,2498.59,2754.6,5,160.97,0,0.0,248.88,1,2,6,13,1,194.4,196.76,2.36,1.012,1,27.24,1,0,0,1,19498853
21.0,1,2,6,2,80.0,2,2,1,0,2972.47,792.35,0,0.0,0,0.0,80.0,1,1,4,2,0,116.4,102.22,-14.18,0.878,1,24.53,0,1,0,1,15721651
18.0,1,2,5,0,181.14,1,3,0,1,1277.72,11978.03,0,0.0,0,0.0,181.14,1,2,4,11,1,127.2,158.99,31.79,1.25,1,23.14,2,0,0,1,17066606
29.0,1,2,2,0,81.0,2,0,0,0,1004.47,1781.62,0,0.0,0,0.0,81.0,1,2,4,13,1,129.6,125.34,-4.26,0.967,0,5.0,0,0,0,1,19779750
31.0,0,0,2,0,84.01,3,0,2,0,1993.61,4939.59,0,0.0,0,0.0,84.01,1,1,8,7,1,255.0,213.73,-41.27,0.838,1,24.4,0,0,0,1,13807783
27.0,0,1,4,2,126.92,2,0,0,0,5455.17,5129.97,1,92.33,0,0.0,219.25,1,1,6,1,1,172.8,187.04,14.24,1.082,1,20.99,0,0,0,1,16668789
18.0,0,2,3,0,80.0,4,3,0,0,2329.34,2043.96,0,0.0,0,0.0,80.0,1,1,4,13,1,129.6,119.46,-10.14,0.922,1,23.92,0,0,0,1,16269346
50.0,1,2,3,1,80.0,0,0,2,0,2786.04,2358.97,0,0.0,0,0.0,80.0,1,2,6,11,1,190.8,192.8,2.0,1.01,1,22.18,1,1,0,1,18819480
19.0,1,1,4,3,150.61,4,2,1,1,2424.99,731.56,2,160.03,0,0.0,310.64,1,1,4,4,1,118.8,105.95,-12.85,0.892,1,25.48,0,2,0,1,10548171
38.0,1,1,4,4,80.0,0,2,2,1,2504.28,9665.07,3,337.81,2,322.46,740.27,1,1,4,1,1,115.2,114.5,-0.7,0.994,1,22.09,0,0,0,1,11029740
22.0,0,2,9,3,100.53,2,3,2,0,2165.54,1496.39,0,0.0,0,0.0,100.53,1,3,6,5,1,180.0,521.25,341.25,2.896,0,5.0,2,4,1,1,15093637
43.0,1,2,4,2,80.0,2,0,0,1,2264.73,5191.75,0,0.0,0,0.0,80.0,1,1,6,10,1,189.0,162.37,-26.63,0.859,1,27.78,0,0,0,1,10718382
46.0,1,1,5,2,107.61,0,0,1,0,1502.19,681.49,0,281.67,0,0.0,389.28,1,1,6,13,1,194.4,182.54,-11.86,0.939,1,27.02,0,3,0,1,14944048
24.0,0,2,3,1,117.18,2,2,3,1,2122.62,1909.03,0,0.0,0,0.0,117.18,1,2,4,7,1,122.4,132.19,9.79,1.08,0,5.0,2,0,0,1,12159258
18.0,1,1,4,3,82.68,2,3,0,0,9304.81,2242.52,1,108.44,0,0.0,191.12,1,1,4,8,0,123.6,113.5,-10.1,0.918,1,18.33,1,2,0,1,18896541
43.0,0,2,1,2,80.0,1,0,0,0,3661.66,547.72,0,0.0,0,0.0,80.0,1,1,4,1,0,115.2,113.19,-2.01,0.983,1,25.08,0,1,0,1,17243082
58.0,0,1,4,1,80.0,2,2,1,1,4649.46,1069.74,1,293.59,1,84.71,458.3,1,1,6,9,1,187.2,185.97,-1.23,0.993,1,16.49,0,0,0,1,16383006
40.0,1,2,7,0,88.93,2,0,0,1,2695.59,381.66,0,0.0,0,0.0,88.93,1,2,6,8,0,185.4,202.84,17.44,1.094,1,34.03,1,0,0,1,19923162
37.0,1,1,1,1,80.0,2,0,0,0,2346.15,1894.82,0,198.2,0,0.0,278.2,1,1,4,3,1,117.6,104.32,-13.28,0.887,1,26.23,0,1,0,1,17646695
45.0,0,1,5,0,80.0,1,2,0,0,3381.91,2437.43,3,173.76,1,63.84,317.6,1,1,8,19,0,285.0,193.09,-91.91,0.678,1,35.93,0,0,0,1,13082108
44.0,0,1,6,1,80.0,4,0,0,0,1715.8,1062.78,3,293.23,0,0.0,373.23,1,2,6,5,1,180.0,187.24,7.24,1.04,1,26.45,1,2,0,1,16435215
25.0,0,2,5,2,80.0,4,2,0,0,8665.17,1664.85,0,0.0,0,0.0,80.0,1,1,6,6,1,181.8,163.46,-18.34,0.899,0,5.0,0,0,0,1,14935869
27.0,1,2,1,2,214.7,2,3,3,0,2093.01,1941.15,0,0.0,0,0.0,214.7,1,1,6,11,1,190.8,206.38,15.58,1.082,1,31.91,0,3,0,1,17177439
42.0,1,2,2,2,80.0,4,1,1,0,4850.45,3719.93,0,0.0,0,0.0,80.0,1,2,6,5,0,180.0,198.48,18.48,1.103,1,18.04,0,2,0,1,13452452
33.0,1,1,6,2,80.0,2,0,1,0,1943.55,2596.69,3,228.25,0,0.0,308.25,1,1,4,11,0,127.2,116.2,-11.0,0.914,1,41.2,0,2,0,1,15689597
51.0,1,1,1,1,121.01,0,0,0,0,4090.99,4640.64,1,233.26,0,0.0,354.27,1,2,4,9,1,124.8,117.4,-7.4,0.941,1,5.0,0,0,0,1,19744946
27.0,1,0,2,1,175.71,1,3,2,0,3514.49,2078.06,1,0.0,0,0.0,175.71,1,1,4,10,0,126.0,134.09,8.09,1.064,1,28.41,0,0,0,1,17027165
44.0,1,1,2,1,80.0,2,0,3,0,2313.56,1636.4,4,300.01,0,0.0,380.01,1,1,6,14,1,196.2,236.13,39.93,1.204,1,16.23,0,1,0,1,10252421
39.0,0,2,7,0,82.69,2,0,1,0,4731.54,4554.64,0,0.0,0,0.0,82.69,1,2,4,8,1,123.6,140.79,17.19,1.139,0,5.0,1,0,0,1,18706862
33.0,0,1,1,4,80.0,1,0,1,0,2152.43,3629.65,3,358.51,0,0.0,438.51,1,3,8,1,1,240.0,238.81,-1.19,0.995,1,30.53,0,0,0,1,15949238
49.0,0,1,7,1,144.99,0,0,0,0,1141.09,634.35,1,256.76,1,74.68,476.43,1,1,4,1,1,115.2,112.14,-3.06,0.973,0,5.0,1,2,0,1,14457800
43.0,1,2,4,2,122.88,3,0,1,0,4256.98,1200.82,0,0.0,0,0.0,122.88,1,1,4,15,0,132.0,118.96,-13.04,0.901,0,5.0,0,1,0,1,13496763
23.0,1,2,5,0,119.39,3,3,1,1,2753.71,635.79,0,0.0,0,0.0,119.39,1,1,6,12,1,192.6,168.48,-24.12,0.875,1,27.23,0,0,0,1,10360887
43.0,0,0,4,1,80.0,4,0,1,1,2581.3,2754.39,3,0.0,0,0.0,80.0,1,1,6,5,1,180.0,363.2,183.2,2.018,1,28.71,2,4,1,1,18007098
51.0,1,1,1,0,95.17,0,0,1,0,3212.32,1477.97,2,269.23,0,0.0,364.4,1,2,6,1,1,172.8,181.9,9.1,1.053,1,31.17,0,2,0,1,14403237
33.0,0,1,3,1,139.82,4,0,0,0,2439.11,7698.28,1,140.49,0,0.0,280.31,1,2,8,6,1,252.5,270.66,18.16,1.072,1,18.35,0,0,0,1,19776132
32.0,1,1,1,1,161.68,2,0,1,0,2141.48,2460.51,6,132.58,1,139.91,434.17,1,1,6,8,0,185.4,200.07,14.67,1.079,1,22.07,1,1,0,1,18041498
27.0,1,2,3,4,80.0,0,0,1,0,2286.72,4891.8,0,0.0,0,0.0,80.0,1,1,6,8,1,185.4,205.19,19.79,1.107,1,27.15,0,1,0,1,18672151
35.0,0,2,1,1,115.62,2,0,2,0,2947.67,2974.54,0,0.0,0,0.0,115.62,1,3,6,15,1,198.0,187.42,-10.58,0.947,1,35.21,2,2,0,1,14003471
43.0,1,2,4,2,136.45,0,0,0,0,1020.67,864.1,0,0.0,0,0.0,136.45,1,1,6,6,1,181.8,188.75,6.95,1.038,1,22.05,0,1,0,1,15214931
25.0,1,3,4,1,102.89,0,0,0,0,3427.44,4428.69,2,0.0,0,0.0,102.89,1,1,4,12,0,128.4,113.95,-14.45,0.887,1,17.49,0,1,0,1,17175962
19.0,1,2,3,1,141.0,0,3,2,0,4163.05,5020.55,0,0.0,0,0.0,141.0,1,2,6,1,1,172.8,190.44,17.64,1.102,0,5.0,0,2,0,1,11206343
30.0,0,2,4,3,80.0,2,0,0,1,2254.26,2351.29,0,0.0,0,0.0,80.0,1,2,6,13,1,194.4,434.35,239.95,2.234,1,7.21,2,4,1,1,15595808
18.0,1,1,2,3,118.23,2,0,2,0,4680.06,2317.72,2,198.75,0,0.0,316.98,1,1,4,12,1,128.4,130.63,2.23,1.017,1,25.05,0,1,0,1,12648492
41.0,1,2,5,3,93.31,0,2,1,1,4194.84,3326.28,0,0.0,0,0.0,93.31,1,1,4,6,1,121.2,99.71,-21.49,0.823,0,5.0,0,1,0,1,15411806
30.0,0,1,5,4,126.85,0,0,2,0,2007.34,1009.96,1,175.93,0,0.0,302.78,1,2,4,10,1,126.0,119.91,-6.09,0.952,1,27.42,1,2,0,1,17968516
18.0,0,1,1,1,188.0,1,3,2,0,7352.18,4369.5,0,228.78,0,0.0,416.78,1,1,4,9,1,124.8,128.12,3.32,1.027,0,5.0,2,1,0,1,11863692
31.0,1,1,4,1,124.98,2,0,0,0,2249.16,5326.7,1,191.23,0,0.0,316.21,1,1,4,12,0,128.4,146.65,18.25,1.142,1,31.09,0,1,0,1,19571586
33.0,0,1,9,3,80.0,2,0,0,0,3234.17,1816.34,2,397.14,0,0.0,477.14,1,2,6,5,0,180.0,202.97,22.97,1.128,0,5.0,2,2,0,1,13350146
40.0,1,2,3,1,80.0,2,0,0,1,1260.24,3445.94,0,0.0,0,0.0,80.0,1,2,6,1,1,172.8,171.61,-1.19,0.993,1,13.55,0,3,0,1,13519325
33.0,1,1,5,3,122.8,2,0,2,1,2435.69,2197.98,4,238.15,0,0.0,360.95,1,1,4,8,1,123.6,104.14,-19.46,0.843,1,24.29,0,3,0,1,17500483
57.0,1,2,3,3,124.99,3,0,2,0,3497.67,1562.81,0,0.0,0,0.0,124.99,1,2,4,6,1,121.2,123.42,2.22,1.018,0,5.0,0,0,0,1,15455056
29.0,0,2,3,0,168.24,0,0,1,0,3447.15,2098.04,0,0.0,0,0.0,168.24,1,2,8,1,1,240.0,262.41,22.41,1.093,1,30.13,0,0,0,1,15292561
34.0,0,1,4,2,131.19,2,0,1,1,3296.19,2072.26,2,220.68,0,0.0,351.87,1,1,4,11,0,127.2,375.8,248.6,2.954,0,5.0,3,4,1,1,14102991
34.0,0,1,4,2,80.0,1,0,1,0,16308.22,1327.7,2,291.65,0,0.0,371.65,1,1,4,12,0,128.4,119.23,-9.17,0.929,1,30.82,0,2,0,1,19946247
32.0,1,1,3,1,192.16,2,0,2,0,6234.22,810.86,6,129.57,0,0.0,321.73,1,1,6,12,0,192.6,189.49,-3.11,0.984,1,30.61,0,1,0,1,12513813
37.0,0,2,2,1,80.0,1,0,0,0,4280.7,2599.61,0,0.0,0,0.0,80.0,1,2,4,7,1,122.4,132.34,9.94,1.081,1,17.6,0,0,0,1,11851121
41.0,0,0,4,1,103.08,2,3,0,0,3669.31,5756.54,4,0.0,0,0.0,103.08,1,2,4,10,0,126.0,128.97,2.97,1.024,1,20.26,0,1,0,1,11871518
51.0,1,1,3,4,80.0,3,0,2,0,2033.44,985.31,2,1058.69,1,77.88,1216.57,1,2,4,10,1,126.0,136.32,10.32,1.082,0,5.0,0,0,0,1,19440067
18.0,0,2,4,1,123.49,4,3,0,0,3002.19,1671.89,0,0.0,0,0.0,123.49,1,2,4,4,1,118.8,114.18,-4.62,0.961,1,19.71,1,3,0,1,12857470
29.0,0,2,4,1,159.68,2,2,2,0,4896.05,4907.38,0,0.0,0,0.0,159.68,1,1,4,10,0,126.0,103.11,-22.89,0.818,0,5.0,0,0,0,1,11443027
30.0,1,2,6,3,155.59,0,3,0,0,3257.07,2076.55,0,0.0,0,0.0,155.59,1,1,4,8,1,123.6,104.73,-18.87,0.847,0,5.0,1,0,0,1,12064771
46.0,1,1,4,2,92.91,4,0,1,1,3791.53,4515.91,4,171.99,0,0.0,264.9,1,2,4,7,1,122.4,141.28,18.88,1.154,1,22.81,0,2,0,1,18752951
31.0,0,1,3,1,90.06,0,2,2,1,4268.25,3458.28,3,151.89,0,0.0,241.95,1,1,4,14,1,130.8,122.91,-7.89,0.94,0,5.0,0,0,0,1,16157140
18.0,0,1,1,1,124.94,4,3,0,0,6906.31,2720.36,3,255.41,0,0.0,380.35,1,1,4,10,1,126.0,116.39,-9.61,0.924,0,5.0,0,1,0,1,10808481
36.0,0,2,2,4,80.0,0,3,0,1,1975.57,1158.33,0,0.0,0,0.0,80.0,1,1,4,16,1,133.2,124.31,-8.89,0.933,1,34.82,0,1,0,1,18352958
35.0,0,1,8,3,136.62,1,3,0,1,3521.74,2009.47,2,66.6,0,0.0,203.22,1,3,4,9,0,124.8,100.06,-24.74,0.802,1,38.26,0,1,0,1,13560130
37.0,0,1,4,1,151.6,2,2,0,0,4738.11,1323.93,0,349.42,0,0.0,501.02,1,1,4,3,1,117.6,125.71,8.11,1.069,1,19.13,0,0,0,1,10887958
23.0,0,1,2,1,107.66,2,2,0,1,1565.28,1318.5,4,330.73,0,0.0,438.39,1,3,4,9,1,124.8,131.54,6.74,1.054,1,28.72,0,1,0,1,10741121
56.0,0,1,1,2,80.0,2,1,0,0,1689.4,2332.28,1,175.48,1,212.14,467.62,1,1,6,18,1,203.4,233.44,30.04,1.148,0,5.0,0,2,0,1,18891183
31.0,1,1,1,0,88.36,0,0,0,0,2276.31,2036.32,2,254.71,0,0.0,343.07,1,2,4,7,1,122.4,106.44,-15.96,0.87,1,23.11,0,1,0,1,18645464
33.0,1,1,3,3,152.69,2,3,1,0,1782.14,845.06,2,158.19,0,0.0,310.88,1,2,6,11,0,190.8,182.07,-8.73,0.954,1,9.23,1,3,0,1,13058545
24.0,1,2,2,2,224.83,2,2,0,1,4557.56,10214.3,0,0.0,0,0.0,224.83,1,2,4,15,1,132.0,142.75,10.75,1.081,0,5.0,0,0,0,1,14703386
24.0,1,2,4,1,126.89,4,3,2,0,4796.51,1831.61,0,0.0,0,0.0,126.89,1,1,4,12,0,128.4,144.46,16.06,1.125,1,30.24,0,1,0,1,14012021
20.0,1,2,3,2,80.0,0,2,0,1,2450.57,1387.81,0,0.0,0,0.0,80.0,1,1,6,9,1,187.2,155.01,-32.19,0.828,1,19.29,1,0,0,1,14057364
30.0,0,3,3,1,80.0,1,0,1,0,2500.55,1142.48,2,0.0,0,0.0,80.0,1,1,6,11,0,190.8,195.93,5.13,1.027,1,33.52,0,0,0,1,10881929
24.0,0,2,2,1,92.75,2,2,0,0,4873.98,4022.74,0,0.0,0,0.0,92.75,1,1,4,10,1,126.0,128.15,2.15,1.017,1,33.4,1,3,0,1,11097641
60.0,1,1,2,4,132.61,1,0,1,0,7207.82,2314.94,1,221.73,0,0.0,354.34,1,1,4,8,1,123.6,130.45,6.85,1.055,1,33.07,0,1,0,1,16466151
18.0,1,2,5,1,80.0,2,2,1,1,7596.07,8251.05,0,0.0,0,0.0,80.0,1,2,4,10,1,126.0,131.02,5.02,1.04,1,41.84,0,0,0,1,15003599
21.0,0,2,8,3,97.04,4,2,1,0,4166.96,3458.44,0,0.0,0,0.0,97.04,1,2,6,13,1,194.4,221.98,27.58,1.142,1,39.66,0,5,0,1,12114218
30.0,0,2,5,1,119.57,0,0,0,0,6161.94,466.23,0,0.0,0,0.0,119.57,1,1,4,16,1,133.2,127.0,-6.2,0.953,1,32.98,1,0,0,1,19564883
43.0,1,2,7,3,126.52,1,3,0,0,4607.85,3182.21,0,0.0,0,0.0,126.52,1,1,4,5,0,120.0,110.58,-9.42,0.922,1,36.47,0,0,0,1,19560345
30.0,1,2,3,4,94.58,2,0,1,1,3998.29,584.05,0,0.0,0,0.0,94.58,1,1,4,5,1,120.0,122.46,2.46,1.02,1,26.64,0,0,0,1,11915454
43.0,1,2,4,2,80.0,1,0,1,1,4625.23,883.85,0,0.0,0,0.0,80.0,1,1,4,7,0,122.4,105.41,-16.99,0.861,1,22.68,1,0,0,1,10403285
23.0,0,2,7,2,158.34,2,3,0,1,6850.7,1013.41,0,0.0,0,0.0,158.34,1,1,4,13,1,129.6,134.51,4.91,1.038,0,5.0,0,0,0,1,14871082
36.0,1,2,3,3,155.26,2,0,1,0,6341.22,3227.59,0,0.0,0,0.0,155.26,1,1,4,10,1,126.0,123.85,-2.15,0.983,0,5.0,0,1,0,1,12793327
56.0,0,1,4,4,98.5,2,0,2,0,6300.92,2788.85,4,121.16,2,206.31,425.97,1,1,4,7,0,122.4,110.98,-11.42,0.907,1,33.78,0,1,0,1,13439534
23.0,0,2,3,1,80.0,0,2,1,0,4653.97,746.1,0,0.0,0,0.0,80.0,1,2,4,6,0,121.2,130.97,9.77,1.081,0,5.0,1,3,0,1,11592220
40.0,0,1,5,3,82.88,1,3,1,0,1151.85,1602.08,2,267.9,0,0.0,350.78,1,1,6,17,0,201.6,203.31,1.71,1.008,1,19.33,0,0,0,1,11962141
37.0,1,3,4,4,80.0,2,0,2,1,2509.08,5185.94,5,0.0,0,0.0,80.0,1,1,4,6,1,121.2,100.46,-20.74,0.829,1,23.98,0,1,0,1,10466004
18.0,0,2,5,1,99.73,2,2,1,1,1956.84,2457.22,0,0.0,0,0.0,99.73,1,1,4,11,1,127.2,121.71,-5.49,0.957,1,16.63,0,1,0,1,10334178
28.0,1,2,3,1,108.95,0,1,0,0,1505.87,1152.62,0,0.0,0,0.0,108.95,1,1,4,11,1,127.2,122.12,-5.08,0.96,1,27.45,0,1,0,1,17695988
49.0,0,2,6,2,80.0,4,0,0,0,3023.53,1367.86,0,0.0,0,0.0,80.0,1,1,4,5,1,120.0,125.98,5.98,1.05,1,34.99,1,1,0,1,16909813
37.0,0,3,3,2,80.0,2,0,1,1,2558.78,2777.26,4,0.0,0,0.0,80.0,1,1,6,5,1,180.0,173.99,-6.01,0.967,1,27.05,0,2,0,1,11444028
20.0,0,2,4,3,80.0,2,2,2,0,1732.54,2422.81,0,0.0,0,0.0,80.0,1,2,6,19,0,205.2,220.61,15.41,1.075,0,5.0,0,2,0,1,11322131
43.0,1,1,4,1,97.14,0,0,2,1,4596.7,4865.62,1,249.12,1,117.04,463.3,1,2,6,10,1,189.0,191.74,2.74,1.014,1,25.42,0,0,0,1,11400062
29.0,1,2,2,0,80.0,2,0,3,1,2248.76,2348.66,0,0.0,0,0.0,80.0,1,1,4,5,1,120.0,101.69,-18.31,0.847,1,22.75,0,2,0,1,19927446
39.0,1,1,4,3,103.9,1,0,0,1,3126.86,1057.39,2,134.31,0,0.0,238.21,1,1,6,5,1,180.0,154.31,-25.69,0.857,0,5.0,2,0,0,1,10116163
40.0,1,1,2,2,138.93,2,0,0,0,8296.29,4178.6,3,130.56,0,0.0,269.49,1,2,6,10,1,189.0,160.86,-28.14,0.851,1,37.14,1,1,0,1,10620538
22.0,0,2,2,2,80.0,2,2,0,0,2285.19,3495.59,0,0.0,0,0.0,80.0,1,2,8,17,0,280.0,310.7,30.7,1.11,1,18.7,0,0,0,1,19582191
44.0,0,1,5,3,134.22,3,1,0,0,1422.3,7819.69,1,128.23,1,85.22,347.67,1,2,6,4,1,178.2,190.36,12.16,1.068,1,30.05,0,1,0,1,15576547
23.0,1,2,8,3,80.0,0,3,1,0,6047.95,4214.98,0,0.0,0,0.0,80.0,1,1,4,16,1,133.2,122.28,-10.92,0.918,0,5.0,1,0,0,1,19798857
19.0,1,2,4,1,111.1,4,3,2,1,1780.52,1846.44,0,0.0,0,0.0,111.1,1,1,6,2,1,174.6,175.08,0.48,1.003,0,5.0,0,1,0,1,15809101
24.0,0,2,2,2,80.0,0,2,0,1,3511.27,3606.9,0,0.0,0,0.0,80.0,1,2,4,1,1,115.2,119.37,4.17,1.036,1,25.94,2,2,0,1,14038963
31.0,1,1,5,0,81.15,2,0,0,1,1599.86,1066.22,4,113.85,0,0.0,195.0,1,1,4,5,1,120.0,105.48,-14.52,0.879,0,5.0,0,0,0,1,14398528
36.0,0,2,5,3,80.0,2,0,0,0,3903.04,1739.0,0,0.0,0,0.0,80.0,1,1,4,12,1,128.4,120.81,-7.59,0.941,1,16.05,0,1,0,1,16664812
26.0,0,1,6,1,86.99,0,0,0,0,1383.34,3636.38,1,245.86,0,0.0,332.85,1,2,6,11,0,190.8,177.51,-13.29,0.93,0,5.0,0,1,0,1,16434288
44.0,1,1,5,1,115.11,0,0,1,1,4572.45,1703.81,2,315.19,0,0.0,430.3,1,1,4,12,1,128.4,116.89,-11.51,0.91,1,35.59,0,0,0,1,17843510
38.0,0,1,5,1,150.61,0,3,1,0,1600.51,1695.85,4,244.47,0,0.0,395.08,1,1,4,10,1,126.0,129.75,3.75,1.03,0,5.0,1,0,0,1,13063941
27.0,0,1,2,0,80.0,3,0,1,1,4826.18,1362.98,2,325.98,0,0.0,405.98,1,1,4,9,1,124.8,136.55,11.75,1.094,1,19.24,0,0,0,1,16299501
46.0,1,1,7,3,80.0,0,0,1,1,1690.92,1385.36,1,366.97,0,0.0,446.97,1,1,4,4,1,118.8,115.89,-2.91,0.976,1,37.79,1,1,0,1,16805027
49.0,0,1,9,1,80.0,1,0,1,0,4335.88,3416.31,6,236.97,2,413.01,729.98,1,2,4,6,1,121.2,110.63,-10.57,0.913,0,5.0,0,0,0,1,14380179
34.0,0,1,2,3,116.31,2,0,0,0,2749.33,1045.08,0,90.31,0,0.0,206.62,1,1,4,10,1,126.0,121.5,-4.5,0.964,0,5.0,0,1,0,1,18458841
32.0,0,2,3,3,80.0,1,2,0,0,2007.35,934.01,0,0.0,0,0.0,80.0,1,1,4,12,0,128.4,120.64,-7.76,0.94,1,34.14,0,0,0,1,19317945
18.0,0,2,4,0,80.0,4,3,0,0,4093.77,1017.32,0,0.0,0,0.0,80.0,1,3,6,8,1,185.4,195.65,10.25,1.055,0,5.0,1,1,0,1,10395293
30.0,0,1,5,3,84.21,1,0,0,0,2192.6,5281.12,2,350.7,0,0.0,434.91,1,1,6,8,0,185.4,179.94,-5.46,0.971,1,32.37,0,2,0,1,10206904
32.0,1,2,3,1,144.69,3,3,0,1,3127.25,1479.27,0,0.0,0,0.0,144.69,1,1,4,3,0,117.6,106.29,-11.31,0.904,0,5.0,1,0,0,1,13047149
38.0,0,2,4,1,80.0,0,0,2,0,3876.94,2598.94,0,0.0,0,0.0,80.0,1,1,6,11,1,190.8,195.33,4.53,1.024,1,29.43,1,1,0,1,15286278
33.0,1,2,4,2,141.75,1,0,0,1,1149.38,3820.92,0,0.0,0,0.0,141.75,1,1,6,12,1,192.6,160.16,-32.44,0.832,1,15.46,0,4,0,1,10149672
38.0,0,1,3,1,123.28,2,2,0,0,7273.74,1549.04,1,176.74,0,0.0,300.02,1,1,6,6,1,181.8,221.19,39.39,1.217,1,37.74,0,0,0,1,17077187
53.0,1,2,1,1,91.98,1,0,1,0,5525.68,5641.83,0,0.0,0,0.0,91.98,1,1,6,17,1,201.6,177.12,-24.48,0.879,1,9.95,1,1,0,1,12310023
29.0,0,1,9,2,130.45,1,0,0,1,1328.99,1338.82,1,677.98,0,0.0,808.43,1,1,6,8,1,185.4,194.77,9.37,1.051,1,29.74,0,0,0,1,18935426
29.0,1,2,4,1,88.4,1,0,2,0,3300.38,2654.93,0,0.0,0,0.0,88.4,1,1,6,3,1,176.4,179.11,2.71,1.015,0,5.0,0,1,0,1,19391909
19.0,0,2,5,1,80.0,2,2,1,0,3482.12,4510.13,0,0.0,0,0.0,80.0,1,1,6,5,1,180.0,168.44,-11.56,0.936,0,5.0,0,1,0,1,12050259
35.0,0,2,4,0,90.51,4,0,3,0,5591.44,9557.22,0,0.0,0,0.0,90.51,1,2,4,1,0,115.2,119.68,4.48,1.039,1,23.72,0,0,0,1,16913207
47.0,1,2,1,0,83.42,3,3,3,0,2495.42,3348.17,0,0.0,0,0.0,83.42,1,1,6,14,0,196.2,187.93,-8.27,0.958,1,34.22,0,2,0,1,14735779
18.0,0,2,4,2,80.0,2,3,1,0,5414.12,2946.22,0,0.0,0,0.0,80.0,1,1,4,3,1,117.6,131.85,14.25,1.121,1,17.43,1,0,0,1,12248452
27.0,0,1,5,1,136.52,2,0,1,1,9768.63,1297.18,2,336.4,0,0.0,472.92,1,1,6,10,1,189.0,205.12,16.12,1.085,1,29.95,1,2,0,1,19256500
35.0,0,1,4,3,80.0,2,0,0,1,2745.64,3849.81,0,285.49,0,0.0,365.49,1,1,4,5,1,120.0,140.12,20.12,1.168,0,5.0,0,1,0,1,18544219
45.0,0,1,2,1,80.0,1,0,1,0,2747.31,1864.81,2,320.05,0,0.0,400.05,1,1,8,8,1,257.5,270.27,12.77,1.05,1,19.1,0,1,0,1,16680542
40.0,1,2,5,1,80.0,2,0,2,0,2825.16,1831.87,0,0.0,0,0.0,80.0,1,2,6,4,1,178.2,194.78,16.58,1.093,0,5.0,0,0,0,1,18206610
39.0,1,2,6,3,107.44,2,0,2,0,2030.09,1064.2,0,0.0,0,0.0,107.44,1,1,4,6,1,121.2,123.63,2.43,1.02,1,33.02,0,1,0,1,14124562
32.0,1,1,2,4,140.43,2,2,0,0,1321.26,2174.52,2,139.11,0,0.0,279.54,1,1,6,1,1,172.8,156.75,-16.05,0.907,1,37.31,0,0,0,1,19232396
41.0,1,1,2,1,102.04,1,0,0,1,3069.57,2412.38,3,97.04,1,33.67,232.75,1,1,6,4,1,178.2,148.27,-29.93,0.832,1,38.16,1,2,0,1,18860054
47.0,0,2,2,1,97.31,2,0,1,1,5143.42,2181.96,0,0.0,0,0.0,97.31,1,1,4,5,0,120.0,120.0,0.0,1.0,1,8.5,1,1,0,1,19777058
18.0,0,2,4,1,192.53,1,2,1,1,6717.17,572.41,0,0.0,0,0.0,192.53,1,1,4,7,1,122.4,124.34,1.94,1.016,1,23.63,0,2,0,1,14918660
44.0,1,1,2,1,80.0,2,1,1,1,5107.65,1086.28,7,269.07,2,194.82,543.89,1,1,8,9,0,260.0,283.1,23.1,1.089,1,39.91,0,0,0,1,12155238
34.0,0,1,3,3,80.0,0,2,0,1,2834.01,2731.11,0,395.18,0,0.0,475.18,1,1,4,2,1,116.4,141.35,24.95,1.214,1,17.61,0,0,0,1,17118206
29.0,0,2,7,4,80.0,4,3,1,0,1978.54,1082.51,0,0.0,0,0.0,80.0,1,1,4,4,0,118.8,105.45,-13.35,0.888,1,29.35,0,0,0,1,11499830
18.0,1,1,3,1,80.0,0,3,2,1,5544.77,3174.9,1,219.88,0,0.0,299.88,1,2,8,9,0,260.0,263.15,3.15,1.012,1,27.97,0,1,0,1,17185732
18.0,0,1,2,3,80.0,1,2,0,1,4475.01,425.8,3,351.46,0,0.0,431.46,1,1,4,12,1,128.4,133.71,5.31,1.041,1,13.18,0,1,0,1,19809559
55.0,0,2,2,1,170.18,2,0,0,0,2187.26,5878.72,0,0.0,0,0.0,170.18,1,1,6,10,1,189.0,209.79,20.79,1.11,1,23.42,1,1,0,1,13257962
27.0,1,2,8,0,83.68,2,1,0,1,3614.71,2239.33,0,0.0,0,0.0,83.68,1,2,4,6,1,121.2,129.11,7.91,1.065,1,15.98,0,3,0,1,15035177
22.0,1,2,7,1,105.63,1,2,0,0,2273.99,4342.02,0,0.0,0,0.0,105.63,1,1,6,3,0,176.4,201.84,25.44,1.144,0,5.0,0,1,0,1,12555747
30.0,1,0,7,1,80.0,2,0,2,0,2127.63,5212.81,2,0.0,0,0.0,80.0,1,1,6,1,1,172.8,172.38,-0.42,0.998,1,31.67,0,2,0,1,13339516
26.0,0,0,3,1,82.3,0,2,1,1,1984.59,3124.94,3,0.0,0,0.0,82.3,1,1,8,12,0,267.5,295.93,28.43,1.106,1,24.45,0,1,0,1,17824530
36.0,1,2,5,2,143.67,1,0,2,0,3669.51,254.39,0,0.0,0,0.0,143.67,1,1,4,8,1,123.6,132.9,9.3,1.075,0,5.0,0,2,0,1,19186313
53.0,1,2,1,1,80.0,0,0,0,1,4403.15,3394.13,0,0.0,0,0.0,80.0,1,1,4,13,0,129.6,120.74,-8.86,0.932,0,5.0,0,0,0,1,14019754
28.0,1,1,3,0,173.01,1,0,0,1,2467.78,2016.73,1,169.48,0,0.0,342.49,1,1,4,1,0,115.2,114.69,-0.51,0.996,1,27.48,0,2,0,1,16991202
37.0,0,1,5,3,108.2,0,2,2,0,2960.15,2221.73,2,191.33,0,0.0,299.53,1,2,4,1,1,115.2,128.15,12.95,1.112,1,25.95,1,1,0,1,12194060
21.0,1,2,6,4,155.31,4,2,0,0,2400.98,2546.75,0,0.0,0,0.0,155.31,1,1,8,4,0,247.5,203.0,-44.5,0.82,1,13.29,0,0,0,1,12778602
53.0,0,2,2,1,134.03,1,0,0,0,1989.05,606.52,0,0.0,0,0.0,134.03,1,2,6,4,1,178.2,168.67,-9.53,0.947,0,5.0,0,1,0,1,10596373
37.0,1,2,6,3,124.96,0,0,0,1,2147.67,969.35,0,0.0,0,0.0,124.96,1,2,4,1,1,115.2,108.54,-6.66,0.942,1,25.5,0,2,0,1,10910978
22.0,0,1,6,1,112.7,2,2,1,0,1019.93,248.4,5,257.16,0,0.0,369.86,1,1,4,12,1,128.4,140.43,12.03,1.094,1,23.54,0,1,0,1,13826398
46.0,0,2,6,1,108.12,1,2,0,0,1930.31,1964.97,0,0.0,0,0.0,108.12,1,3,4,6,0,121.2,132.84,11.64,1.096,1,25.32,0,0,0,1,11820859
49.0,1,0,3,3,147.33,2,0,0,0,5513.73,6539.66,4,0.0,1,70.69,218.02,1,1,6,7,1,183.6,168.02,-15.58,0.915,1,23.17,0,1,0,1,12225381
37.0,1,2,5,3,80.0,2,0,0,0,2397.46,1323.94,0,0.0,0,0.0,80.0,1,1,4,11,1,127.2,117.75,-9.45,0.926,0,5.0,0,1,0,1,13009277
18.0,1,2,2,4,111.03,2,3,1,0,7140.12,2778.78,0,0.0,0,0.0,111.03,1,1,4,6,1,121.2,124.57,3.37,1.028,1,29.33,0,1,0,1,13524128
56.0,1,2,6,1,80.0,0,2,1,0,3153.71,3761.95,0,0.0,0,0.0,80.0,1,1,8,7,1,255.0,265.85,10.85,1.043,1,22.58,1,0,0,1,11684671
39.0,1,2,1,3,163.41,2,2,1,1,2629.21,772.9,0,0.0,0,0.0,163.41,1,3,6,4,1,178.2,160.13,-18.07,0.899,1,18.18,1,0,0,1,17664226
49.0,0,2,9,1,126.69,2,0,0,0,2907.8,2405.47,0,0.0,0,0.0,126.69,1,1,4,5,1,120.0,91.38,-28.62,0.762,1,32.28,0,0,0,1,14875964
28.0,0,0,4,4,114.05,1,3,0,0,1841.52,3495.41,0,0.0,0,0.0,114.05,1,1,4,3,0,117.6,78.2,-39.4,0.665,1,32.51,1,0,0,1,13908724
30.0,0,0,3,1,80.0,0,0,2,0,3718.12,2021.61,2,0.0,0,0.0,80.0,1,1,6,9,1,187.2,191.86,4.66,1.025,1,36.42,0,1,0,1,18514813
36.0,0,1,6,0,89.78,1,3,2,1,901.16,1304.83,2,216.33,0,0.0,306.11,1,1,4,11,1,127.2,105.34,-21.86,0.828,1,17.26,2,0,0,1,12977321
48.0,1,2,7,2,111.05,1,0,0,0,7528.43,2893.84,0,0.0,0,0.0,111.05,1,1,6,10,0,189.0,186.28,-2.72,0.986,0,5.0,0,1,0,1,17552576
37.0,1,2,4,3,80.0,4,0,0,0,2917.32,1017.18,0,0.0,0,0.0,80.0,1,1,4,10,0,126.0,141.5,15.5,1.123,1,25.81,0,2,0,1,13704536
20.0,0,2,5,1,112.9,2,3,1,0,1747.2,5693.76,0,0.0,0,0.0,112.9,1,2,4,9,0,124.8,127.67,2.87,1.023,1,45.27,1,0,0,1,11062497
38.0,1,1,5,2,80.0,2,3,2,1,3360.45,1887.78,1,371.61,0,0.0,451.61,1,1,4,2,1,116.4,106.11,-10.29,0.912,1,18.08,0,0,0,1,19405532
55.0,0,1,5,2,151.6,0,0,0,0,2949.87,7981.0,3,359.64,0,0.0,511.24,1,1,4,10,0,126.0,141.39,15.39,1.122,1,15.5,1,2,0,1,19673436
36.0,0,1,7,4,125.03,4,0,2,0,3163.52,3656.79,1,256.51,0,0.0,381.54,1,1,4,2,0,116.4,113.29,-3.11,0.973,0,5.0,0,1,0,1,16318386
37.0,0,1,9,3,120.28,0,0,0,1,2439.23,1132.9,3,200.8,0,0.0,321.08,1,1,4,11,0,127.2,143.31,16.11,1.127,1,48.7,0,4,0,1,16036059
20.0,0,2,4,0,143.39,0,2,0,0,3697.37,3357.84,0,0.0,0,0.0,143.39,1,1,8,10,1,262.5,327.11,64.61,1.246,1,12.16,0,1,0,1,11835425
18.0,1,2,1,2,129.92,1,2,2,0,3276.9,1486.19,0,0.0,0,0.0,129.92,1,1,4,4,0,118.8,116.34,-2.46,0.979,1,28.95,1,1,0,1,12998499
27.0,0,2,6,3,193.56,0,0,1,0,2572.04,1236.64,0,0.0,0,0.0,193.56,1,1,4,14,1,130.8,127.31,-3.49,0.973,1,38.78,0,2,0,1,12658685
31.0,0,2,2,1,114.6,1,0,1,0,5968.92,1539.77,0,0.0,0,0.0,114.6,1,1,8,11,1,265.0,261.01,-3.99,0.985,1,19.59,0,0,0,1,19973663
36.0,1,2,5,1,155.04,3,2,0,0,1846.35,2446.43,0,0.0,0,0.0,155.04,1,1,4,10,0,126.0,123.8,-2.2,0.983,1,6.07,0,2,0,1,14937497
37.0,1,1,5,3,163.62,0,0,2,0,2426.64,577.54,3,210.36,2,139.91,513.89,1,1,4,9,1,124.8,132.88,8.08,1.065,1,35.97,0,1,0,1,16863507
54.0,1,1,1,1,88.97,4,3,1,0,17872.3,2967.29,0,726.55,0,0.0,815.52,1,1,4,18,1,135.6,136.62,1.02,1.008,1,31.5,0,2,0,1,13413927
36.0,1,2,4,1,136.53,2,1,0,1,6111.79,1226.88,0,0.0,0,0.0,136.53,1,2,4,9,1,124.8,104.7,-20.1,0.839,1,25.73,0,0,0,1,18549291
48.0,0,3,4,0,119.62,0,0,2,0,2296.49,6414.96,6,0.0,2,302.26,421.88,1,1,8,8,1,257.5,301.07,43.57,1.169,1,36.7,0,0,0,1,18226407
35.0,1,1,5,1,80.67,1,0,0,0,1813.61,6748.12,0,467.93,0,0.0,548.6,1,1,4,7,0,122.4,107.88,-14.52,0.881,1,42.62,0,0,0,1,12869038
52.0,1,2,4,2,135.95,2,0,3,1,2751.41,5494.28,0,0.0,0,0.0,135.95,1,1,8,15,1,275.0,295.34,20.34,1.074,1,27.32,1,0,0,1,10206079
18.0,1,2,2,0,122.43,0,0,1,1,2959.91,4728.93,0,0.0,0,0.0,122.43,1,1,6,6,1,181.8,181.93,0.13,1.001,1,19.55,1,2,0,1,12367115
28.0,0,2,2,2,211.46,0,0,1,0,4551.23,495.87,0,0.0,0,0.0,211.46,1,2,4,10,1,126.0,112.26,-13.74,0.891,1,23.88,0,0,0,1,15352423
47.0,1,2,1,1,127.68,4,0,0,0,2081.36,9636.64,0,0.0,0,0.0,127.68,1,1,4,8,1,123.6,122.45,-1.15,0.991,1,19.16,0,3,0,1,16977920
33.0,0,1,3,1,134.98,2,0,0,0,2070.36,2603.13,1,165.8,0,0.0,300.78,1,1,4,10,0,126.0,124.9,-1.1,0.991,1,17.92,0,1,0,1,14685816
46.0,1,2,4,4,151.88,0,0,1,0,1813.31,7008.51,0,0.0,0,0.0,151.88,1,1,4,8,1,123.6,139.56,15.96,1.129,0,5.0,0,1,0,1,18257340
40.0,1,2,4,1,113.61,0,1,0,0,1643.09,12489.58,0,0.0,0,0.0,113.61,1,1,4,9,0,124.8,117.11,-7.69,0.938,1,29.13,0,2,0,1,10299655
46.0,1,2,1,3,100.39,2,0,2,0,3657.38,2498.75,0,0.0,0,0.0,100.39,1,1,8,5,1,250.0,247.06,-2.94,0.988,1,25.11,0,5,0,1,18002565
42.0,1,1,7,0,95.74,0,2,0,0,1443.0,640.59,0,234.69,0,0.0,330.43,1,2,4,4,1,118.8,113.84,-4.96,0.958,0,5.0,0,2,0,1,19961655
43.0,1,2,2,2,80.0,2,0,1,1,2843.12,1881.4,0,0.0,0,0.0,80.0,1,1,4,6,1,121.2,128.66,7.46,1.062,0,5.0,0,2,0,1,10832020
53.0,0,1,4,3,80.0,0,0,1,0,1357.01,3647.46,4,224.43,1,95.33,399.76,1,1,6,12,1,192.6,197.45,4.85,1.025,0,5.0,0,2,0,1,11363430
47.0,0,2,5,3,168.09,0,1,1,0,5095.51,1779.34,0,0.0,0,0.0,168.09,1,1,6,7,1,183.6,190.88,7.28,1.04,1,31.92,0,2,0,1,17175899
47.0,1,3,6,1,123.6,2,0,1,1,946.17,1114.26,0,0.0,0,0.0,123.6,1,1,4,10,0,126.0,141.81,15.81,1.125,1,29.02,0,0,0,1,11973729
35.0,1,2,9,3,83.04,2,0,2,0,2784.06,5315.5,0,0.0,0,0.0,83.04,1,1,8,6,1,252.5,254.6,2.1,1.008,1,18.85,1,0,0,1,19183192
28.0,1,2,3,3,150.28,2,0,1,0,2435.77,2270.89,0,0.0,0,0.0,150.28,1,1,4,16,0,133.2,116.95,-16.25,0.878,0,5.0,0,1,0,1,19905242
27.0,0,2,9,0,159.67,0,0,0,1,1808.17,1721.89,0,0.0,0,0.0,159.67,1,1,6,6,1,181.8,175.79,-6.01,0.967,1,24.62,0,0,0,1,16883742
44.0,0,2,3,1,101.38,0,3,0,0,5932.09,2106.71,0,0.0,0,0.0,101.38,1,1,4,12,1,128.4,122.72,-5.68,0.956,1,15.16,0,2,0,1,13277014
18.0,1,2,5,2,200.97,1,2,0,0,1575.79,2040.63,0,0.0,0,0.0,200.97,1,1,4,12,1,128.4,123.01,-5.39,0.958,1,23.01,1,0,0,1,17335513
19.0,1,2,3,1,102.62,1,0,0,0,3120.57,3904.32,0,0.0,0,0.0,102.62,1,3,4,4,0,118.8,117.5,-1.3,0.989,0,5.0,0,0,0,1,12932275
23.0,1,2,3,3,80.83,0,2,0,0,2275.88,4858.31,0,0.0,0,0.0,80.83,1,1,4,13,1,129.6,133.94,4.34,1.033,1,17.36,0,0,0,1,14864790
32.0,0,1,4,1,104.92,1,0,3,1,6566.55,3998.37,3,201.42,0,0.0,306.34,1,1,4,6,0,121.2,127.2,6.0,1.05,1,26.32,0,1,0,1,11184082
18.0,0,2,7,0,104.46,4,2,0,0,2381.07,1480.46,0,0.0,0,0.0,104.46,1,1,6,9,1,187.2,193.91,6.71,1.036,0,5.0,0,0,0,1,14721468
50.0,1,1,2,0,115.58,1,1,2,0,3587.15,4347.0,2,315.92,1,63.26,494.76,1,1,6,10,0,189.0,159.5,-29.5,0.844,0,5.0,0,1,0,1,14300475
42.0,0,1,4,4,93.51,2,2,1,1,3844.04,1629.1,5,202.83,0,0.0,296.34,1,1,4,10,0,126.0,109.37,-16.63,0.868,1,20.51,0,0,0,1,12080469
59.0,1,2,5,1,138.1,0,0,1,0,5707.12,2827.72,0,0.0,0,0.0,138.1,1,1,4,5,1,120.0,109.98,-10.02,0.916,0,5.0,0,3,0,1,11434842
48.0,1,1,8,1,80.0,0,0,1,0,2118.77,2456.09,5,252.44,1,40.65,373.09,1,1,4,10,1,126.0,135.12,9.12,1.072,1,21.11,0,1,0,1,19517366
47.0,1,2,4,3,99.38,2,0,1,0,2902.96,1010.63,0,0.0,0,0.0,99.38,1,1,4,4,0,118.8,133.64,14.84,1.125,1,20.67,0,1,0,1,14835593
62.0,0,2,4,1,84.05,2,2,2,0,3468.06,2488.19,0,0.0,0,0.0,84.05,1,2,4,8,0,123.6,141.85,18.25,1.148,1,20.4,0,1,0,1,11972980
28.0,0,1,2,3,112.48,1,0,1,1,2051.16,2472.87,2,278.51,0,0.0,390.99,1,1,4,4,0,118.8,120.02,1.22,1.01,0,5.0,0,1,0,1,14447121
18.0,1,2,6,3,80.0,0,2,1,1,6155.45,4231.43,0,0.0,0,0.0,80.0,1,1,8,4,0,247.5,243.29,-4.21,0.983,1,29.12,0,1,0,1,12873305
32.0,1,1,9,2,111.0,2,0,0,0,2536.48,7910.8,0,130.41,0,0.0,241.41,1,2,6,6,0,181.8,210.81,29.01,1.16,1,28.66,0,1,0,1,18256149
25.0,0,1,3,1,95.92,0,1,0,0,4470.13,10841.02,0,311.58,0,0.0,407.5,1,1,6,8,0,185.4,230.42,45.02,1.243,0,5.0,0,0,0,1,14276946
32.0,1,2,5,1,80.0,2,2,2,0,2512.25,1753.7,0,0.0,0,0.0,80.0,1,1,6,2,0,174.6,169.02,-5.58,0.968,1,28.79,0,1,0,1,15696656
22.0,1,2,4,1,107.88,2,2,0,1,1571.38,877.82,0,0.0,0,0.0,107.88,1,1,6,2,0,174.6,169.48,-5.12,0.971,1,24.22,0,0,0,1,14758402
42.0,1,1,3,1,90.53,0,1,1,0,2851.11,2660.01,3,267.74,0,0.0,358.27,1,1,8,5,1,250.0,249.05,-0.95,0.996,0,5.0,0,1,0,1,12801380
41.0,0,1,5,1,153.91,0,0,1,0,2227.14,1806.56,5,141.9,1,106.65,402.46,1,2,4,9,1,124.8,115.89,-8.91,0.929,1,36.04,0,1,0,1,19373077
35.0,0,2,5,0,100.06,0,3,0,0,3181.17,1824.58,0,0.0,0,0.0,100.06,1,2,6,13,1,194.4,206.47,12.07,1.062,1,36.44,0,0,0,1,15706280
39.0,1,1,2,1,115.55,2,0,0,0,2832.79,2236.68,0,356.36,0,0.0,471.91,1,1,4,8,0,123.6,269.1,145.5,2.177,1,30.52,2,3,1,1,15032502
33.0,1,1,2,1,141.51,3,0,1,1,4354.43,2042.47,2,164.33,0,0.0,305.84,1,2,4,1,0,115.2,128.45,13.25,1.115,1,25.52,0,1,0,1,10267115
44.0,1,1,3,3,1299.36,1,0,0,0,8193.28,1055.82,3,228.38,0,0.0,1527.74,1,1,4,6,1,121.2,129.19,7.99,1.066,1,22.07,1,1,0,1,10696824
36.0,1,1,4,1,976.49,2,1,2,0,19961.12,1342.82,0,531.13,0,0.0,1507.62,0,0,0,0,2,9.5,12.75,3.25,1.342,0,5.0,0,0,0,0,14227336
32.0,0,1,4,0,1352.89,0,0,2,0,8445.06,6435.37,2,275.8,0,0.0,1628.69,0,0,0,0,2,9.5,9.04,-0.46,0.952,1,29.52,0,2,0,0,13149346
46.0,0,2,8,0,1147.3,2,0,1,0,12636.14,1754.62,0,0.0,0,0.0,1147.3,1,1,4,6,1,121.2,116.72,-4.48,0.963,0,5.0,1,2,0,0,10845753
50.0,1,2,5,1,975.57,2,0,0,0,11293.32,1834.29,0,0.0,0,0.0,975.57,1,2,4,10,0,126.0,117.85,-8.15,0.935,1,29.09,0,1,0,0,16709181
51.0,1,1,1,1,1190.9,0,0,0,0,9335.89,9035.77,3,380.18,0,0.0,1571.08,1,3,4,10,1,126.0,154.82,28.82,1.229,1,30.6,0,1,0,1,14305904
23.0,1,2,4,1,699.86,0,2,0,0,16102.29,1820.39,0,0.0,0,0.0,699.86,0,0,0,0,2,9.5,8.77,-0.73,0.923,0,5.0,0,0,0,0,13117672
29.0,0,2,1,0,936.8,0,0,2,1,18301.16,2060.67,0,0.0,0,0.0,936.8,0,0,0,0,2,9.5,10.58,1.08,1.114,1,16.49,0,3,0,0,16010990
18.0,1,2,3,1,701.85,1,2,2,0,27752.43,951.65,0,0.0,0,0.0,701.85,1,2,4,6,0,121.2,99.79,-21.41,0.823,0,5.0,0,2,0,1,18817316
32.0,1,1,8,1,1089.08,4,2,3,0,5120.58,6267.53,2,206.8,0,0.0,1295.88,0,0,0,0,2,9.5,11.01,1.51,1.159,1,23.91,0,1,0,0,17700952
40.0,0,1,2,2,705.48,0,3,1,0,65406.74,6429.05,2,313.52,0,0.0,1019.0,0,0,0,0,2,9.5,10.7,1.2,1.126,1,20.82,0,1,0,0,12639196
33.0,0,1,4,4,1202.6,0,0,0,0,19316.39,848.08,2,208.81,0,0.0,1411.41,1,2,4,6,1,121.2,361.1,239.9,2.979,1,9.56,3,3,1,1,13839406
58.0,0,0,4,4,1410.47,2,0,2,1,14310.43,2085.56,5,0.0,2,238.04,1648.51,0,0,0,0,2,9.5,10.18,0.68,1.072,0,5.0,1,0,0,0,18360192
30.0,0,2,4,1,1350.24,4,0,0,1,17748.33,2499.87,0,0.0,0,0.0,1350.24,0,0,0,0,2,9.5,9.87,0.37,1.039,1,33.57,2,0,0,0,17616488
22.0,1,1,3,2,709.09,0,0,1,1,16871.34,1745.48,1,264.72,0,0.0,973.81,0,0,0,0,2,9.5,9.26,-0.24,0.975,0,5.0,0,1,0,0,18348352
42.0,1,2,9,0,683.6,0,2,1,0,29144.1,4260.1,0,0.0,0,0.0,683.6,1,1,6,11,1,190.8,178.19,-12.61,0.934,1,15.22,1,3,0,0,18922773
37.0,0,3,5,1,915.67,0,0,2,0,9439.13,1923.84,3,0.0,0,0.0,915.67,0,0,0,0,2,9.5,12.74,3.24,1.341,1,29.49,0,1,0,0,17556196
42.0,1,1,5,1,1071.55,1,0,0,0,4412.19,2653.31,2,362.43,0,0.0,1433.98,1,2,4,12,1,128.4,172.96,44.56,1.347,1,27.58,0,0,0,1,16373266
39.0,0,2,3,1,648.36,2,0,0,0,5335.8,2825.77,0,0.0,0,0.0,648.36,1,1,8,9,1,260.0,286.58,26.58,1.102,0,5.0,0,2,0,0,11410883
38.0,0,1,8,3,898.39,0,0,2,0,11215.9,2243.77,2,274.03,0,0.0,1172.42,0,0,0,0,2,9.5,6.44,-3.06,0.678,1,22.81,0,1,0,0,12906252
18.0,1,2,6,3,899.8,2,0,1,0,16582.67,562.62,0,0.0,0,0.0,899.8,1,1,4,15,0,132.0,130.98,-1.02,0.992,1,32.2,0,3,0,0,19045356
26.0,0,2,6,2,970.68,1,1,3,1,8690.96,1265.77,0,0.0,0,0.0,970.68,1,1,4,1,1,115.2,108.91,-6.29,0.945,0,5.0,1,0,0,0,14894668
28.0,0,1,1,2,458.44,2,0,1,0,6350.05,1051.95,3,385.51,0,0.0,843.95,1,2,4,8,1,123.6,114.15,-9.45,0.924,1,26.26,0,1,0,1,10759718
31.0,1,1,3,2,662.98,2,0,1,1,5550.34,2406.09,1,592.3,0,0.0,1255.28,1,2,4,10,1,126.0,149.87,23.87,1.189,1,33.76,1,1,0,1,18687326
30.0,1,2,3,1,938.01,0,2,0,0,22820.51,1861.82,0,0.0,0,0.0,938.01,1,1,6,5,1,180.0,206.02,26.02,1.145,1,17.98,1,1,0,0,18040075
40.0,0,2,7,2,855.18,0,2,0,1,37768.16,1691.92,0,0.0,0,0.0,855.18,1,1,4,6,0,121.2,111.56,-9.64,0.92,1,27.12,0,2,0,0,11869836
42.0,1,2,3,1,1045.89,2,2,1,1,17714.96,2324.56,0,0.0,0,0.0,1045.89,1,2,8,6,1,252.5,192.81,-59.69,0.764,0,5.0,0,0,0,0,12177110
21.0,1,2,7,3,957.72,2,2,1,1,8382.58,2005.62,0,0.0,0,0.0,957.72,0,0,0,0,2,9.5,9.33,-0.17,0.982,1,35.41,2,3,0,0,13822569
43.0,0,2,2,4,1131.39,2,0,1,0,5186.96,861.24,0,0.0,0,0.0,1131.39,0,0,0,0,2,9.5,11.67,2.17,1.228,1,31.8,0,0,0,0,15593616
42.0,1,2,7,1,633.82,0,0,1,0,9038.98,881.33,0,0.0,0,0.0,633.82,1,1,4,5,1,120.0,150.08,30.08,1.251,1,33.88,1,1,0,0,16543880
41.0,0,1,7,4,1034.45,2,0,0,0,17014.83,4561.89,4,323.58,1,84.63,1442.66,1,2,4,3,1,117.6,132.07,14.47,1.123,0,5.0,0,2,0,1,15261748
18.0,0,2,2,1,625.22,2,2,1,0,21483.27,2225.31,0,0.0,0,0.0,625.22,0,0,0,0,2,9.5,11.14,1.64,1.173,1,24.02,0,0,0,0,13041078
40.0,0,2,5,3,1264.42,1,0,1,0,5699.19,1967.84,0,0.0,0,0.0,1264.42,0,0,0,0,2,9.5,11.0,1.5,1.158,0,5.0,1,2,0,0,18674853
36.0,1,1,2,1,1392.03,2,0,1,0,9945.68,3543.65,4,189.85,0,0.0,1581.88,1,1,6,4,1,178.2,242.38,64.18,1.36,0,5.0,0,0,0,1,15192696
47.0,0,2,1,4,840.35,0,0,0,1,7210.5,1845.72,0,0.0,0,0.0,840.35,0,0,0,0,2,9.5,9.39,-0.11,0.988,0,5.0,0,0,0,0,10115091
56.0,0,1,3,1,1064.27,0,1,1,0,49982.76,2223.13,3,223.28,3,152.83,1440.38,1,1,6,5,0,180.0,192.03,12.03,1.067,0,5.0,0,1,0,1,14668699
54.0,1,1,2,4,1235.37,3,0,1,0,17803.71,2580.92,1,472.2,1,194.58,1902.15,1,1,6,3,1,176.4,136.29,-40.11,0.773,0,5.0,0,0,0,1,18921242
36.0,0,1,4,0,995.86,1,3,1,1,13636.62,4206.29,4,292.34,1,135.79,1423.99,1,1,8,1,0,240.0,267.38,27.38,1.114,1,16.15,0,1,0,1,14846822
35.0,1,1,4,1,1131.38,2,3,0,0,8938.11,5325.78,2,273.1,0,0.0,1404.48,1,2,4,10,0,126.0,143.31,17.31,1.137,0,5.0,0,2,0,1,13390507
43.0,1,2,3,1,855.3,0,2,0,1,6271.41,1212.92,0,0.0,0,0.0,855.3,1,1,4,3,1,117.6,269.475,151.88,2.291,1,23.93,2,4,1,0,10236378
22.0,0,2,3,3,1567.23,0,2,0,0,12034.62,4763.97,0,0.0,0,0.0,1567.23,1,1,4,15,1,132.0,119.25,-12.75,0.903,1,19.22,0,2,0,1,19135543
18.0,1,1,4,1,1070.62,0,2,0,0,9664.2,1600.01,3,286.28,0,0.0,1356.9,1,1,4,10,0,126.0,90.06,-35.94,0.715,1,33.57,0,1,0,1,16113880
29.0,1,1,2,4,1008.78,2,0,1,0,12086.85,3347.8,2,323.29,0,0.0,1332.07,1,1,4,6,1,121.2,132.43,11.23,1.093,1,28.35,0,0,0,1,14289668
50.0,1,2,3,1,1325.16,1,0,0,1,20963.41,1330.8,0,0.0,0,0.0,1325.16,1,1,4,7,0,122.4,118.89,-3.51,0.971,1,28.88,0,1,0,0,15683785
31.0,1,1,2,1,1275.56,1,3,0,0,10790.63,867.16,3,201.75,0,0.0,1477.31,1,3,4,8,0,123.6,136.52,12.92,1.105,1,34.89,0,3,0,1,11425369
53.0,1,0,1,0,609.23,3,1,3,0,4252.73,4200.43,2,0.0,0,0.0,609.23,1,1,4,5,0,120.0,130.99,10.99,1.092,1,26.35,1,1,0,0,19078170
18.0,0,2,5,1,1423.68,0,3,0,1,10234.83,7543.06,0,0.0,0,0.0,1423.68,1,2,4,8,1,123.6,115.12,-8.48,0.931,1,21.46,0,2,0,1,15635300
18.0,1,2,3,4,1032.16,3,2,0,0,18403.07,1702.03,0,0.0,0,0.0,1032.16,0,0,0,0,2,9.5,10.99,1.49,1.157,1,35.72,0,1,0,0,10632781
34.0,1,2,3,4,553.7,0,0,0,0,4219.4,4915.72,0,0.0,0,0.0,553.7,1,2,4,7,1,122.4,148.07,25.67,1.21,1,46.75,0,1,0,1,18047878
46.0,0,1,6,0,1021.9,2,0,0,0,3842.55,1461.81,6,538.77,1,124.94,1685.61,1,1,4,6,1,121.2,146.3,25.1,1.207,1,27.47,0,0,0,1,16658311
34.0,1,1,2,1,801.36,0,0,2,1,26012.02,2639.69,2,369.25,1,129.8,1300.41,1,1,8,12,1,267.5,275.33,7.83,1.029,0,5.0,0,1,0,1,19042309
34.0,0,1,3,4,1227.66,1,0,1,0,13465.64,2138.84,4,67.95,1,84.88,1380.49,0,0,0,0,2,9.5,9.6,0.1,1.011,1,22.64,0,1,0,0,12264782
34.0,1,1,8,2,1345.49,2,1,1,0,23290.65,1886.25,3,293.07,0,0.0,1638.56,0,0,0,0,2,9.5,10.82,1.32,1.139,0,5.0,0,1,0,0,10836847
18.0,1,2,5,3,1101.06,2,2,0,1,8118.35,1862.59,0,0.0,0,0.0,1101.06,0,0,0,0,2,9.5,9.0,-0.5,0.947,1,45.05,1,0,0,0,17863115
49.0,0,2,6,2,918.38,2,0,1,0,5137.74,974.01,0,0.0,0,0.0,918.38,1,1,4,9,1,124.8,132.56,7.76,1.062,0,5.0,0,1,0,0,18590082
27.0,1,2,6,3,809.46,2,0,0,0,10755.42,4898.06,0,0.0,0,0.0,809.46,1,1,6,13,1,194.4,175.52,-18.88,0.903,1,12.04,0,2,0,0,19842132
48.0,1,2,5,3,1226.37,2,0,1,0,27749.99,1281.24,0,0.0,0,0.0,1226.37,0,0,0,0,2,9.5,9.53,0.03,1.003,0,5.0,0,2,0,0,13592801
34.0,1,1,5,1,1056.67,0,0,2,0,5339.24,5093.34,2,200.51,0,0.0,1257.18,1,1,4,12,0,128.4,175.22,46.82,1.365,1,34.74,0,2,0,1,18584905
48.0,1,2,2,2,701.06,1,0,1,0,10235.65,1352.99,0,0.0,0,0.0,701.06,1,1,4,12,1,128.4,142.73,14.33,1.112,0,5.0,0,0,0,0,18096984
39.0,0,1,2,4,1323.66,1,0,0,1,38065.25,1422.48,1,352.53,1,211.29,1887.48,1,1,8,6,1,252.5,282.08,29.58,1.117,1,24.16,0,2,0,1,10151176
34.0,0,1,4,3,867.0,1,0,0,0,9871.2,3365.25,0,270.72,0,0.0,1137.72,1,1,4,12,1,128.4,136.59,8.19,1.064,1,38.95,0,0,0,0,12770643
38.0,1,2,2,1,1274.13,2,0,0,0,8409.01,4383.06,0,0.0,0,0.0,1274.13,1,1,6,9,1,187.2,210.18,22.98,1.123,0,5.0,0,0,0,0,12638838
18.0,1,2,3,0,940.97,0,2,1,1,13499.1,5525.61,0,0.0,0,0.0,940.97,1,1,4,11,1,127.2,111.98,-15.22,0.88,1,22.82,2,1,0,1,18724852
35.0,0,1,8,4,888.06,2,2,0,0,16201.05,756.3,1,79.81,1,97.11,1064.98,1,1,8,13,1,270.0,280.01,10.01,1.037,1,25.87,0,0,0,1,15456567
56.0,0,2,5,4,1151.38,0,0,0,0,47932.14,1239.25,0,0.0,0,0.0,1151.38,1,1,4,10,1,126.0,114.6,-11.4,0.91,0,5.0,0,0,0,0,17996599
51.0,0,1,6,4,1715.77,2,0,2,0,18047.81,6385.08,2,134.73,0,0.0,1850.5,1,1,4,9,1,124.8,159.33,34.53,1.277,1,26.51,0,2,0,1,18664062
23.0,1,2,2,3,1230.54,0,0,2,0,16112.69,1026.06,0,0.0,0,0.0,1230.54,1,2,4,6,0,121.2,111.1,-10.1,0.917,0,5.0,0,1,0,0,12275882
41.0,0,2,3,1,867.95,0,0,0,0,10113.33,2347.86,0,0.0,0,0.0,867.95,1,1,4,1,0,115.2,100.27,-14.93,0.87,0,5.0,0,0,0,0,18599052
38.0,1,1,5,0,1343.92,4,2,0,1,9914.03,1362.44,0,380.45,0,0.0,1724.37,1,1,6,5,1,180.0,200.74,20.74,1.115,1,19.52,0,1,0,0,13782309
45.0,1,2,3,2,1016.24,0,2,0,0,10822.41,1322.93,0,0.0,0,0.0,1016.24,1,1,8,7,1,255.0,227.38,-27.62,0.892,0,5.0,1,0,0,0,10466930
36.0,0,0,5,2,1541.85,2,1,2,1,24250.17,349.73,3,0.0,0,0.0,1541.85,1,2,6,1,1,172.8,204.52,31.72,1.184,1,35.77,0,1,0,0,19191979
32.0,0,2,4,4,650.63,0,2,2,0,16847.61,3566.96,0,0.0,0,0.0,650.63,1,1,4,9,1,124.8,106.48,-18.32,0.853,1,23.9,2,0,0,0,15768003
51.0,0,1,5,0,1601.08,2,0,1,1,6595.77,717.47,1,254.69,1,263.29,2119.06,1,1,4,6,0,121.2,118.26,-2.94,0.976,1,39.45,0,3,0,1,15038123
38.0,0,1,1,3,1306.03,3,0,0,0,26165.02,2107.28,1,393.34,0,0.0,1699.37,1,2,4,4,1,118.8,128.92,10.12,1.085,1,8.44,0,1,0,1,11536318
50.0,1,1,6,1,827.07,2,0,1,0,40275.77,919.04,0,205.93,0,0.0,1033.0,0,0,0,0,2,9.5,8.93,-0.57,0.94,1,25.34,0,0,0,0,15567371
47.0,1,1,2,3,750.02,3,3,0,1,29159.99,2891.38,0,380.18,0,0.0,1130.2,0,0,0,0,2,9.5,8.04,-1.46,0.846,1,23.27,0,1,0,0,11232527
31.0,1,1,4,3,1388.81,2,2,0,0,17173.02,2166.06,1,225.02,0,0.0,1613.83,1,1,4,14,0,130.8,143.33,12.53,1.096,1,20.4,0,1,0,1,11228162
33.0,0,1,7,0,955.14,2,0,0,0,8708.57,533.29,3,347.48,0,0.0,1302.62,1,2,4,5,0,120.0,125.89,5.89,1.049,1,15.74,0,2,0,1,18127070
58.0,0,2,4,1,750.08,1,0,2,0,30450.14,1023.07,0,0.0,0,0.0,750.08,0,0,0,0,2,9.5,8.68,-0.82,0.914,1,38.72,0,1,0,0,17759959
37.0,0,1,6,1,1154.21,4,0,3,0,5679.61,919.99,1,270.37,0,0.0,1424.58,1,1,4,12,0,128.4,152.96,24.56,1.191,1,22.67,0,3,0,1,10860657
26.0,1,1,5,0,1259.01,0,0,2,1,17061.66,2280.28,6,204.36,0,0.0,1463.37,0,0,0,0,2,9.5,10.45,0.95,1.1,1,19.82,0,1,0,0,19895967
21.0,0,2,3,3,1253.34,0,3,0,0,9589.65,771.57,0,0.0,0,0.0,1253.34,1,2,4,10,1,126.0,120.48,-5.52,0.956,1,32.2,0,1,0,1,12218700
47.0,1,1,6,1,751.22,0,1,2,0,4000.41,2026.57,0,240.84,0,0.0,992.06,0,0,0,0,2,9.5,12.3,2.8,1.295,1,25.0,0,1,0,0,14561876
37.0,1,2,2,1,913.16,1,0,0,0,14570.73,2819.9,0,0.0,0,0.0,913.16,1,1,8,11,1,265.0,303.52,38.52,1.145,1,32.01,1,2,0,0,12720206
25.0,0,2,7,2,1134.57,0,0,0,0,28515.37,1780.83,0,0.0,0,0.0,1134.57,1,2,6,12,1,192.6,199.94,7.34,1.038,1,31.64,0,2,0,0,16658220
43.0,0,1,6,2,754.92,1,2,0,0,12363.09,3527.07,3,382.69,0,0.0,1137.61,1,1,4,12,1,128.4,130.91,2.51,1.02,1,25.94,2,0,0,1,13570135
37.0,0,2,5,2,1035.44,1,3,0,0,16114.9,461.74,0,0.0,0,0.0,1035.44,0,0,0,0,2,9.5,11.18,1.68,1.177,0,5.0,0,2,0,0,14228816
18.0,0,2,1,1,1098.3,1,2,3,0,6207.69,991.77,0,0.0,0,0.0,1098.3,0,0,0,0,2,9.5,11.71,2.21,1.233,1,15.92,0,1,0,0,10867849
42.0,1,1,9,4,1102.44,2,2,1,0,10255.54,3433.24,2,419.98,0,0.0,1522.42,1,2,4,2,1,116.4,121.34,4.94,1.042,1,26.21,0,0,0,1,10938881
51.0,0,2,2,1,513.49,0,3,0,1,4462.29,5536.6,0,0.0,0,0.0,513.49,0,0,0,0,2,9.5,9.39,-0.11,0.988,1,41.09,0,0,0,0,14980816
66.0,1,2,2,2,958.07,2,3,0,0,13310.99,919.95,0,0.0,0,0.0,958.07,1,1,6,6,1,181.8,219.13,37.33,1.205,1,33.07,0,2,0,0,16002640
35.0,1,2,1,3,880.76,0,0,0,1,14970.27,7949.64,0,0.0,0,0.0,880.76,1,3,4,10,1,126.0,111.9,-14.1,0.888,1,26.09,0,1,0,0,12002442
38.0,1,2,1,0,893.4,0,2,0,0,6124.24,5394.43,0,0.0,0,0.0,893.4,1,1,4,10,1,126.0,162.23,36.23,1.288,1,29.72,0,1,0,0,16647014
54.0,0,1,1,1,1529.65,2,1,2,0,9889.66,3953.63,2,288.98,1,211.14,2029.77,0,0,0,0,2,9.5,10.22,0.72,1.076,1,21.59,0,0,0,0,11865895
37.0,1,1,5,3,1239.67,0,1,0,0,20970.31,3378.58,2,554.38,1,83.13,1877.18,1,1,4,7,0,122.4,100.98,-21.42,0.825,1,37.54,0,1,0,1,14572659
38.0,1,3,5,1,944.24,0,0,1,0,29811.82,1533.43,1,0.0,0,0.0,944.24,1,1,4,12,1,128.4,137.85,9.45,1.074,1,32.31,0,1,0,0,16737026
27.0,1,2,4,0,1506.23,2,0,0,0,5880.32,1421.07,0,0.0,0,0.0,1506.23,0,0,0,0,2,9.5,11.18,1.68,1.177,1,20.43,0,0,0,0,19906366
18.0,0,2,4,3,1536.59,0,2,0,0,31440.56,6692.91,0,0.0,0,0.0,1536.59,1,2,4,7,0,122.4,309.35,186.95,2.527,0,5.0,2,5,1,1,18872449
46.0,0,2,3,2,1050.21,1,0,2,0,15802.89,2959.27,0,0.0,0,0.0,1050.21,0,0,0,0,2,9.5,9.09,-0.41,0.957,1,13.37,0,1,0,0,11218754
20.0,0,2,5,1,868.8,0,3,2,0,27913.37,3856.51,0,0.0,0,0.0,868.8,1,3,6,3,0,176.4,489.325,312.92,2.774,0,5.0,4,4,1,1,18928042
49.0,1,1,4,1,1263.21,4,0,1,0,7398.16,5410.08,2,110.1,1,122.25,1495.56,1,1,4,1,0,115.2,101.12,-14.08,0.878,0,5.0,3,0,0,1,18560954
26.0,0,2,3,1,665.5,2,3,1,0,5416.93,1536.17,0,0.0,0,0.0,665.5,0,0,0,0,2,9.5,9.98,0.48,1.051,1,20.54,1,4,0,0,17469585
38.0,0,1,1,3,1147.51,0,1,1,0,18228.79,1452.62,1,264.83,0,0.0,1412.34,0,0,0,0,2,9.5,9.49,-0.01,0.999,1,19.19,0,0,0,0,11470469
31.0,1,2,5,2,980.44,2,0,0,0,12873.44,1831.38,0,0.0,0,0.0,980.44,0,0,0,0,2,9.5,11.07,1.57,1.165,1,27.86,2,1,0,0,19186788
49.0,1,1,4,1,578.25,4,0,3,1,6221.42,2935.98,1,640.61,1,75.97,1294.83,0,0,0,0,2,9.5,9.81,0.31,1.033,1,15.61,0,0,0,0,13519680
39.0,1,2,5,3,1506.29,2,0,1,0,20471.37,1531.66,0,0.0,0,0.0,1506.29,0,0,0,0,2,9.5,11.58,2.08,1.219,1,11.86,0,0,0,0,14609911
59.0,1,2,6,0,784.06,1,2,1,0,13474.05,1340.39,0,0.0,0,0.0,784.06,0,0,0,0,2,9.5,7.51,-1.99,0.791,0,5.0,0,4,0,0,11066360
22.0,1,2,6,1,396.74,0,2,1,0,10421.65,4421.68,0,0.0,0,0.0,396.74,0,0,0,0,2,9.5,9.18,-0.32,0.966,1,36.84,0,2,0,0,15196498
40.0,1,2,5,1,1018.23,2,0,2,1,4199.71,888.78,0,0.0,0,0.0,1018.23,0,0,0,0,2,9.5,9.15,-0.35,0.963,1,34.65,0,3,0,0,11303216
36.0,1,2,7,1,642.13,2,0,0,1,16499.34,1259.22,0,0.0,0,0.0,642.13,0,0,0,0,2,9.5,8.39,-1.11,0.883,0,5.0,0,1,0,0,16901134
38.0,0,2,4,0,1594.1,2,0,0,0,16771.21,2132.38,0,0.0,0,0.0,1594.1,1,1,4,7,1,122.4,157.61,35.21,1.288,1,27.33,0,0,0,0,15917389
54.0,1,2,3,2,905.73,1,3,1,0,10034.34,9988.65,0,0.0,0,0.0,905.73,1,2,4,13,0,129.6,134.87,5.27,1.041,1,29.07,0,2,0,0,11488873
42.0,0,2,1,1,1736.48,1,1,0,0,7014.21,2211.65,0,0.0,0,0.0,1736.48,1,2,6,7,1,183.6,196.77,13.17,1.072,1,28.64,0,1,0,0,16548288
21.0,0,1,4,1,528.97,1,2,2,0,12687.59,1033.02,2,129.1,0,0.0,658.07,0,0,0,0,2,9.5,10.95,1.45,1.153,1,31.03,0,1,0,0,10903558
41.0,1,3,5,1,1759.15,0,0,1,0,44499.36,561.12,0,0.0,0,0.0,1759.15,1,1,4,8,1,123.6,127.51,3.91,1.032,0,5.0,1,1,0,0,12154400
30.0,1,2,4,1,1029.16,4,3,2,1,25542.17,598.2,0,0.0,0,0.0,1029.16,1,1,4,2,1,116.4,107.85,-8.55,0.927,1,26.61,0,2,0,0,16961510
29.0,0,2,5,3,968.06,2,0,0,0,8405.71,2914.73,0,0.0,0,0.0,968.06,1,1,6,8,1,185.4,217.0,31.6,1.17,0,5.0,0,3,0,0,16057709
48.0,0,2,7,0,1042.76,4,0,1,0,15254.51,1408.76,0,0.0,0,0.0,1042.76,1,1,4,10,1,126.0,94.94,-31.06,0.753,1,27.55,0,1,0,0,12730837
28.0,1,2,3,1,1340.46,0,3,1,0,9907.93,1082.02,0,0.0,0,0.0,1340.46,1,1,6,7,1,183.6,194.08,10.48,1.057,1,27.21,0,2,0,0,17249638
30.0,0,1,1,1,821.01,2,2,2,0,16687.24,1499.33,2,324.23,0,0.0,1145.24,0,0,0,0,2,9.5,9.77,0.27,1.028,1,33.67,0,0,0,0,14436239
35.0,0,2,5,1,1340.8,2,0,2,0,20458.07,1279.28,0,0.0,0,0.0,1340.8,1,1,6,4,1,178.2,387.85,209.65,2.176,1,33.49,2,5,1,0,15073748
46.0,1,1,2,3,890.56,3,2,0,0,38592.09,619.61,3,272.34,0,0.0,1162.9,0,0,0,0,2,9.5,11.48,1.98,1.208,1,26.6,1,1,0,0,19595445
42.0,1,2,6,2,893.53,1,0,0,0,13932.29,2943.32,0,0.0,0,0.0,893.53,1,1,4,8,1,123.6,138.16,14.56,1.118,1,28.37,2,0,0,0,15361855
32.0,0,1,3,3,1010.82,0,0,0,0,3582.09,2312.38,3,329.66,0,0.0,1340.48,1,1,4,12,1,128.4,128.93,0.53,1.004,0,5.0,0,1,0,1,12793514
32.0,0,1,3,0,1304.91,0,0,0,0,11847.65,5202.42,0,647.88,0,0.0,1952.79,1,1,4,9,0,124.8,111.45,-13.35,0.893,0,5.0,0,2,0,0,19250080
21.0,0,2,4,1,812.47,4,2,0,1,6247.16,3202.97,0,0.0,0,0.0,812.47,0,0,0,0,2,9.5,11.06,1.56,1.164,0,5.0,1,0,0,0,15948592
26.0,1,1,1,2,1667.51,0,1,0,0,11544.63,760.77,0,213.73,0,0.0,1881.24,1,3,4,9,0,124.8,140.72,15.92,1.128,1,22.83,0,1,0,0,15447276
27.0,0,2,6,1,924.51,2,0,1,1,15195.05,978.09,0,0.0,0,0.0,924.51,1,1,6,10,0,189.0,214.59,25.59,1.135,0,5.0,0,2,0,0,16165527
33.0,1,1,3,1,1753.29,1,1,0,0,22991.15,4141.27,4,417.07,0,0.0,2170.36,0,0,0,0,2,9.5,11.06,1.56,1.164,1,21.01,0,0,0,0,11935952
59.0,1,2,5,2,818.75,1,3,2,1,31177.4,2523.19,0,0.0,0,0.0,818.75,1,1,4,13,1,129.6,319.45,189.85,2.465,0,5.0,3,7,1,0,13171924
27.0,0,1,6,1,1801.62,0,3,1,0,25859.69,2396.17,2,229.21,0,0.0,2030.83,0,0,0,0,2,9.5,30.55,21.05,3.216,0,5.0,2,3,1,0,12705408
31.0,1,1,1,3,1413.2,0,0,2,0,8751.95,496.24,3,705.72,0,0.0,2118.92,1,1,4,4,0,118.8,121.22,2.42,1.02,1,33.65,0,1,0,1,11390600
18.0,1,2,4,1,1594.93,3,3,0,0,7342.93,1748.46,0,0.0,0,0.0,1594.93,0,0,0,0,2,9.5,10.45,0.95,1.1,1,23.0,0,2,0,0,11582489
42.0,0,2,5,3,689.61,0,0,1,0,12754.61,4067.44,0,0.0,0,0.0,689.61,1,1,6,7,1,183.6,206.6,23.0,1.125,0,5.0,0,2,0,0,14319420
18.0,1,2,3,4,832.11,4,2,0,0,17005.45,701.07,0,0.0,0,0.0,832.11,1,1,4,5,1,120.0,121.34,1.34,1.011,1,30.18,0,1,0,1,11061313
24.0,1,2,2,0,805.72,0,2,2,0,25436.83,3627.21,0,0.0,0,0.0,805.72,1,2,4,5,1,120.0,112.96,-7.04,0.941,1,20.92,0,1,0,1,14642283
48.0,0,2,1,1,1083.65,4,2,0,0,9280.7,2372.73,0,0.0,0,0.0,1083.65,0,0,0,0,2,9.5,9.38,-0.12,0.987,1,15.79,0,1,0,0,16511995
18.0,1,2,2,1,1311.81,0,2,1,1,11288.55,558.38,0,0.0,0,0.0,1311.81,0,0,0,0,2,9.5,11.49,1.99,1.209,0,5.0,1,0,0,0,14782510
36.0,0,1,2,4,1402.13,2,3,2,0,9481.0,2240.89,1,540.48,0,0.0,1942.61,1,1,4,10,0,126.0,144.52,18.52,1.147,1,14.01,0,0,0,1,19292085
45.0,0,2,2,0,1248.79,0,0,1,1,6635.7,1165.1,0,0.0,0,0.0,1248.79,0,0,0,0,2,9.5,10.39,0.89,1.094,0,5.0,1,0,0,0,16123869
53.0,0,1,1,4,1284.76,2,0,1,0,18048.42,1360.96,7,270.66,3,144.49,1699.91,1,1,8,3,0,245.0,273.85,28.85,1.118,1,38.29,1,0,0,1,13254849
24.0,0,2,3,0,1529.64,0,3,0,1,14473.21,2627.84,0,0.0,0,0.0,1529.64,0,0,0,0,2,9.5,9.7,0.2,1.021,1,27.96,1,2,0,0,13183992
28.0,1,2,4,1,1101.33,1,0,1,0,19165.28,946.92,0,0.0,0,0.0,1101.33,0,0,0,0,2,9.5,10.22,0.72,1.076,0,5.0,0,0,0,0,12859219
57.0,0,1,3,1,970.73,1,1,2,1,13421.87,2300.64,2,192.31,0,0.0,1163.04,0,0,0,0,2,9.5,9.28,-0.22,0.977,0,5.0,0,1,0,0,16192144
35.0,1,1,9,3,1292.83,0,0,1,1,13327.44,1546.82,2,145.52,0,0.0,1438.35,1,1,4,12,0,128.4,112.57,-15.83,0.877,1,20.94,0,0,0,1,10887257
26.0,0,2,3,2,1251.78,1,2,1,1,21932.47,927.89,0,0.0,0,0.0,1251.78,0,0,0,0,2,9.5,8.53,-0.97,0.898,0,5.0,0,0,0,0,11639987
26.0,0,1,4,3,683.8,2,3,0,0,3907.98,817.18,1,584.46,0,0.0,1268.26,0,0,0,0,2,9.5,6.5,-3.0,0.684,1,33.27,0,1,0,0,17237511
23.0,1,2,3,3,1150.22,0,2,0,0,7184.41,3086.56,0,0.0,0,0.0,1150.22,0,0,0,0,2,9.5,8.77,-0.73,0.923,1,31.16,0,2,0,0,17591580
30.0,0,1,2,1,1862.35,1,0,1,0,15966.89,1891.74,1,159.54,0,0.0,2021.89,0,0,0,0,2,9.5,9.66,0.16,1.017,1,22.69,0,0,0,0,17055245
48.0,0,2,3,3,1118.27,3,2,0,0,15324.98,2773.52,0,0.0,0,0.0,1118.27,1,2,4,7,1,122.4,89.1,-33.3,0.728,1,22.37,0,1,0,0,10416116
46.0,0,1,5,1,1415.11,2,0,0,0,9346.6,5619.18,1,254.33,0,0.0,1669.44,0,0,0,0,2,9.5,10.56,1.06,1.112,1,23.17,0,0,0,0,16318984
21.0,1,2,3,2,1041.96,2,0,0,0,6921.32,2882.57,0,0.0,0,0.0,1041.96,1,1,4,14,1,130.8,120.34,-10.46,0.92,0,5.0,0,1,0,0,17628130
38.0,1,1,2,1,1595.21,4,0,0,0,28053.77,4034.06,5,269.07,0,0.0,1864.28,0,0,0,0,2,9.5,7.31,-2.19,0.769,1,21.38,1,1,0,0,11183409
30.0,1,1,1,1,1287.3,2,0,1,0,6891.16,2684.75,0,219.79,0,0.0,1507.09,0,0,0,0,2,9.5,9.39,-0.11,0.988,1,34.49,0,0,0,0,10822851
44.0,0,1,5,1,924.32,2,0,1,0,17524.65,804.99,1,226.71,1,67.61,1218.64,0,0,0,0,2,9.5,9.88,0.38,1.04,1,21.02,0,0,0,0,17054114
33.0,1,1,5,4,1397.74,0,0,1,0,4228.67,1751.7,5,89.4,0,0.0,1487.14,1,1,4,7,0,122.4,120.22,-2.18,0.982,1,24.12,0,0,0,1,17155694
39.0,0,2,6,1,1662.57,2,2,1,0,9205.92,609.74,0,0.0,0,0.0,1662.57,1,1,4,5,1,120.0,134.99,14.99,1.125,0,5.0,0,0,0,0,13573730
33.0,1,1,5,1,1287.66,0,2,0,1,17160.59,1143.07,1,164.66,0,0.0,1452.32,1,1,6,4,1,178.2,126.42,-51.78,0.709,1,9.19,0,1,0,1,16103165
18.0,0,2,3,1,1129.34,2,3,2,0,4319.02,4068.85,0,0.0,0,0.0,1129.34,1,1,6,8,1,185.4,154.19,-31.21,0.832,0,5.0,0,1,0,1,14482690
36.0,1,1,1,0,1313.7,1,0,1,0,14702.1,2924.85,3,402.0,1,150.1,1865.8,0,0,0,0,2,9.5,9.91,0.41,1.043,1,29.38,1,0,0,0,19570368
20.0,0,1,7,1,1191.09,2,0,1,0,22647.6,2031.11,1,414.69,0,0.0,1605.78,1,3,4,6,1,121.2,118.18,-3.02,0.975,0,5.0,0,1,0,1,13568789
44.0,1,1,8,0,1367.8,0,3,0,1,18088.88,4364.26,2,269.45,0,0.0,1637.25,0,0,0,0,2,9.5,9.84,0.34,1.036,0,5.0,0,0,0,0,19320167
27.0,0,1,5,4,1004.46,0,0,2,0,6946.15,3841.59,2,290.25,0,0.0,1294.71,0,0,0,0,2,9.5,10.96,1.46,1.154,0,5.0,0,3,0,0,16923743
28.0,0,1,5,4,813.1,2,3,0,0,7925.74,1250.87,2,245.28,0,0.0,1058.38,1,1,4,1,0,115.2,158.36,43.16,1.375,1,21.73,1,0,0,1,19178572
35.0,0,1,8,1,1431.1,0,0,2,0,18669.67,3281.8,3,185.43,0,0.0,1616.53,1,2,4,5,1,120.0,104.36,-15.64,0.87,1,23.45,0,2,0,1,10891413
42.0,0,3,8,2,1773.2,3,0,1,0,14654.57,582.7,1,0.0,0,0.0,1773.2,0,0,0,0,2,9.5,12.51,3.01,1.317,1,31.47,0,0,0,0,13244684
33.0,0,2,5,1,1237.06,2,2,0,1,25390.18,1441.06,0,0.0,0,0.0,1237.06,0,0,0,0,2,9.5,11.99,2.49,1.262,0,5.0,1,1,0,0,17665509
55.0,0,2,6,4,1114.68,0,0,1,0,5262.56,2491.9,0,0.0,0,0.0,1114.68,1,2,6,12,0,192.6,193.35,0.75,1.004,1,19.68,0,0,0,0,12742322
55.0,1,1,6,0,1976.61,3,0,2,0,5293.84,1538.79,1,268.33,1,61.41,2306.35,1,1,4,11,1,127.2,128.96,1.76,1.014,0,5.0,0,0,0,1,16215180
56.0,1,1,5,0,1440.32,4,0,0,1,8117.09,3345.46,6,163.05,3,126.05,1729.42,1,1,4,10,1,126.0,128.94,2.94,1.023,1,23.41,0,0,0,1,15292828
32.0,1,1,4,4,1411.23,3,0,2,0,6614.22,2671.85,4,275.43,1,67.68,1754.34,0,0,0,0,2,9.5,10.83,1.33,1.14,0,5.0,0,0,0,0,17441991
18.0,1,2,5,3,1198.04,0,2,2,0,9573.08,2427.83,0,0.0,0,0.0,1198.04,1,3,6,9,0,187.2,235.58,48.38,1.258,0,5.0,0,2,0,1,16613667
50.0,1,2,6,1,950.37,0,1,1,0,11963.21,3915.92,0,0.0,0,0.0,950.37,1,1,4,10,0,126.0,112.64,-13.36,0.894,1,24.01,1,1,0,0,19348187
30.0,1,2,4,3,990.86,1,0,1,1,4902.64,1830.78,0,0.0,0,0.0,990.86,0,0,0,0,2,9.5,12.09,2.59,1.273,1,35.52,0,1,0,0,12170560
35.0,0,2,7,2,1041.65,4,2,0,1,9691.34,5828.99,0,0.0,0,0.0,1041.65,1,1,8,10,1,262.5,210.01,-52.49,0.8,1,34.14,1,2,0,0,14587263
43.0,1,1,2,3,680.87,0,0,0,0,13519.49,3720.86,0,235.3,0,0.0,916.17,1,1,4,5,0,120.0,124.1,4.1,1.034,1,20.68,0,0,0,0,19171154
18.0,1,2,3,2,1034.12,1,0,0,1,7774.09,5085.38,0,0.0,0,0.0,1034.12,0,0,0,0,2,9.5,10.35,0.85,1.089,1,26.99,0,2,0,0,14840942
55.0,1,1,7,2,1145.27,2,0,1,1,10552.6,3410.84,2,469.55,1,65.85,1680.67,1,1,6,9,1,187.2,163.21,-23.99,0.872,1,24.81,0,4,0,1,17446823
45.0,1,1,9,4,1015.95,0,0,1,0,15305.59,549.59,0,324.53,0,0.0,1340.48,1,1,8,5,1,250.0,231.79,-18.21,0.927,1,29.8,0,0,0,0,15555402
39.0,1,0,8,3,1193.77,1,0,0,0,14356.02,2778.74,3,0.0,1,38.4,1232.17,0,0,0,0,2,9.5,9.92,0.42,1.044,1,20.08,0,3,0,0,12796726
46.0,1,2,4,3,1076.95,2,0,0,0,19137.99,2396.88,0,0.0,0,0.0,1076.95,1,1,6,12,1,192.6,172.86,-19.74,0.898,1,17.36,1,1,0,0,13438708
42.0,0,3,4,2,1148.89,0,2,1,0,22213.32,2289.48,2,0.0,0,0.0,1148.89,1,1,4,7,1,122.4,118.76,-3.64,0.97,1,14.26,0,2,0,0,11646521
36.0,1,2,5,1,913.64,2,0,1,0,14680.75,1465.73,0,0.0,0,0.0,913.64,0,0,0,0,2,9.5,9.03,-0.47,0.951,1,30.54,0,2,0,0,16037240
31.0,0,1,9,0,1005.04,2,3,2,0,9646.02,9669.12,0,367.76,0,0.0,1372.8,1,1,4,6,0,121.2,136.85,15.65,1.129,1,6.92,0,1,0,0,16330212
26.0,1,1,7,3,1098.89,2,0,2,1,13089.49,5692.35,5,135.76,0,0.0,1234.65,0,0,0,0,2,9.5,13.28,3.78,1.398,1,21.69,0,0,0,0,14179088
38.0,0,1,4,0,877.86,3,0,1,1,16631.54,1402.79,2,159.87,0,0.0,1037.73,0,0,0,0,2,9.5,11.79,2.29,1.241,1,37.73,0,0,0,0,12070768
39.0,1,1,5,2,1072.25,4,2,1,1,22869.63,693.03,3,192.82,0,0.0,1265.07,0,0,0,0,2,9.5,9.86,0.36,1.038,1,14.72,0,3,0,0,14447545
48.0,1,1,2,3,914.99,1,0,0,0,41108.1,751.86,1,261.69,1,46.75,1223.43,1,1,4,4,1,118.8,127.48,8.68,1.073,1,13.39,0,0,0,1,10964201
37.0,0,2,7,2,1425.91,0,2,0,0,14158.62,4404.15,0,0.0,0,0.0,1425.91,1,1,6,11,0,190.8,243.33,52.53,1.275,0,5.0,1,0,0,0,19437396
25.0,0,0,4,2,1026.89,0,0,2,1,12255.32,1079.13,4,0.0,0,0.0,1026.89,0,0,0,0,2,9.5,10.34,0.84,1.088,1,50.28,1,1,0,0,11109672
18.0,1,2,3,3,1253.64,1,2,0,1,6501.87,3160.21,0,0.0,0,0.0,1253.64,1,2,4,10,0,126.0,133.75,7.75,1.062,0,5.0,1,0,0,1,17838390
33.0,0,1,1,2,930.66,0,3,0,1,3728.87,1789.95,2,227.34,0,0.0,1158.0,0,0,0,0,2,9.5,9.3,-0.2,0.979,0,5.0,0,2,0,0,19071069
35.0,0,2,3,1,1036.35,3,2,3,0,38031.34,3120.83,0,0.0,0,0.0,1036.35,1,1,4,9,0,124.8,130.91,6.11,1.049,1,18.48,0,1,0,0,16891252
34.0,0,1,3,0,1072.14,1,0,2,0,36159.76,2028.0,3,754.95,0,0.0,1827.09,0,0,0,0,2,9.5,8.55,-0.95,0.9,1,18.94,0,0,0,0,14647988
18.0,0,1,1,2,723.98,2,3,0,1,29204.25,1558.16,1,170.79,0,0.0,894.77,1,3,6,7,1,183.6,197.62,14.02,1.076,0,5.0,0,0,0,1,17056495
48.0,1,1,2,1,604.5,3,0,1,0,15175.16,4075.67,1,491.96,0,0.0,1096.46,1,3,6,8,0,185.4,166.74,-18.66,0.899,1,32.11,0,0,0,1,15259708
48.0,1,2,3,1,693.62,0,0,0,0,23083.22,3522.03,0,0.0,0,0.0,693.62,0,0,0,0,2,9.5,10.05,0.55,1.058,0,5.0,3,3,0,0,10925311
25.0,1,1,1,1,1305.88,2,1,1,1,19462.37,2578.12,2,288.05,0,0.0,1593.93,1,2,8,8,1,257.5,275.58,18.08,1.07,0,5.0,1,0,0,1,17915313
45.0,0,1,3,4,1254.37,0,2,0,0,11236.65,2947.89,2,327.9,0,0.0,1582.27,1,1,4,11,1,127.2,155.91,28.71,1.226,0,5.0,0,0,0,1,13338860
46.0,1,1,5,1,1014.85,0,0,0,0,7561.8,1769.28,1,265.29,1,159.4,1439.54,0,0,0,0,2,9.5,8.98,-0.52,0.945,1,25.92,0,1,0,0,14708028
35.0,0,1,3,1,585.29,0,0,1,1,10450.4,1035.47,2,107.11,0,0.0,692.4,1,1,4,10,1,126.0,111.2,-14.8,0.883,1,23.91,0,3,0,1,14696335
24.0,1,2,5,0,1321.62,1,0,1,1,13043.13,2791.18,0,0.0,0,0.0,1321.62,0,0,0,0,2,9.5,9.28,-0.22,0.977,1,22.92,0,2,0,0,16828335
54.0,1,3,6,0,922.31,4,0,0,0,4109.28,2430.46,2,0.0,0,0.0,922.31,1,1,8,9,1,260.0,229.89,-30.11,0.884,0,5.0,0,5,0,0,15773373
40.0,1,2,5,0,1174.68,0,0,0,1,19070.7,902.93,0,0.0,0,0.0,1174.68,0,0,0,0,2,9.5,11.27,1.77,1.186,0,5.0,0,2,0,0,11698326
32.0,0,2,9,1,1195.57,2,3,0,0,12525.79,2919.11,0,0.0,0,0.0,1195.57,0,0,0,0,2,9.5,8.73,-0.77,0.919,1,24.4,0,1,0,0,17337440
44.0,0,1,7,1,1465.14,0,0,0,0,4629.63,3016.05,2,176.36,0,0.0,1641.5,1,1,4,14,0,130.8,114.47,-16.33,0.875,1,17.42,0,2,0,1,15335354
54.0,0,1,3,0,1106.75,0,0,2,0,15453.78,1329.96,1,218.78,0,0.0,1325.53,1,2,4,6,0,121.2,98.49,-22.71,0.813,0,5.0,0,1,0,1,12230704
29.0,1,2,5,1,80.0,2,0,0,0,12766.68,4712.05,0,0.0,0,0.0,80.0,1,1,8,8,1,257.5,298.13,40.63,1.158,1,23.37,0,0,0,1,10786987
43.0,1,1,4,2,1287.43,2,0,2,0,31959.93,2368.09,2,408.48,1,248.76,1944.67,0,0,0,0,2,9.5,11.75,2.25,1.237,0,5.0,0,2,0,0,10594447
58.0,0,2,3,4,842.45,2,1,0,0,7832.16,818.98,0,0.0,0,0.0,842.45,1,1,4,4,1,118.8,105.31,-13.49,0.886,1,23.16,0,1,0,0,14044970
22.0,1,2,5,3,640.8,2,2,0,0,2305.08,2221.43,0,0.0,0,0.0,640.8,0,0,0,0,2,9.5,10.04,0.54,1.057,0,5.0,0,0,0,0,12718320
28.0,1,1,7,3,815.38,2,2,0,1,7273.33,4155.18,0,169.96,0,0.0,985.34,0,0,0,0,2,9.5,28.700000000000003,19.2,3.021,0,5.0,2,4,1,0,12798831
28.0,1,1,2,1,417.29,2,1,0,0,15252.33,2505.71,2,419.25,0,0.0,836.54,1,1,4,13,1,129.6,153.26,23.66,1.183,1,32.87,0,1,0,1,16336863
33.0,1,1,4,3,1320.08,2,1,1,0,13028.93,1218.57,2,122.91,0,0.0,1442.99,0,0,0,0,2,9.5,22.475,12.98,2.366,0,5.0,3,3,1,0,13365668
32.0,0,1,3,0,756.61,4,2,1,0,8000.96,1980.17,1,365.4,0,0.0,1122.01,0,0,0,0,2,9.5,10.02,0.52,1.055,0,5.0,0,2,0,0,11160467
39.0,1,2,3,1,1336.35,2,0,0,0,15466.48,2246.82,0,0.0,0,0.0,1336.35,1,1,6,6,1,181.8,162.78,-19.02,0.895,1,25.03,0,0,0,0,10925582
25.0,1,1,5,4,1061.53,0,0,1,0,9748.1,1037.79,2,266.18,0,0.0,1327.71,0,0,0,0,2,9.5,9.32,-0.18,0.981,1,26.54,0,1,0,0,11955987
28.0,0,2,6,0,1047.38,0,3,3,0,3900.53,271.65,0,0.0,0,0.0,1047.38,1,1,4,8,0,123.6,164.0,40.4,1.327,1,31.5,0,4,0,0,16881391
39.0,1,1,2,4,1283.19,4,0,2,1,9108.07,11347.48,0,302.08,0,0.0,1585.27,1,2,4,7,1,122.4,131.6,9.2,1.075,1,31.44,0,0,0,0,11135552
37.0,1,1,6,2,246.55,1,0,0,0,39751.14,2209.65,3,604.39,0,0.0,850.94,0,0,0,0,2,9.5,9.95,0.45,1.047,1,21.36,0,2,0,0,11060691
45.0,0,1,5,3,1296.76,2,0,1,0,16611.63,2584.74,1,603.46,0,0.0,1900.22,1,1,4,6,1,121.2,141.51,20.31,1.168,0,5.0,0,1,0,1,19731335
40.0,0,0,6,4,1156.25,2,2,1,0,10130.72,1396.21,2,0.0,1,24.91,1181.16,0,0,0,0,2,9.5,9.21,-0.29,0.969,1,10.55,0,0,0,0,12652173
44.0,1,1,3,1,1406.59,2,3,1,1,7338.98,2008.34,1,249.92,0,0.0,1656.51,1,2,4,8,1,123.6,129.85,6.25,1.051,1,18.84,0,3,0,1,12302594
21.0,0,2,3,0,969.14,4,0,0,1,11484.67,5126.37,0,0.0,0,0.0,969.14,0,0,0,0,2,9.5,8.12,-1.38,0.855,1,23.36,0,1,0,0,15896555
30.0,0,1,5,3,1210.18,0,0,0,1,15548.39,2809.82,2,223.12,0,0.0,1433.3,1,1,6,8,0,185.4,205.34,19.94,1.108,0,5.0,2,0,0,1,18031993
57.0,1,0,2,0,859.72,2,1,0,1,16839.31,811.24,5,0.0,0,0.0,859.72,0,0,0,0,2,9.5,11.12,1.62,1.171,0,5.0,0,0,0,0,11920362
40.0,0,1,2,2,1286.63,2,0,1,0,11110.74,7857.49,4,364.54,0,0.0,1651.17,0,0,0,0,2,9.5,12.01,2.51,1.264,0,5.0,0,1,0,0,17396058
44.0,0,2,4,1,1331.69,1,0,0,0,22828.43,1921.2,0,0.0,0,0.0,1331.69,1,1,6,5,1,180.0,168.44,-11.56,0.936,0,5.0,1,1,0,0,13404598
38.0,1,1,1,1,301.39,0,1,3,0,6174.44,1517.15,0,134.15,0,0.0,435.54,1,2,4,9,1,124.8,123.39,-1.41,0.989,1,17.64,0,0,0,1,15602315
40.0,1,2,2,1,1198.92,1,2,2,1,7285.4,1543.56,0,0.0,0,0.0,1198.92,0,0,0,0,2,9.5,11.57,2.07,1.218,1,18.27,0,0,0,0,11098245
32.0,1,2,5,2,807.28,2,3,1,1,14349.84,1417.84,0,0.0,0,0.0,807.28,1,1,6,6,0,181.8,228.71,46.91,1.258,0,5.0,0,2,0,0,15276065
70.0,0,2,9,0,1037.37,2,0,0,1,4677.3,1712.75,0,0.0,0,0.0,1037.37,0,0,0,0,2,9.5,10.21,0.71,1.075,1,30.56,0,0,0,0,14594704
30.0,1,1,3,1,1025.71,2,1,0,0,5250.33,4434.39,4,275.04,0,0.0,1300.75,1,1,6,7,0,183.6,206.72,23.12,1.126,1,32.65,0,3,0,1,12397552
35.0,0,1,7,3,1161.81,2,3,0,0,20372.43,2532.37,3,288.3,0,0.0,1450.11,1,1,6,10,0,189.0,201.31,12.31,1.065,0,5.0,4,0,0,1,19534554
18.0,1,2,8,4,1238.0,0,2,2,0,13865.25,3268.34,0,0.0,0,0.0,1238.0,1,1,4,6,1,121.2,124.49,3.29,1.027,0,5.0,0,3,0,1,12211590
48.0,0,1,3,4,1019.24,1,0,1,1,9308.04,2842.46,4,255.76,0,0.0,1275.0,1,1,4,16,0,133.2,130.87,-2.33,0.983,1,35.57,1,2,0,1,18903826
28.0,0,2,2,1,919.36,0,0,1,0,8228.44,8456.2,0,0.0,0,0.0,919.36,0,0,0,0,2,9.5,5.49,-4.01,0.578,0,5.0,0,1,0,0,18499331
34.0,0,1,4,0,904.97,1,3,1,1,6753.65,991.6,2,102.56,0,0.0,1007.53,0,0,0,0,2,9.5,13.97,4.47,1.471,0,5.0,0,3,0,0,15221800
29.0,0,2,3,1,665.54,4,3,2,0,6221.91,2609.07,0,0.0,0,0.0,665.54,0,0,0,0,2,9.5,12.61,3.11,1.327,1,35.47,0,1,0,0,16195776
33.0,0,1,5,0,536.97,0,0,0,1,4476.91,4181.23,1,123.67,0,0.0,660.64,0,0,0,0,2,9.5,9.58,0.08,1.008,1,18.44,0,1,0,0,13979363
32.0,0,2,3,3,1475.51,2,1,0,0,7836.21,2232.13,0,0.0,0,0.0,1475.51,0,0,0,0,2,9.5,10.98,1.48,1.156,0,5.0,0,2,0,0,15620572
34.0,1,2,3,0,671.14,1,0,3,0,25440.94,1137.26,0,0.0,0,0.0,671.14,0,0,0,0,2,9.5,9.54,0.04,1.004,0,5.0,0,0,0,0,19439451
34.0,0,2,4,0,1578.47,2,0,1,1,13015.91,1351.3,0,0.0,0,0.0,1578.47,0,0,0,0,2,9.5,7.68,-1.82,0.808,1,29.18,2,2,0,0,15023881
33.0,1,1,4,3,769.04,0,3,3,0,7417.73,1163.88,0,261.01,0,0.0,1030.05,1,2,4,16,0,133.2,164.36,31.16,1.234,1,18.02,0,1,0,0,16576885
33.0,0,2,4,0,1302.17,4,0,1,0,8643.06,2804.19,0,0.0,0,0.0,1302.17,1,1,4,4,1,118.8,139.98,21.18,1.178,1,25.49,1,0,0,0,12293348
51.0,0,3,7,2,1454.36,0,0,3,1,14108.42,683.66,2,0.0,0,0.0,1454.36,0,0,0,0,2,9.5,8.0,-1.5,0.842,1,25.96,1,2,0,0,10963829
46.0,1,2,2,2,977.93,0,0,0,0,11603.49,4603.93,0,0.0,0,0.0,977.93,1,1,6,4,1,178.2,173.58,-4.62,0.974,0,5.0,0,1,0,0,15174539
46.0,0,2,8,1,1074.76,2,3,0,0,12406.02,3477.67,0,0.0,0,0.0,1074.76,1,2,6,8,1,185.4,170.36,-15.04,0.919,1,22.79,0,0,0,0,11211812
26.0,1,1,2,0,1161.29,2,0,1,0,2504.97,715.54,1,144.71,0,0.0,1306.0,0,0,0,0,2,9.5,8.75,-0.75,0.921,1,36.66,0,0,0,0,11156110
50.0,0,1,3,4,1150.2,1,0,1,1,24007.29,677.88,4,328.72,2,113.0,1591.92,1,3,6,13,1,194.4,267.63,73.23,1.377,1,21.42,0,2,0,1,19115796
49.0,0,1,5,1,874.2,1,0,1,0,13542.12,11451.55,1,163.75,0,0.0,1037.95,1,2,4,1,0,115.2,128.84,13.64,1.118,1,7.07,0,2,0,1,17250144
28.0,1,2,2,1,626.69,2,1,3,0,12577.27,2608.41,0,0.0,0,0.0,626.69,1,2,4,8,1,123.6,148.47,24.87,1.201,1,22.26,0,2,0,0,12627489
53.0,0,1,1,3,1177.0,1,0,1,0,24817.99,2780.51,2,498.84,0,0.0,1675.84,1,2,4,9,1,124.8,97.37,-27.43,0.78,1,16.31,0,1,0,1,17093481
27.0,0,2,5,3,1218.79,0,1,2,0,5760.56,10479.7,0,0.0,0,0.0,1218.79,0,0,0,0,2,9.5,8.58,-0.92,0.903,1,30.14,0,1,0,0,16609426
18.0,1,1,2,0,895.45,1,0,3,0,7003.02,864.98,2,457.7,0,0.0,1353.15,1,2,4,6,0,121.2,133.17,11.97,1.099,1,25.03,0,1,0,1,17574450
48.0,1,1,9,4,1460.25,2,0,3,0,27430.21,946.04,2,285.99,0,0.0,1746.24,0,0,0,0,2,9.5,8.37,-1.13,0.881,0,5.0,0,2,0,0,11525699
34.0,1,1,5,3,933.36,0,0,0,0,9051.91,1541.48,1,345.87,0,0.0,1279.23,0,0,0,0,2,9.5,8.57,-0.93,0.902,1,27.03,3,1,0,0,15951721
47.0,0,2,5,3,1330.3,2,2,0,0,8120.87,1566.09,0,0.0,0,0.0,1330.3,0,0,0,0,2,9.5,10.32,0.82,1.086,1,44.43,0,0,0,0,18538101
26.0,1,2,5,2,1322.46,1,0,0,0,7407.18,2978.0,0,0.0,0,0.0,1322.46,0,0,0,0,2,9.5,10.48,0.98,1.103,1,19.04,0,0,0,0,13235939
20.0,1,2,1,1,604.86,0,3,1,0,6759.48,3758.67,0,0.0,0,0.0,604.86,1,1,4,11,1,127.2,140.66,13.46,1.106,1,24.98,0,1,0,1,16020654
50.0,1,1,5,2,1345.21,0,3,1,0,13509.0,10788.88,1,301.8,1,50.55,1697.56,1,1,6,8,0,185.4,178.32,-7.08,0.962,1,25.57,0,0,0,1,15473939
18.0,1,1,3,1,384.4,2,3,0,0,24826.9,3549.69,2,246.25,0,0.0,630.65,1,1,4,7,0,122.4,172.38,49.98,1.408,0,5.0,0,3,0,1,10394670
18.0,1,1,3,0,1176.61,1,2,0,1,9099.08,2273.15,2,294.35,0,0.0,1470.96,0,0,0,0,2,9.5,10.12,0.62,1.065,0,5.0,0,0,0,0,18912956
18.0,1,2,5,3,865.6,1,3,1,0,14642.37,1211.61,0,0.0,0,0.0,865.6,1,1,4,4,0,118.8,132.71,13.91,1.117,1,29.16,0,0,0,1,16228339
18.0,1,1,5,3,1133.28,1,3,1,0,14232.49,10688.45,5,150.65,0,0.0,1283.93,1,1,6,9,0,187.2,232.26,45.06,1.241,0,5.0,1,1,0,1,10555548
23.0,1,2,5,1,1457.17,3,2,2,0,12403.26,3331.07,0,0.0,0,0.0,1457.17,0,0,0,0,2,9.5,10.6,1.1,1.116,1,5.02,0,0,0,0,13750600
18.0,0,2,4,2,1268.49,2,2,2,0,19592.03,656.3,0,0.0,0,0.0,1268.49,1,1,6,11,1,190.8,405.775,214.97,2.127,1,16.69,2,6,1,1,13946749
35.0,1,2,3,3,1271.36,2,0,1,1,21633.99,1762.13,0,0.0,0,0.0,1271.36,0,0,0,0,2,9.5,10.59,1.09,1.115,1,21.9,0,1,0,0,18553269
18.0,1,2,4,1,1395.05,1,2,0,0,26276.18,3872.22,0,0.0,0,0.0,1395.05,0,0,0,0,2,9.5,12.11,2.61,1.275,1,19.07,0,1,0,0,13121496
22.0,1,2,5,3,955.93,0,2,0,0,20130.7,1232.83,0,0.0,0,0.0,955.93,0,0,0,0,2,9.5,9.28,-0.22,0.977,1,27.34,1,0,0,0,18411840
63.0,0,2,3,2,1261.4,4,0,1,0,35429.76,6785.87,0,0.0,0,0.0,1261.4,1,1,4,13,1,129.6,104.83,-24.77,0.809,0,5.0,0,0,0,0,17355465
39.0,0,2,3,0,1140.54,1,0,0,0,5048.77,1553.37,0,0.0,0,0.0,1140.54,0,0,0,0,2,9.5,9.66,0.16,1.017,1,21.16,0,2,0,0,16989063
36.0,1,1,4,0,956.9,4,0,0,0,10418.31,1263.87,1,352.56,0,0.0,1309.46,0,0,0,0,2,9.5,12.65,3.15,1.332,1,33.18,0,2,0,0,15443791
18.0,1,2,1,2,1196.68,4,3,0,0,8007.24,2529.29,0,0.0,0,0.0,1196.68,0,0,0,0,2,9.5,10.13,0.63,1.066,1,18.17,0,0,0,0,12275798
32.0,1,1,3,4,871.92,0,1,2,0,7300.77,845.71,0,248.28,0,0.0,1120.2,0,0,0,0,2,9.5,8.06,-1.44,0.848,0,5.0,0,0,0,0,12034984
36.0,0,2,1,1,1276.47,0,3,1,0,15357.89,4232.76,0,0.0,0,0.0,1276.47,1,2,4,5,1,120.0,82.64,-37.36,0.689,1,16.73,0,1,0,0,12249352
18.0,1,2,5,1,694.03,2,3,1,1,12309.1,2419.07,0,0.0,0,0.0,694.03,0,0,0,0,2,9.5,11.01,1.51,1.159,1,12.23,1,2,0,0,11796235
37.0,1,2,3,2,1510.27,0,0,0,1,58196.97,3487.01,0,0.0,0,0.0,1510.27,1,1,4,7,1,122.4,137.67,15.27,1.125,0,5.0,0,1,0,0,13181402
49.0,1,1,6,4,991.2,4,0,0,0,6259.47,2654.23,1,174.97,1,56.2,1222.37,1,1,4,8,1,123.6,132.81,9.21,1.075,1,34.84,0,2,0,1,17480765
31.0,0,2,3,0,1236.29,3,0,0,0,3483.28,2195.13,0,0.0,0,0.0,1236.29,0,0,0,0,2,9.5,9.53,0.03,1.003,0,5.0,1,0,0,0,14347241
33.0,1,1,3,3,968.58,4,0,1,0,27789.24,5777.89,1,300.75,0,0.0,1269.33,1,1,4,7,1,122.4,146.21,23.81,1.195,0,5.0,0,1,0,1,10364601
18.0,1,1,4,1,871.21,4,2,1,1,19866.88,1642.76,0,263.55,0,0.0,1134.76,0,0,0,0,2,9.5,9.59,0.09,1.009,1,38.74,0,0,0,0,15428845
18.0,1,1,3,1,1071.71,2,2,1,0,9369.67,3761.74,3,237.73,0,0.0,1309.44,1,1,4,4,1,118.8,150.62,31.82,1.268,1,33.05,0,4,0,1,16638916
48.0,0,2,3,2,1566.27,2,0,0,0,8722.57,2641.81,0,0.0,0,0.0,1566.27,0,0,0,0,2,9.5,11.55,2.05,1.216,0,5.0,0,0,0,0,17189166
27.0,1,1,4,0,1109.09,1,0,2,1,7514.49,2390.25,1,318.77,0,0.0,1427.86,0,0,0,0,2,9.5,11.17,1.67,1.176,0,5.0,0,2,0,0,12032003
24.0,1,2,5,2,848.77,2,2,2,1,19188.91,1806.39,0,0.0,0,0.0,848.77,1,1,4,10,0,126.0,132.41,6.41,1.051,1,28.36,0,0,0,1,17221536
27.0,0,1,3,1,568.06,4,0,0,0,49398.99,1019.0,1,346.11,0,0.0,914.17,1,1,4,14,1,130.8,148.93,18.13,1.139,1,16.03,0,0,0,1,18419316
34.0,0,2,2,0,1119.11,0,0,0,0,11770.08,2613.32,0,0.0,0,0.0,1119.11,0,0,0,0,2,9.5,9.31,-0.19,0.98,1,35.79,0,2,0,0,18896628
21.0,0,1,5,2,1134.81,2,2,0,0,5201.2,921.03,4,539.71,0,0.0,1674.52,0,0,0,0,2,9.5,10.07,0.57,1.06,1,18.74,1,0,0,0,19126967
37.0,1,2,8,4,849.11,0,0,1,1,7842.71,580.65,0,0.0,0,0.0,849.11,0,0,0,0,2,9.5,9.63,0.13,1.014,0,5.0,0,3,0,0,12395650
19.0,1,2,4,0,1273.37,1,2,1,1,5544.44,2620.33,0,0.0,0,0.0,1273.37,1,1,6,11,1,190.8,216.78,25.98,1.136,1,29.08,0,1,0,1,10504935
44.0,0,1,2,0,1160.33,0,0,1,0,9587.93,716.6,0,480.5,0,0.0,1640.83,0,0,0,0,2,9.5,10.96,1.46,1.154,0,5.0,0,0,0,0,13576520
22.0,0,2,2,1,1120.65,1,2,2,1,5700.59,5753.23,0,0.0,0,0.0,1120.65,0,0,0,0,2,9.5,11.13,1.63,1.172,1,24.45,0,1,0,0,12947233
51.0,0,2,4,0,1195.77,1,1,0,1,13757.74,1308.24,0,0.0,0,0.0,1195.77,0,0,0,0,2,9.5,11.3,1.8,1.189,0,5.0,1,0,0,0,15186635
35.0,1,2,6,0,737.84,2,1,1,1,24442.22,2201.35,0,0.0,0,0.0,737.84,0,0,0,0,2,9.5,11.95,2.45,1.258,0,5.0,0,0,0,0,15652885
25.0,0,2,5,1,1171.61,2,0,2,0,9256.12,1333.37,0,0.0,0,0.0,1171.61,0,0,0,0,2,9.5,10.94,1.44,1.152,1,32.09,1,1,0,0,15783399
46.0,1,1,6,1,1090.55,2,2,1,1,7775.05,2309.01,3,610.36,0,0.0,1700.91,1,2,4,6,1,121.2,114.02,-7.18,0.941,0,5.0,1,1,0,1,10266219
19.0,0,2,4,0,1434.3,2,2,0,0,17333.01,3475.57,0,0.0,0,0.0,1434.3,0,0,0,0,2,9.5,11.38,1.88,1.198,0,5.0,0,1,0,0,16643083
28.0,0,1,6,3,925.69,2,0,2,0,6909.61,4029.91,0,229.05,0,0.0,1154.74,1,3,8,11,1,265.0,273.47,8.47,1.032,1,21.18,1,2,0,0,11191454
35.0,1,2,7,1,1295.93,2,0,1,0,6102.13,1412.49,0,0.0,0,0.0,1295.93,1,1,6,13,0,194.4,207.63,13.23,1.068,1,25.68,0,0,0,0,14908519
