Age,Gender,Marital_Status,Governorate,Household_Size,Salary,Degree_Level,Employment_Status,Primary_Income_Source,Has_Other_Social_Benefits,Assets_Value,Liabilities_Value,Number_of_Children,Working_Children_Count,Total_Spouse_Income,Total_Children_Income,Total_Household_Income,Vehicle_Ownership,Vehicle_Count,Cylinder_Count,Vehicle_Age_Years,Fuel_Type,Expected_Fuel_Consumption_L,Average_Fuel_Consumption_L,Fuel_Deviation_L,Fuel_Deviation_Ratio,Previous_Subsidy_Received,Previous_Subsidy_Amount,Late_or_Missed_Renewals,Applications_Last_12_Months,Eligible,ID,Fraud
22.0,1,2,1,1,80.0,2,2,1,0,4800.57,1201.3,0,0,0.0,0.0,80.0,1,1,4,8,1,100.0,85.797,-14.2,0.858,1,30.26,1,2,1,14056736,0
47.0,1,1,1,4,80.0,4,0,0,1,2132.85,2749.14,1,0,213.73,0.0,293.73,1,0,6,9,1,100.0,54.788,-45.21,0.548,0,5.0,0,0,1,17297915,0
38.0,0,2,2,3,83.97,0,0,1,1,2389.59,3332.81,0,0,0.0,0.0,83.97,1,3,4,10,1,100.0,94.129,-5.87,0.941,1,24.74,0,1,1,12807222,0
18.0,1,2,2,4,172.85,4,2,1,0,5342.45,1170.7,0,0,0.0,0.0,172.85,1,3,4,8,1,100.0,111.447,11.45,1.114,1,12.81,0,0,1,10605820,0
28.0,0,2,1,5,80.0,1,3,0,0,2231.54,1985.26,0,0,0.0,0.0,80.0,1,1,6,5,1,100.0,46.568,-53.43,0.466,1,23.37,0,1,1,13210990,0
55.0,1,2,2,4,127.66,1,0,0,0,1740.51,645.13,0,0,0.0,0.0,127.66,0,0,0,0,2,0.0,0.0,0.0,0.0,1,17.65,0,1,0,11177262,0
18.0,1,2,4,1,148.34,0,2,0,1,3691.39,729.42,0,0,0.0,0.0,148.34,1,2,8,9,1,100.0,78.617,-21.38,0.786,1,22.81,1,1,1,10085517,0
30.0,0,2,4,3,80.0,3,3,0,0,2458.39,5545.64,0,0,0.0,0.0,80.0,1,0,4,4,1,100.0,113.153,13.15,1.132,1,25.4,0,0,1,17124620,0
50.0,1,2,0,3,80.0,1,3,2,0,3559.99,1819.08,0,0,0.0,0.0,80.0,1,1,4,6,1,100.0,82.107,-17.89,0.821,1,24.82,1,2,1,18326144,0
25.0,0,1,4,5,140.82,2,0,1,1,3602.62,3183.83,0,0,417.07,0.0,557.89,1,4,6,7,0,100.0,91.272,-8.73,0.913,0,5.0,0,2,1,15712326,0
27.0,0,2,3,8,80.0,3,0,0,0,1326.77,1413.33,0,0,0.0,0.0,80.0,1,1,6,6,0,100.0,101.182,1.18,1.012,1,30.59,0,1,1,19565385,0
34.0,1,1,3,3,80.0,1,0,0,0,1189.03,1437.65,3,1,229.21,131.14,440.35,0,0,0,0,2,0.0,0.0,0.0,0.0,1,26.26,1,2,0,14023699,0
53.0,1,2,1,5,85.67,2,0,0,1,878.29,2047.7,0,0,0.0,0.0,85.67,1,0,4,6,1,100.0,97.829,-2.17,0.978,0,5.0,1,2,1,14138398,0
27.0,1,1,0,3,80.0,0,0,1,0,1425.92,2416.53,1,0,705.72,0.0,785.72,1,1,4,4,1,100.0,71.167,-28.83,0.712,1,17.64,0,0,1,17060889,0
30.0,0,1,1,2,80.0,1,0,1,0,2247.83,1518.84,1,0,540.48,0.0,620.48,1,0,6,7,0,100.0,70.695,-29.31,0.707,1,25.82,1,2,1,10117612,0
30.0,0,2,2,3,80.0,0,0,1,1,2600.47,907.71,0,0,0.0,0.0,80.0,1,0,4,1,1,100.0,152.301,52.3,1.523,0,5.0,0,1,1,15044581,0
61.0,0,2,3,8,146.29,2,0,0,1,3168.03,2986.25,0,0,0.0,0.0,146.29,1,2,4,3,1,100.0,109.306,9.31,1.093,0,5.0,1,2,1,18360637,0
61.0,1,1,2,1,80.0,0,2,1,0,4450.69,3263.7,1,0,270.66,0.0,350.66,1,1,6,5,0,100.0,138.536,38.54,1.385,1,28.85,1,1,1,17878481,0
47.0,1,1,3,5,95.68,1,0,0,0,7620.57,1290.42,4,1,192.31,66.48,354.47,1,0,4,8,0,100.0,89.467,-10.53,0.895,1,18.78,1,1,1,14629486,0
40.0,0,1,1,6,84.09,1,3,0,1,1548.51,1114.05,1,0,145.52,0.0,229.61,0,0,0,0,2,0.0,0.0,0.0,0.0,1,29.88,0,1,0,12015382,0
44.0,1,1,4,4,80.0,1,0,0,0,5873.89,3900.8,1,0,584.46,0.0,664.46,1,2,4,4,1,100.0,139.554,39.55,1.396,1,20.62,0,2,1,19035199,0
53.0,1,3,3,5,110.79,1,0,0,1,10642.1,676.99,1,0,0.0,0.0,110.79,1,1,4,8,1,100.0,72.48,-27.52,0.725,1,22.24,0,0,1,11823804,0
24.0,1,2,0,4,80.0,4,2,1,0,3885.84,4130.94,0,0,0.0,0.0,80.0,1,1,6,8,1,100.0,78.684,-21.32,0.787,1,20.47,0,1,1,13595683,0
49.0,0,0,2,5,86.17,2,3,0,0,3130.37,3738.04,1,1,0.0,34.86,121.03,1,3,4,7,1,100.0,119.26,19.26,1.193,1,10.56,0,0,1,14221145,0
20.0,1,2,1,2,80.0,0,2,1,1,1079.98,4497.3,0,0,0.0,0.0,80.0,1,2,4,10,1,100.0,63.33,-36.67,0.633,1,35.27,1,0,1,19984281,0
27.0,1,2,2,5,80.0,2,0,1,0,1629.58,5207.26,0,0,0.0,0.0,80.0,1,3,6,5,1,100.0,112.472,12.47,1.125,0,5.0,0,1,1,12559800,0
46.0,1,3,1,2,80.0,2,0,1,1,2481.08,1952.63,1,0,0.0,0.0,80.0,0,0,0,0,2,0.0,0.0,0.0,0.0,1,16.61,0,1,0,15242405,0
18.0,1,1,1,1,80.0,1,2,1,1,2567.7,1526.79,1,0,159.54,0.0,239.54,1,0,4,6,1,100.0,91.403,-8.6,0.914,1,17.34,1,0,1,19194700,0
33.0,1,1,2,3,125.03,0,3,2,0,4081.56,1460.56,0,0,254.33,0.0,379.36,1,1,4,6,0,100.0,104.661,4.66,1.047,0,5.0,0,0,1,10726972,0
25.0,0,0,1,7,80.0,2,0,2,1,3108.06,2030.99,3,1,0.0,100.14,180.14,1,1,8,5,0,100.0,125.825,25.83,1.258,0,5.0,1,0,1,15929516,0
32.0,0,1,3,4,80.0,1,3,1,0,2516.86,2932.34,4,0,269.07,0.0,349.07,1,2,4,4,1,100.0,96.55,-3.45,0.966,0,5.0,1,0,1,11159515,0
18.0,1,2,1,5,80.0,2,2,0,0,2053.95,513.06,0,0,0.0,0.0,80.0,1,2,4,7,1,100.0,125.426,25.43,1.254,0,5.0,0,1,1,15354046,0
18.0,0,2,3,4,138.45,2,3,0,0,4486.11,6117.56,0,0,0.0,0.0,138.45,1,0,4,5,1,100.0,153.549,53.55,1.535,1,24.61,1,0,1,17907124,0
27.0,1,1,1,2,80.0,4,2,1,1,2180.65,2499.6,1,0,219.79,0.0,299.79,1,0,4,6,1,100.0,62.499,-37.5,0.625,0,5.0,0,1,1,15376069,0
46.0,1,1,3,3,94.18,1,0,0,0,5554.12,3496.1,2,1,226.71,152.18,473.07,1,0,4,7,1,100.0,110.186,10.19,1.102,1,32.56,1,2,1,11646836,0
33.0,1,0,1,3,80.0,0,0,3,1,2554.64,5512.87,0,0,0.0,0.0,80.0,1,1,4,2,0,100.0,108.13,8.13,1.081,0,5.0,0,1,1,13417829,0
35.0,0,2,3,1,94.42,2,3,0,0,2626.09,1325.51,0,0,0.0,0.0,94.42,1,2,8,7,1,100.0,130.834,30.83,1.308,1,24.43,0,1,1,15049500,0
43.0,1,1,4,6,118.61,2,0,1,0,5498.17,1205.88,4,3,89.4,380.54,588.55,1,1,4,3,1,100.0,95.384,-4.62,0.954,1,25.31,2,1,1,19051196,0
24.0,0,2,0,5,80.0,0,2,0,0,3725.9,1367.24,0,0,0.0,0.0,80.0,1,1,6,9,1,100.0,84.05,-15.95,0.84,1,21.45,0,1,1,12243913,0
38.0,1,1,2,4,117.02,3,2,1,0,1326.84,925.59,1,0,164.66,0.0,281.68,0,0,0,0,2,0.0,0.0,0.0,0.0,0,5.0,0,2,0,11689171,0
25.0,0,1,1,1,80.0,4,0,2,0,3273.49,1863.16,0,0,402.0,0.0,482.0,1,3,6,6,1,100.0,91.028,-8.97,0.91,1,27.22,0,2,1,12225931,0
18.0,0,2,3,3,80.0,1,0,1,0,2803.2,2508.52,0,0,0.0,0.0,80.0,1,2,4,8,1,100.0,67.751,-32.25,0.678,1,30.98,0,2,1,15419216,0
30.0,1,1,1,4,108.65,1,2,0,0,2086.75,1366.84,4,0,414.69,0.0,523.34,1,1,4,11,0,100.0,56.964,-43.04,0.57,0,5.0,0,1,1,12000110,0
42.0,1,0,2,3,129.51,1,2,0,0,2718.19,2870.22,1,0,0.0,0.0,129.51,1,1,4,8,0,100.0,125.278,25.28,1.253,1,14.28,0,0,1,19737926,0
39.0,0,2,2,5,80.0,2,2,0,0,2532.21,948.22,0,0,0.0,0.0,80.0,1,1,4,5,1,100.0,94.589,-5.41,0.946,0,5.0,1,0,1,18426957,0
35.0,1,1,0,3,80.0,2,0,0,0,777.52,6402.81,1,1,269.45,93.29,442.74,1,1,6,10,1,100.0,111.718,11.72,1.117,0,5.0,1,0,1,10258314,0
64.0,0,2,0,5,143.1,2,0,2,1,2454.85,1948.5,0,0,0.0,0.0,143.1,1,4,4,7,1,100.0,133.603,33.6,1.336,0,5.0,0,0,1,18409999,0
40.0,1,1,1,5,80.0,2,0,2,0,4817.1,1569.76,5,1,290.25,102.64,472.89,1,0,8,6,1,100.0,89.865,-10.14,0.899,1,12.98,0,2,1,11514175,0
47.0,0,2,3,1,80.0,1,0,2,0,3866.75,5889.66,0,0,0.0,0.0,80.0,1,1,6,9,0,100.0,110.067,10.07,1.101,0,5.0,0,0,1,18032044,0
62.0,1,2,4,4,109.65,0,3,2,0,2835.02,2400.19,0,0,0.0,0.0,109.65,1,3,4,5,1,100.0,99.276,-0.72,0.993,1,29.83,0,1,1,19408430,0
19.0,1,1,3,6,80.0,0,0,1,0,2237.42,740.93,0,0,245.28,0.0,325.28,1,1,4,4,1,100.0,78.064,-21.94,0.781,1,18.19,0,0,1,11485515,0
23.0,1,2,1,2,131.58,0,0,0,0,2754.64,3437.77,0,0,0.0,0.0,131.58,1,0,4,9,1,100.0,83.994,-16.01,0.84,1,23.95,0,0,1,11283811,0
56.0,1,2,0,6,80.0,4,0,0,1,1891.77,3391.03,0,0,0.0,0.0,80.0,1,3,4,8,0,100.0,105.368,5.37,1.054,1,35.66,3,3,1,11363477,0
25.0,1,1,1,6,80.0,4,1,0,1,3276.82,900.45,3,0,185.43,0.0,265.43,1,2,4,9,1,100.0,130.502,30.5,1.305,0,5.0,0,0,1,10874888,0
35.0,1,2,0,6,104.16,1,0,0,1,1865.37,4760.52,0,0,0.0,0.0,104.16,1,1,4,7,1,100.0,109.445,9.44,1.094,1,22.73,0,0,1,12275294,0
48.0,0,1,0,5,123.73,2,0,0,0,2980.92,1134.39,3,0,268.33,0.0,392.06,1,0,4,11,1,100.0,77.196,-22.8,0.772,1,30.03,1,0,1,15462588,0
46.0,0,1,4,6,113.36,2,0,0,0,4741.71,6904.37,3,1,163.05,155.69,432.1,1,0,4,8,1,100.0,77.157,-22.84,0.772,0,5.0,0,2,1,13668058,0
56.0,0,0,0,9,104.59,2,3,0,1,2762.91,949.06,5,2,0.0,163.68,268.27,1,1,8,8,1,100.0,131.842,31.84,1.318,1,23.32,0,0,1,14138871,0
53.0,1,1,4,5,113.85,0,1,2,0,1766.75,598.01,1,0,275.43,0.0,389.28,1,0,6,3,1,100.0,103.719,3.72,1.037,0,5.0,0,0,1,11510638,0
48.0,1,1,1,5,89.18,2,1,1,0,2024.87,2137.85,2,0,235.3,0.0,324.48,1,6,6,6,1,100.0,111.553,11.55,1.116,1,25.49,0,1,1,15979576,0
26.0,0,1,3,4,120.39,0,0,1,1,3233.77,1483.97,2,0,469.55,0.0,589.94,1,1,6,5,1,100.0,113.616,13.62,1.136,1,15.92,0,2,1,19722079,0
45.0,0,1,3,3,84.36,2,0,0,0,2052.9,3499.22,1,0,324.53,0.0,408.89,1,1,8,6,1,100.0,129.866,29.87,1.299,1,24.4,0,0,1,13603995,0
39.0,0,2,3,6,100.66,2,2,1,0,7691.23,1296.27,0,0,0.0,0.0,100.66,1,0,6,9,0,100.0,157.147,57.15,1.571,0,5.0,0,2,1,10982344,0
19.0,1,1,3,4,80.0,2,2,1,0,5591.26,1401.72,1,0,367.76,0.0,447.76,1,2,4,4,1,100.0,61.387,-38.61,0.614,1,32.63,0,1,1,10975668,0
52.0,1,0,2,2,80.0,0,2,1,1,2884.52,1377.79,4,2,0.0,221.12,301.12,1,1,4,3,1,100.0,61.07,-38.93,0.611,1,27.07,0,2,1,16618873,0
45.0,1,1,1,4,138.5,2,2,1,0,2119.44,1051.3,3,1,135.76,81.6,355.86,1,1,6,3,0,100.0,125.004,25.0,1.25,1,27.56,0,3,1,12389888,0
36.0,1,1,1,3,189.68,2,0,0,1,1285.83,5276.29,2,1,159.87,92.23,441.78,1,0,6,1,0,100.0,102.229,2.23,1.022,0,5.0,0,0,1,19506393,0
32.0,0,1,1,3,80.0,2,0,1,0,6699.95,1466.88,3,0,192.82,0.0,272.82,0,0,0,0,2,0.0,0.0,0.0,0.0,1,25.18,0,0,0,15029248,0
21.0,1,2,3,2,80.0,2,0,1,0,4942.82,4956.45,0,0,0.0,0.0,80.0,1,0,6,7,0,100.0,118.885,18.89,1.189,1,17.52,1,0,1,14634269,0
37.0,0,0,1,6,80.0,1,0,0,0,2034.74,1828.55,3,1,0.0,125.39,205.39,1,2,4,4,1,100.0,85.803,-14.2,0.858,1,27.94,0,1,1,15018764,0
41.0,0,1,2,3,89.0,0,3,1,0,5857.62,1290.21,1,0,261.69,0.0,350.69,1,0,6,9,1,100.0,107.433,7.43,1.074,1,27.62,0,0,1,11215627,0
25.0,1,1,1,2,80.0,1,1,0,1,2498.85,2753.13,1,0,227.34,0.0,307.34,1,2,8,9,0,100.0,139.064,39.06,1.391,1,25.34,0,0,1,14993919,0
49.0,0,2,4,2,80.0,2,3,0,0,2249.31,15172.9,0,0,0.0,0.0,80.0,0,0,0,0,2,0.0,0.0,0.0,0.0,1,34.33,1,1,0,17079516,0
22.0,0,2,4,5,111.25,1,2,0,0,2001.77,1156.56,0,0,0.0,0.0,111.25,1,1,6,12,1,100.0,85.644,-14.36,0.856,1,25.29,0,0,1,19796122,0
18.0,1,2,2,5,192.69,4,2,1,0,2909.78,4956.21,0,0,0.0,0.0,192.69,0,0,0,0,2,0.0,0.0,0.0,0.0,1,25.1,0,2,0,16325136,0
47.0,1,2,4,4,80.0,2,0,1,0,1138.82,2610.76,0,0,0.0,0.0,80.0,1,1,4,10,1,100.0,113.532,13.53,1.135,1,20.96,0,1,1,14658345,0
30.0,0,1,0,2,191.32,2,0,0,1,5744.56,2426.84,3,1,754.95,95.16,1041.43,1,2,4,2,0,100.0,119.185,19.19,1.192,1,23.96,2,0,1,13325043,0
33.0,1,2,1,3,131.32,2,0,0,0,3250.08,1397.55,0,0,0.0,0.0,131.32,1,0,8,11,0,100.0,114.551,14.55,1.146,1,28.29,0,1,1,13710269,0
25.0,0,2,1,1,131.56,0,2,0,1,3302.74,4082.33,0,0,0.0,0.0,131.56,1,1,4,6,1,100.0,83.156,-16.84,0.832,1,29.59,0,1,1,10355975,0
18.0,1,2,3,5,134.37,0,2,1,0,5471.33,1727.59,0,0,0.0,0.0,134.37,1,1,4,10,1,100.0,108.019,8.02,1.08,1,18.68,0,1,1,15222137,0
50.0,1,1,3,5,80.0,0,0,0,1,3237.37,5062.87,5,3,170.79,243.33,494.12,1,3,4,10,0,100.0,81.861,-18.14,0.819,1,15.53,0,1,1,10521934,0
27.0,0,1,3,3,107.72,0,3,1,1,4600.81,2275.4,1,0,491.96,0.0,599.68,0,0,0,0,2,0.0,0.0,0.0,0.0,0,5.0,0,4,0,13288493,0
55.0,1,1,1,3,80.0,0,0,0,1,2762.58,1605.87,3,1,288.05,84.62,452.67,1,1,6,12,0,100.0,130.102,30.1,1.301,1,33.8,0,1,1,15442298,0
45.0,0,2,2,1,95.28,2,1,0,0,1931.09,2099.7,0,0,0.0,0.0,95.28,1,2,4,9,0,100.0,61.683,-38.32,0.617,0,5.0,1,0,1,12156677,0
31.0,1,1,2,3,129.56,1,0,1,0,7470.66,2031.13,2,0,327.9,0.0,457.46,1,2,8,9,0,100.0,67.563,-32.44,0.676,1,13.29,0,0,1,15338643,0
22.0,1,2,1,4,112.3,3,0,1,0,2265.44,5240.71,0,0,0.0,0.0,112.3,1,0,4,5,0,100.0,61.295,-38.7,0.613,0,5.0,0,1,1,13063170,0
26.0,1,2,0,8,136.09,0,0,0,1,3585.44,926.17,0,0,0.0,0.0,136.09,1,0,4,10,1,100.0,118.315,18.31,1.183,0,5.0,0,1,1,16886100,0
20.0,1,2,0,1,160.93,3,2,0,0,2662.99,1112.5,0,0,0.0,0.0,160.93,1,2,6,7,1,100.0,142.138,42.14,1.421,0,5.0,0,2,1,17241228,0
60.0,1,0,1,5,118.97,2,0,1,0,4633.12,1540.59,0,0,0.0,0.0,118.97,0,0,0,0,2,0.0,0.0,0.0,0.0,1,14.72,0,2,0,15300670,0
37.0,1,2,1,5,80.0,0,3,0,0,3599.0,4176.72,0,0,0.0,0.0,80.0,1,1,8,5,0,100.0,103.429,3.43,1.034,1,16.9,0,2,1,13062976,0
49.0,0,1,2,4,115.05,1,0,1,1,2065.1,2045.02,0,0,265.29,0.0,380.34,0,0,0,0,2,0.0,0.0,0.0,0.0,1,33.03,0,2,0,14774488,0
20.0,1,2,3,3,85.32,0,2,0,0,2476.14,1339.62,0,0,0.0,0.0,85.32,1,0,6,9,1,100.0,109.56,9.56,1.096,1,29.97,0,1,1,14877575,0
37.0,1,2,1,2,80.0,2,0,2,0,2443.26,653.17,0,0,0.0,0.0,80.0,1,2,6,9,1,100.0,78.928,-21.07,0.789,0,5.0,0,2,1,17640931,0
49.0,1,2,0,3,104.76,4,3,0,0,6538.39,8142.29,0,0,0.0,0.0,104.76,1,2,6,9,1,100.0,115.481,15.48,1.155,1,33.76,0,2,1,19409934,0
31.0,1,2,4,3,83.5,1,0,1,0,1956.67,2114.47,0,0,0.0,0.0,83.5,0,0,0,0,2,0.0,0.0,0.0,0.0,1,26.25,1,1,0,18916783,0
47.0,0,1,1,3,80.0,0,0,1,0,2853.72,2003.49,0,0,107.11,0.0,187.11,1,4,6,8,0,100.0,119.345,19.34,1.193,1,11.66,0,0,1,18928494,0
22.0,1,1,4,8,114.29,4,2,1,0,1681.52,1190.76,1,0,176.36,0.0,290.65,1,1,6,8,0,100.0,106.196,6.2,1.062,1,20.53,0,0,1,15795659,0
19.0,1,2,1,3,80.0,0,3,0,0,2685.8,1268.23,0,0,0.0,0.0,80.0,1,0,4,6,1,100.0,160.705,60.71,1.607,1,23.41,0,1,1,19601245,0
40.0,1,1,1,1,80.0,2,0,1,0,2475.17,2473.7,5,1,218.78,74.06,372.84,0,0,0,0,2,0.0,0.0,0.0,0.0,0,5.0,1,1,0,12691062,0
30.0,1,1,1,1,165.84,2,0,1,0,2730.42,5475.66,1,0,408.48,0.0,574.32,1,1,4,6,0,100.0,160.114,60.11,1.601,1,18.87,0,1,1,12707637,0
43.0,1,2,0,3,80.0,0,0,1,1,2650.09,3019.93,0,0,0.0,0.0,80.0,1,1,4,6,1,100.0,104.956,4.96,1.05,1,22.14,0,0,1,15165676,0
18.0,1,1,1,6,103.7,2,2,0,0,2392.86,2058.93,2,0,169.96,0.0,273.66,0,0,0,0,2,0.0,0.0,0.0,0.0,1,18.0,0,0,0,14895805,0
44.0,0,3,4,4,109.58,2,2,0,1,2169.22,3274.25,0,0,0.0,0.0,109.58,1,2,4,9,1,100.0,54.015,-45.98,0.54,0,5.0,0,0,1,16698200,0
66.0,0,2,1,6,120.41,1,1,0,0,3727.63,5819.09,0,0,0.0,0.0,120.41,1,0,6,6,0,100.0,97.201,-2.8,0.972,0,5.0,0,1,1,16033525,0
35.0,0,3,1,6,80.0,2,1,0,0,2112.2,7648.99,2,1,0.0,76.13,156.13,1,3,4,3,1,100.0,118.744,18.74,1.187,0,5.0,0,2,1,17147854,0
35.0,0,1,3,2,80.0,1,0,1,0,3354.34,1443.98,2,1,419.25,177.15,676.4,1,3,6,5,0,100.0,79.623,-20.38,0.796,1,15.02,0,0,1,18808868,0
37.0,1,1,1,4,152.44,1,2,0,0,3061.67,2970.08,1,0,122.91,0.0,275.35,1,1,6,4,0,100.0,150.975,50.97,1.51,1,14.97,0,2,1,19238572,0
18.0,1,2,0,3,80.0,0,2,0,1,1639.52,2018.14,0,0,0.0,0.0,80.0,1,4,4,10,0,100.0,131.499,31.5,1.315,1,19.53,1,1,1,16533585,0
40.0,1,2,0,2,106.42,0,0,0,1,7064.09,1808.51,0,0,0.0,0.0,106.42,1,3,8,11,1,100.0,128.166,28.17,1.282,1,11.12,1,0,1,15901465,0
18.0,0,2,1,6,97.64,1,2,1,0,2189.4,1775.8,0,0,0.0,0.0,97.64,1,0,4,6,1,100.0,114.42,14.42,1.144,1,30.75,0,1,1,14440836,0
30.0,0,1,3,2,80.0,0,0,2,0,2309.31,1091.71,1,0,365.4,0.0,445.4,1,1,6,4,1,100.0,94.719,-5.28,0.947,1,5.0,0,2,1,11546451,0
50.0,0,2,2,1,80.0,1,0,0,0,4629.36,2122.69,0,0,0.0,0.0,80.0,1,1,4,11,0,100.0,106.017,6.02,1.06,0,5.0,0,1,1,10687400,0
26.0,1,1,3,3,80.0,0,2,0,1,3419.68,939.67,4,0,266.18,0.0,346.18,1,1,4,8,1,100.0,69.311,-30.69,0.693,0,5.0,1,1,1,17469216,0
41.0,1,1,1,3,153.28,2,0,1,0,1847.45,3223.9,3,0,302.08,0.0,455.36,1,6,4,6,1,100.0,83.249,-16.75,0.832,1,26.89,1,1,1,19241626,0
47.0,0,1,0,5,116.76,4,3,0,1,4729.56,2091.06,5,1,604.39,32.66,753.81,1,0,6,8,1,100.0,75.624,-24.38,0.756,0,5.0,0,2,1,13010393,0
38.0,1,1,1,5,174.33,4,3,1,0,1796.35,3048.16,2,1,603.46,85.72,863.51,1,0,6,6,1,100.0,65.728,-34.27,0.657,1,24.08,0,3,1,14058906,0
19.0,1,2,4,9,80.0,0,2,1,0,2623.39,2606.19,0,0,0.0,0.0,80.0,1,1,6,8,0,100.0,118.508,18.51,1.185,1,29.09,0,0,1,13471153,0
31.0,0,0,1,2,80.0,0,0,2,0,3653.9,1176.48,4,1,0.0,161.9,241.9,1,3,4,10,1,100.0,123.5,23.5,1.235,1,10.53,1,1,1,16957301,0
59.0,0,2,4,9,80.0,2,0,0,0,2044.96,1731.21,0,0,0.0,0.0,80.0,1,0,8,9,0,100.0,125.323,25.32,1.253,1,14.48,0,0,1,18077376,0
18.0,0,2,3,7,80.0,3,2,3,0,3405.68,3394.16,0,0,0.0,0.0,80.0,1,0,4,3,0,100.0,66.672,-33.33,0.667,0,5.0,1,3,1,15782328,0
32.0,1,3,4,2,80.0,1,0,0,1,1233.53,2251.3,2,0,0.0,0.0,80.0,1,1,4,6,1,100.0,104.207,4.21,1.042,1,19.43,0,1,1,12330129,0
28.0,1,2,2,2,80.0,0,2,2,0,5974.33,927.77,0,0,0.0,0.0,80.0,1,2,6,12,1,100.0,79.76,-20.24,0.798,0,5.0,1,0,1,15656462,0
36.0,1,1,1,5,96.28,0,3,1,0,4181.0,2019.78,1,0,249.92,0.0,346.2,1,1,8,6,0,100.0,128.606,28.61,1.286,1,26.44,0,2,1,19889133,0
44.0,1,1,1,9,113.94,2,0,0,0,4366.73,6608.83,2,0,223.12,0.0,337.06,1,1,4,7,1,100.0,113.876,13.88,1.139,0,5.0,0,1,1,15054741,0
54.0,1,1,2,3,226.03,1,1,0,0,2305.3,2785.68,5,2,364.54,180.84,771.41,1,2,8,3,0,100.0,52.078,-47.92,0.521,1,33.38,0,0,1,18228016,0
32.0,1,3,3,3,80.0,4,1,3,0,5179.61,601.62,1,0,0.0,0.0,80.0,1,2,4,8,1,100.0,127.287,27.29,1.273,1,26.24,0,0,1,12556907,0
45.0,1,1,2,6,80.0,0,0,1,0,4544.1,1763.82,0,0,134.15,0.0,214.15,1,1,8,11,1,100.0,82.461,-17.54,0.825,0,5.0,0,0,1,11525689,0
41.0,0,1,3,5,80.0,0,0,1,0,2423.99,1408.79,4,1,275.04,136.27,491.31,1,0,6,6,1,100.0,62.989,-37.01,0.63,1,37.17,0,0,1,15307299,0
41.0,0,0,1,2,144.68,0,0,1,1,4803.55,4509.1,4,1,0.0,111.49,256.17,1,1,4,9,0,100.0,97.118,-2.88,0.971,1,27.32,0,1,1,19675165,0
28.0,1,0,2,2,80.0,2,2,3,0,2997.23,2357.83,2,1,0.0,91.23,171.23,1,4,4,8,0,100.0,114.215,14.22,1.142,1,25.13,1,0,1,12774682,0
23.0,0,2,1,4,97.97,2,2,0,0,1930.18,1740.22,0,0,0.0,0.0,97.97,1,4,6,5,1,100.0,109.068,9.07,1.091,1,15.18,1,1,1,15057634,0
22.0,0,1,2,3,80.0,0,0,1,1,3054.57,1229.79,2,1,288.3,58.36,426.66,0,0,0,0,2,0.0,0.0,0.0,0.0,1,15.58,0,4,0,11419009,0
26.0,0,1,3,3,80.0,0,3,1,1,4404.16,2862.76,2,0,255.76,0.0,335.76,1,0,8,8,0,100.0,90.161,-9.84,0.902,1,30.06,0,0,1,11730357,0
39.0,0,0,3,4,80.0,2,1,0,1,1890.78,1281.39,1,0,0.0,0.0,80.0,1,0,6,11,1,100.0,76.259,-23.74,0.763,0,5.0,1,1,1,15530513,0
44.0,0,2,1,4,86.31,4,0,3,0,4331.04,1481.49,0,0,0.0,0.0,86.31,1,1,6,6,0,100.0,38.95,-61.05,0.39,1,23.11,1,1,1,17867848,0
39.0,0,1,1,9,82.25,2,1,0,1,4803.5,2123.99,2,1,102.56,49.7,234.51,1,2,6,9,0,100.0,113.503,13.5,1.135,1,33.23,0,2,1,13925114,0
28.0,0,1,0,4,80.0,0,3,0,1,4157.09,1853.58,0,0,123.67,0.0,203.67,1,3,6,8,1,100.0,61.275,-38.72,0.613,1,35.62,2,0,1,10164410,0
57.0,1,1,0,5,144.67,2,0,2,0,2404.27,2483.04,3,1,261.01,116.13,521.81,0,0,0,0,2,0.0,0.0,0.0,0.0,0,5.0,0,1,0,10094785,0
53.0,0,1,1,3,80.0,2,2,2,0,2718.72,5088.47,1,0,144.71,0.0,224.71,0,0,0,0,2,0.0,0.0,0.0,0.0,1,29.24,0,0,0,19684232,0
31.0,0,2,1,4,180.68,0,0,0,1,2470.59,4039.42,0,0,0.0,0.0,180.68,0,0,0,0,2,0.0,0.0,0.0,0.0,1,17.71,0,1,0,12999452,0
25.0,1,2,4,1,162.69,2,0,0,0,2020.25,659.9,0,0,0.0,0.0,162.69,1,1,6,5,1,100.0,110.304,10.3,1.103,1,20.66,0,1,1,12181643,0
37.0,0,1,1,4,80.0,2,0,0,0,8296.59,987.42,1,0,328.72,0.0,408.72,1,0,6,8,0,100.0,42.011,-57.99,0.42,1,42.07,0,1,1,17889953,0
50.0,1,1,3,7,80.0,0,0,0,1,2127.5,2426.42,1,0,163.75,0.0,243.75,0,0,0,0,2,0.0,0.0,0.0,0.0,1,24.82,0,1,0,12392218,0
39.0,0,1,3,1,111.09,2,1,0,0,3754.17,1126.67,0,0,498.84,0.0,609.93,1,1,4,6,1,100.0,120.636,20.64,1.206,1,22.75,0,1,1,17041410,0
42.0,0,1,3,5,101.71,3,0,0,0,3337.79,2022.23,2,1,457.7,111.53,670.94,0,0,0,0,2,0.0,0.0,0.0,0.0,1,22.23,0,1,0,19430135,0
32.0,1,2,1,6,80.0,2,0,3,1,4879.58,5999.54,0,0,0.0,0.0,80.0,1,1,4,9,1,100.0,88.506,-11.49,0.885,1,34.64,1,2,1,11822824,0
40.0,1,1,3,5,80.0,1,3,0,0,1101.94,6557.13,1,0,285.99,0.0,365.99,0,0,0,0,2,0.0,0.0,0.0,0.0,1,15.25,1,1,0,19577652,0
54.0,0,2,2,1,161.16,1,1,0,1,4046.09,987.43,0,0,0.0,0.0,161.16,1,0,6,6,1,100.0,84.427,-15.57,0.844,1,34.13,0,2,1,12270202,0
32.0,1,1,0,2,80.0,0,1,0,0,2502.11,701.23,0,0,345.87,0.0,425.87,1,1,4,8,1,100.0,111.489,11.49,1.115,1,24.09,0,3,1,13008351,0
37.0,0,1,1,6,80.0,0,2,1,0,8123.72,1289.4,4,0,301.8,0.0,381.8,1,1,4,5,0,100.0,68.944,-31.06,0.689,1,18.3,0,1,1,17967490,0
38.0,1,1,1,1,141.17,2,2,2,1,6395.06,1827.81,7,3,246.25,130.83,518.25,1,4,6,7,1,100.0,88.196,-11.8,0.882,1,22.75,0,1,1,19901407,0
38.0,0,1,4,2,99.95,2,2,0,0,1348.09,2955.11,5,2,294.35,415.02,809.32,1,0,6,5,1,100.0,153.458,53.46,1.535,1,35.67,0,2,1,13114730,0
18.0,1,2,3,2,80.0,1,3,2,1,3072.09,1535.93,0,0,0.0,0.0,80.0,1,4,4,9,1,100.0,95.055,-4.94,0.951,1,19.58,1,1,1,12156110,0
18.0,0,2,2,7,80.0,2,2,1,0,2190.43,3457.95,0,0,0.0,0.0,80.0,1,2,4,11,1,100.0,80.492,-19.51,0.805,1,30.44,0,1,1,19680804,0
23.0,0,2,3,1,82.32,0,3,0,0,2652.37,2820.03,0,0,0.0,0.0,82.32,1,1,4,7,1,100.0,71.171,-28.83,0.712,0,5.0,0,0,1,14083255,0
37.0,0,2,3,7,143.17,1,0,1,0,2518.96,4491.73,0,0,0.0,0.0,143.17,1,3,6,9,1,100.0,93.997,-6.0,0.94,1,15.53,0,1,1,11241405,0
42.0,1,1,1,4,82.86,1,0,1,0,2559.06,1522.65,2,0,150.65,0.0,233.51,1,2,8,5,1,100.0,109.31,9.31,1.093,0,5.0,1,1,1,12655213,0
29.0,0,2,4,5,127.5,2,2,0,0,2359.01,3139.54,0,0,0.0,0.0,127.5,0,0,0,0,2,0.0,0.0,0.0,0.0,1,23.19,1,3,0,13240421,0
52.0,1,2,3,4,101.01,2,0,1,0,1397.19,1059.5,0,0,0.0,0.0,101.01,0,0,0,0,2,0.0,0.0,0.0,0.0,1,20.37,1,1,0,10791446,0
33.0,1,2,2,1,80.0,0,1,2,1,11977.68,2410.46,0,0,0.0,0.0,80.0,1,0,4,7,1,100.0,130.82,30.82,1.308,0,5.0,0,0,1,10095741,0
35.0,1,2,3,3,120.53,2,3,0,1,1862.33,4602.82,0,0,0.0,0.0,120.53,1,5,6,6,1,100.0,79.187,-20.81,0.792,1,24.5,0,0,1,17699472,0
33.0,1,1,1,1,126.76,0,3,2,0,2375.58,3342.19,3,0,352.56,0.0,479.32,1,1,4,7,1,100.0,63.561,-36.44,0.636,1,25.57,0,1,1,19306208,0
37.0,1,1,1,3,137.08,1,0,3,1,5000.6,741.47,1,0,248.28,0.0,385.36,0,0,0,0,2,0.0,0.0,0.0,0.0,0,5.0,1,3,0,14421909,0
43.0,1,1,0,1,89.47,3,2,0,0,4097.15,4434.15,1,1,174.97,74.03,338.47,1,1,8,3,1,100.0,96.058,-3.94,0.961,1,23.08,0,1,1,16623732,0
43.0,1,2,0,4,80.0,2,2,0,0,5404.06,2259.95,0,0,0.0,0.0,80.0,1,5,4,7,1,100.0,76.425,-23.58,0.764,1,29.99,0,1,1,11524660,0
24.0,1,2,4,4,80.0,2,2,0,0,1859.3,1723.62,0,0,0.0,0.0,80.0,1,0,4,13,1,100.0,109.161,9.16,1.092,1,25.25,0,1,1,10265263,0
53.0,0,1,1,3,80.0,0,0,1,1,2327.1,5139.71,2,0,300.75,0.0,380.75,1,0,4,4,0,100.0,111.849,11.85,1.118,1,15.45,0,3,1,16990434,0
22.0,1,2,3,4,100.27,2,2,0,0,1343.15,2237.89,0,0,0.0,0.0,100.27,1,0,4,4,1,100.0,125.847,25.85,1.258,1,29.37,0,1,1,14453475,0
36.0,1,0,4,2,89.52,1,0,3,1,2488.87,731.0,2,1,0.0,38.31,127.83,1,1,8,3,1,100.0,101.622,1.62,1.016,1,31.71,0,1,1,10387688,0
32.0,1,1,0,5,92.72,2,3,1,1,3746.85,957.98,1,0,263.55,0.0,356.27,1,1,4,9,1,100.0,51.708,-48.29,0.517,1,31.76,0,1,1,12224854,0
22.0,0,2,4,5,80.0,2,2,1,0,1488.49,2111.98,0,0,0.0,0.0,80.0,1,2,8,5,1,100.0,106.647,6.65,1.066,1,35.14,0,1,1,14239635,0
34.0,0,2,1,1,80.0,3,0,0,0,2605.87,1936.67,0,0,0.0,0.0,80.0,1,2,4,9,1,100.0,102.386,2.39,1.024,1,23.71,0,2,1,15363523,0
26.0,1,2,1,4,80.0,2,3,0,0,2110.98,2794.63,0,0,0.0,0.0,80.0,1,4,6,5,0,100.0,121.287,21.29,1.213,1,30.94,0,0,1,18132224,0
36.0,1,2,1,9,146.82,2,0,0,0,4537.72,1598.65,0,0,0.0,0.0,146.82,1,0,6,5,1,100.0,97.125,-2.88,0.971,1,20.28,0,2,1,16816020,0
40.0,1,2,3,3,106.5,3,0,2,1,6921.97,1069.46,0,0,0.0,0.0,106.5,0,0,0,0,2,0.0,0.0,0.0,0.0,0,5.0,0,2,0,13452876,0
53.0,1,1,3,5,80.0,4,0,1,1,1532.22,3869.34,0,0,237.73,0.0,317.73,1,1,6,10,1,100.0,137.913,37.91,1.379,0,5.0,0,2,1,15801025,0
39.0,1,2,2,3,80.0,0,0,0,1,3721.44,2255.08,0,0,0.0,0.0,80.0,1,3,4,8,1,100.0,107.417,7.42,1.074,0,5.0,2,1,1,19685077,0
28.0,1,2,2,3,80.0,0,0,2,1,5673.85,509.76,0,0,0.0,0.0,80.0,1,4,8,9,0,100.0,109.04,9.04,1.09,1,34.75,0,0,1,19535003,0
30.0,1,1,1,4,102.59,0,0,2,0,4702.98,4254.16,2,1,318.77,202.67,624.03,0,0,0,0,2,0.0,0.0,0.0,0.0,0,5.0,0,2,0,19164080,0
37.0,1,2,4,4,80.0,2,0,1,0,2143.77,3841.6,0,0,0.0,0.0,80.0,1,2,4,8,0,100.0,132.729,32.73,1.327,0,5.0,0,1,1,11408283,0
36.0,1,2,1,3,94.67,4,2,0,0,2283.83,1541.69,0,0,0.0,0.0,94.67,1,0,8,6,1,100.0,139.965,39.97,1.4,1,20.1,1,2,1,18023926,0
53.0,1,1,4,2,80.0,1,0,0,1,2606.09,1554.11,3,0,346.11,0.0,426.11,0,0,0,0,2,0.0,0.0,0.0,0.0,1,24.44,1,1,0,11712170,0
52.0,0,1,4,4,80.0,1,1,1,1,4431.12,2797.07,2,2,539.71,164.07,783.78,1,3,4,6,1,100.0,69.506,-30.49,0.695,0,5.0,0,1,1,15303977,0
31.0,1,2,3,3,152.25,4,1,2,1,2022.36,4249.5,0,0,0.0,0.0,152.25,1,0,6,7,1,100.0,44.019,-55.98,0.44,0,5.0,1,1,1,19948155,0
28.0,0,1,3,4,80.0,2,1,2,0,4240.12,863.8,1,0,480.5,0.0,560.5,1,2,8,5,1,100.0,101.217,1.22,1.012,1,29.35,0,2,1,17905321,0
18.0,0,2,0,4,80.0,2,2,0,1,1881.13,5545.6,0,0,0.0,0.0,80.0,0,0,0,0,2,0.0,0.0,0.0,0.0,0,5.0,0,1,0,18154543,0
28.0,1,1,3,6,80.0,0,3,0,1,3263.29,3323.56,4,0,610.36,0.0,690.36,1,5,8,8,1,100.0,128.583,28.58,1.286,1,9.74,0,2,1,14286347,0
23.0,0,1,2,4,103.58,1,3,3,0,2651.65,821.61,4,0,229.05,0.0,332.63,1,1,6,11,1,100.0,77.527,-22.47,0.775,1,20.81,1,2,1,14209767,0
31.0,1,1,1,3,80.0,2,1,2,0,1838.56,675.03,0,0,221.34,0.0,301.34,1,3,6,8,0,100.0,133.6,33.6,1.336,1,19.85,0,2,1,14754194,0
40.0,0,2,3,1,80.0,4,0,1,1,1970.33,1897.94,0,0,0.0,0.0,80.0,1,3,4,7,0,100.0,110.899,10.9,1.109,0,5.0,0,2,1,19426060,0
37.0,1,1,0,2,154.44,2,3,1,0,3243.92,2946.07,2,1,219.2,133.28,506.92,1,5,4,5,1,100.0,116.435,16.44,1.164,1,17.91,1,3,1,14338375,0
35.0,0,2,4,8,96.16,1,0,0,0,7045.86,883.81,0,0,0.0,0.0,96.16,1,3,6,7,0,100.0,132.665,32.66,1.327,1,17.59,0,0,1,12755365,0
37.0,0,1,1,4,169.96,0,1,0,0,3181.92,1362.85,0,0,148.06,0.0,318.02,1,1,4,6,1,100.0,157.55,57.55,1.576,0,5.0,0,3,1,19577920,0
33.0,1,2,4,2,80.0,2,0,0,0,4047.78,1748.28,0,0,0.0,0.0,80.0,1,2,4,7,1,100.0,97.574,-2.43,0.976,1,18.72,0,0,1,18450502,0
37.0,0,1,1,1,80.0,2,0,0,0,1858.16,989.35,4,2,409.05,159.07,648.12,1,1,6,9,1,100.0,80.448,-19.55,0.804,0,5.0,0,2,1,17899761,0
18.0,1,2,3,1,135.58,0,2,0,0,2716.34,737.22,0,0,0.0,0.0,135.58,0,0,0,0,2,0.0,0.0,0.0,0.0,1,11.39,0,1,0,11627858,0
32.0,0,2,0,3,86.09,2,1,0,0,2180.05,5019.25,0,0,0.0,0.0,86.09,1,1,8,8,0,100.0,97.335,-2.67,0.973,1,24.75,1,0,1,11637266,0
34.0,0,1,4,2,80.0,4,2,0,0,7201.07,3265.54,2,1,237.17,66.11,383.28,1,1,6,11,1,100.0,100.997,1.0,1.01,1,21.18,0,1,1,11392707,0
31.0,0,1,1,4,127.15,0,0,3,1,1796.16,6647.52,1,0,305.28,0.0,432.43,1,1,4,4,0,100.0,112.305,12.31,1.123,0,5.0,0,2,1,13031559,0
32.0,1,1,3,3,92.48,4,3,0,0,1365.57,4965.97,3,0,244.27,0.0,336.75,1,1,4,8,1,100.0,109.453,9.45,1.095,1,21.89,1,3,1,19139919,0
43.0,0,1,1,3,82.8,0,3,0,0,2902.76,669.44,1,0,216.0,0.0,298.8,1,2,8,8,1,100.0,80.309,-19.69,0.803,1,6.71,0,2,1,15968460,0
28.0,1,2,2,2,132.02,2,3,0,0,4115.62,2387.56,0,0,0.0,0.0,132.02,1,0,4,8,1,100.0,79.601,-20.4,0.796,1,29.75,0,0,1,18407986,0
61.0,0,1,1,2,83.92,1,0,1,0,3837.13,5011.13,1,0,163.92,0.0,247.84,1,0,4,9,1,100.0,115.613,15.61,1.156,1,31.73,0,1,1,17625458,0
43.0,0,2,4,5,96.6,3,0,1,1,2325.74,3271.24,0,0,0.0,0.0,96.6,1,1,4,9,1,100.0,135.053,35.05,1.351,0,5.0,0,0,1,16181866,0
35.0,1,2,4,8,92.74,2,0,0,0,2175.64,1189.05,0,0,0.0,0.0,92.74,1,2,4,5,1,100.0,105.965,5.97,1.06,1,18.63,0,1,1,10612596,0
33.0,0,2,0,5,80.0,0,0,0,0,3078.71,1205.73,0,0,0.0,0.0,80.0,0,0,0,0,2,0.0,0.0,0.0,0.0,1,10.85,0,3,0,14145016,0
34.0,1,1,1,7,80.0,2,0,1,1,1607.56,2515.41,2,0,281.98,0.0,361.98,1,2,4,8,1,100.0,90.784,-9.22,0.908,0,5.0,0,0,1,16601137,0
24.0,1,2,4,3,95.12,0,2,2,0,3115.81,3963.59,0,0,0.0,0.0,95.12,1,2,4,3,1,100.0,131.399,31.4,1.314,1,23.97,0,3,1,12185774,0
34.0,0,1,3,4,80.0,0,0,1,0,5842.07,822.93,2,0,210.61,0.0,290.61,0,0,0,0,2,0.0,0.0,0.0,0.0,1,12.7,0,1,0,14045281,0
38.0,0,1,0,7,260.61,2,0,0,1,2938.34,1394.34,1,0,72.49,0.0,333.1,1,1,8,5,1,100.0,65.617,-34.38,0.656,1,11.76,1,0,1,15890958,0
42.0,1,1,3,3,80.0,1,0,1,1,3535.93,2515.95,1,0,173.54,0.0,253.54,1,1,6,10,1,100.0,121.521,21.52,1.215,0,5.0,0,0,1,11546324,0
42.0,1,2,1,4,97.27,0,0,0,0,2010.5,3913.4,0,0,0.0,0.0,97.27,1,0,4,2,0,100.0,114.756,14.76,1.148,1,32.12,0,0,1,11379768,0
32.0,0,0,1,3,142.63,0,2,0,0,7378.83,3772.68,1,0,0.0,0.0,142.63,1,2,4,3,0,100.0,66.756,-33.24,0.668,1,33.41,0,1,1,10651242,0
18.0,0,2,3,5,80.0,4,2,0,1,4865.9,1628.62,0,0,0.0,0.0,80.0,0,0,0,0,2,0.0,0.0,0.0,0.0,0,5.0,1,1,0,15344978,0
27.0,0,0,1,4,92.66,2,0,0,0,3351.36,1672.21,1,0,0.0,0.0,92.66,1,3,4,10,1,100.0,80.905,-19.1,0.809,1,27.66,0,0,1,16647250,0
54.0,1,2,2,5,80.88,1,2,1,0,3456.76,2098.28,0,0,0.0,0.0,80.88,1,4,8,5,1,100.0,94.435,-5.56,0.944,0,5.0,0,1,1,15310171,0
46.0,1,2,4,3,147.72,1,0,1,0,6409.6,301.25,0,0,0.0,0.0,147.72,1,2,4,7,0,100.0,107.573,7.57,1.076,1,11.42,1,2,1,12198914,0
39.0,1,1,2,6,80.0,0,1,2,0,1809.69,2859.81,5,2,325.09,191.96,597.05,1,2,4,8,1,100.0,53.466,-46.53,0.535,1,39.16,0,1,1,13518283,0
26.0,1,1,3,3,114.82,0,0,1,0,2048.92,2433.6,2,0,247.74,0.0,362.56,0,0,0,0,2,0.0,0.0,0.0,0.0,1,24.85,0,2,0,19822769,0
35.0,1,1,2,4,80.0,1,0,0,0,4110.51,3592.71,1,0,200.19,0.0,280.19,1,0,6,9,0,100.0,134.281,34.28,1.343,1,10.13,0,2,1,15766620,0
20.0,0,2,2,4,127.05,2,2,1,0,1585.04,1553.47,0,0,0.0,0.0,127.05,1,0,6,8,0,100.0,68.304,-31.7,0.683,1,32.9,1,0,1,10446017,0
28.0,0,1,3,2,80.0,0,0,1,1,4908.22,3564.41,1,0,173.45,0.0,253.45,1,1,8,4,1,100.0,167.749,67.75,1.677,1,25.89,0,1,1,16920201,0
32.0,0,2,1,4,92.89,1,3,1,0,4099.02,2713.06,0,0,0.0,0.0,92.89,1,0,8,5,1,100.0,50.042,-49.96,0.5,0,5.0,0,0,1,14557248,0
31.0,0,1,1,2,80.0,3,0,0,0,1431.72,1623.08,2,0,180.17,0.0,260.17,0,0,0,0,2,0.0,0.0,0.0,0.0,0,5.0,0,1,0,15847847,0
46.0,0,1,0,2,80.0,2,0,1,1,2465.88,614.46,5,2,206.69,266.7,553.39,1,5,4,10,1,100.0,156.348,56.35,1.563,1,22.17,0,1,1,14526397,0
18.0,1,2,1,5,80.0,3,2,0,1,2022.84,625.91,0,0,0.0,0.0,80.0,1,2,4,9,1,100.0,130.046,30.05,1.3,1,23.05,0,2,1,16619399,0
25.0,0,1,1,8,144.53,3,0,1,0,2760.15,1995.8,2,0,158.19,0.0,302.72,1,2,4,5,1,100.0,92.084,-7.92,0.921,1,25.18,0,2,1,15627803,0
19.0,0,2,3,4,80.0,1,0,0,0,5850.44,2402.75,0,0,0.0,0.0,80.0,1,2,4,10,0,100.0,81.686,-18.31,0.817,0,5.0,0,3,1,16693887,0
20.0,0,2,0,2,119.09,2,2,0,0,655.87,608.06,0,0,0.0,0.0,119.09,1,3,4,9,0,100.0,147.387,47.39,1.474,0,5.0,0,1,1,16524354,0
36.0,0,1,3,5,80.0,2,0,0,0,3905.35,2593.2,2,1,297.11,73.01,450.12,1,2,8,9,0,100.0,99.949,-0.05,0.999,1,27.89,1,2,1,11404840,0
18.0,1,1,1,5,125.24,1,2,2,1,3963.4,1402.89,4,0,215.76,0.0,341.0,0,0,0,0,2,0.0,0.0,0.0,0.0,0,5.0,0,4,0,12833447,1
44.0,0,1,3,6,116.22,4,1,0,1,2021.2,2645.85,0,0,342.23,0.0,458.45,1,2,6,9,0,100.0,85.231,-14.77,0.852,0,5.0,0,0,1,11631624,0
32.0,1,0,3,5,112.78,2,0,0,0,5335.0,703.18,2,0,0.0,0.0,112.78,0,0,0,0,2,0.0,0.0,0.0,0.0,1,26.36,0,1,0,16528577,0
36.0,1,1,1,5,121.62,1,0,1,0,2882.43,3059.04,4,3,193.21,225.71,540.54,1,1,4,4,1,100.0,134.669,34.67,1.347,1,31.9,0,1,1,10624011,0
39.0,0,2,3,2,85.53,0,3,0,1,5404.12,1462.41,0,0,0.0,0.0,85.53,1,3,4,3,1,100.0,155.539,55.54,1.555,1,19.55,0,1,1,10616190,0
30.0,0,1,0,7,80.0,2,2,0,0,3851.3,3862.42,2,1,263.36,139.73,483.09,1,1,4,11,0,100.0,81.64,-18.36,0.816,1,28.14,0,1,1,19181700,0
47.0,1,2,4,9,80.0,0,0,1,1,2287.8,2240.54,0,0,0.0,0.0,80.0,1,2,6,9,0,100.0,117.849,17.85,1.178,0,5.0,0,1,1,19807799,0
33.0,1,1,2,2,122.03,0,2,1,0,3268.1,1317.18,1,0,275.36,0.0,397.39,0,0,0,0,2,0.0,0.0,0.0,0.0,0,5.0,1,2,0,11349543,0
42.0,1,1,1,3,115.93,0,1,1,0,2968.57,8861.31,2,1,305.24,71.21,492.38,1,1,4,6,1,100.0,92.437,-7.56,0.924,1,29.96,0,1,1,17799805,0
33.0,1,1,4,4,134.37,1,3,1,0,3008.74,1215.2,5,1,137.1,115.24,386.71,1,0,6,14,0,100.0,86.702,-13.3,0.867,0,5.0,0,0,1,13895891,0
38.0,0,2,0,5,80.0,2,0,2,0,2323.46,1695.2,0,0,0.0,0.0,80.0,1,1,8,4,1,100.0,112.09,12.09,1.121,1,30.68,1,0,1,15030787,0
38.0,0,2,2,3,98.24,0,0,1,0,9740.54,8652.63,0,0,0.0,0.0,98.24,1,1,6,5,1,100.0,90.187,-9.81,0.902,1,21.86,0,0,1,10647281,0
38.0,1,1,2,4,164.09,1,0,2,0,5808.54,1622.65,1,0,675.78,0.0,839.87,1,2,8,9,1,100.0,102.67,2.67,1.027,1,31.35,0,0,1,17175322,0
23.0,1,2,1,4,107.07,2,2,0,0,7905.96,6001.23,0,0,0.0,0.0,107.07,1,2,6,6,0,100.0,114.48,14.48,1.145,1,18.07,0,1,1,15542440,0
40.0,1,1,1,3,80.0,0,2,1,0,4694.39,1779.84,1,0,238.79,0.0,318.79,1,2,6,11,1,100.0,105.539,5.54,1.055,1,13.27,0,0,1,10244256,0
31.0,1,1,4,1,95.04,0,0,0,0,3153.22,1945.38,1,1,171.87,57.1,324.01,0,0,0,0,2,0.0,0.0,0.0,0.0,0,5.0,0,1,0,17801362,0
43.0,1,0,2,9,96.81,2,3,0,0,4326.42,1845.43,0,0,0.0,0.0,96.81,1,4,6,10,1,100.0,95.459,-4.54,0.955,0,5.0,0,0,1,16704346,0
18.0,1,2,1,4,112.8,1,2,1,1,4775.74,3895.49,0,0,0.0,0.0,112.8,1,2,4,9,1,100.0,93.845,-6.16,0.938,0,5.0,0,0,1,19061577,0
18.0,1,2,1,5,80.0,0,2,0,0,2410.31,715.13,0,0,0.0,0.0,80.0,0,0,0,0,2,0.0,0.0,0.0,0.0,1,27.09,0,3,0,12014848,0
39.0,0,2,3,4,95.06,2,0,2,0,5161.59,220.86,0,0,0.0,0.0,95.06,1,3,4,4,1,100.0,126.293,26.29,1.263,1,30.21,0,1,1,18014179,0
57.0,1,1,1,1,93.2,1,0,0,1,3425.39,2596.41,2,0,323.0,0.0,416.2,1,2,4,8,1,100.0,108.789,8.79,1.088,1,21.89,0,2,1,17656789,0
45.0,1,2,1,4,80.0,1,3,0,0,1216.99,2085.76,0,0,0.0,0.0,80.0,1,1,4,8,1,100.0,93.871,-6.13,0.939,1,29.92,0,2,1,16433027,0
27.0,0,1,4,5,80.0,0,0,0,0,4236.72,987.76,3,1,352.26,40.32,472.58,1,0,6,4,1,100.0,95.947,-4.05,0.959,1,16.61,0,1,1,14316322,0
18.0,1,2,0,4,80.0,1,3,2,0,2352.96,1105.36,0,0,0.0,0.0,80.0,1,0,4,6,0,100.0,173.234,73.23,1.732,1,24.44,0,1,1,19531529,0
44.0,0,2,3,2,167.66,1,0,0,0,2053.6,1138.68,0,0,0.0,0.0,167.66,0,0,0,0,2,0.0,0.0,0.0,0.0,1,17.73,0,1,0,11513535,0
34.0,0,1,3,5,95.54,2,0,1,0,2172.84,374.51,0,0,210.6,0.0,306.14,1,0,4,1,1,100.0,86.331,-13.67,0.863,0,5.0,0,1,1,10566919,0
42.0,1,2,1,6,173.71,2,0,0,0,2804.41,2911.84,0,0,0.0,0.0,173.71,1,1,6,5,1,100.0,105.947,5.95,1.059,1,29.07,1,0,1,13884651,0
36.0,0,2,0,2,84.73,1,0,3,0,3584.56,4983.6,0,0,0.0,0.0,84.73,1,2,6,7,0,100.0,80.917,-19.08,0.809,1,17.2,0,3,1,10094591,0
35.0,1,2,4,2,80.0,2,0,1,0,1855.65,3535.83,0,0,0.0,0.0,80.0,1,4,4,10,1,100.0,74.511,-25.49,0.745,1,34.96,1,1,1,18282519,0
70.0,1,1,4,2,80.0,0,2,0,0,5505.92,3057.83,4,1,216.38,148.88,445.26,1,2,4,8,0,100.0,100.381,0.38,1.004,0,5.0,0,0,1,19812365,0
35.0,0,1,0,4,109.36,0,3,1,0,5413.34,1511.71,3,1,186.35,42.79,338.5,1,1,4,7,0,100.0,100.178,0.18,1.002,1,38.0,0,1,1,13602991,0
33.0,1,1,4,2,110.6,2,0,1,0,2177.84,1763.72,1,0,365.34,0.0,475.94,1,1,4,7,1,100.0,113.956,13.96,1.14,0,5.0,0,0,1,15318733,0
34.0,1,2,0,3,90.25,0,0,0,1,3783.65,4056.89,0,0,0.0,0.0,90.25,1,2,8,5,1,100.0,103.67,3.67,1.037,1,29.62,0,2,1,12063691,0
28.0,0,2,4,7,136.62,3,0,0,0,4772.09,3464.19,0,0,0.0,0.0,136.62,1,2,4,6,0,100.0,149.854,49.85,1.499,0,5.0,0,2,1,11956144,0
47.0,0,1,2,3,80.0,0,0,2,0,1179.06,2312.6,3,1,242.55,53.16,375.71,0,0,0,0,2,0.0,0.0,0.0,0.0,0,5.0,2,0,0,15213888,1
31.0,0,2,2,2,94.66,1,1,2,0,2380.2,1212.63,0,0,0.0,0.0,94.66,1,0,6,10,1,100.0,104.934,4.93,1.049,0,5.0,1,1,1,12160665,0
43.0,1,1,1,2,80.0,0,0,2,0,1463.6,2063.33,1,0,379.68,0.0,459.68,1,2,6,5,0,100.0,101.559,1.56,1.016,1,33.7,0,2,1,15919571,0
38.0,1,2,1,8,80.0,2,3,1,0,3943.0,2879.98,0,0,0.0,0.0,80.0,1,2,8,11,1,100.0,109.311,9.31,1.093,1,27.12,2,1,1,13880545,0
50.0,0,1,3,7,124.15,1,0,2,0,5373.14,1408.65,3,0,238.92,0.0,363.07,1,4,4,9,1,100.0,112.202,12.2,1.122,1,25.87,0,2,1,18883736,0
40.0,0,2,4,7,102.71,4,0,0,0,4080.53,1128.66,0,0,0.0,0.0,102.71,1,0,6,4,0,100.0,103.692,3.69,1.037,1,24.67,1,0,1,17978694,0
20.0,0,2,4,3,80.0,2,3,0,1,3597.6,3197.85,0,0,0.0,0.0,80.0,1,1,6,4,1,100.0,135.205,35.21,1.352,0,5.0,0,1,1,11700079,0
19.0,0,2,3,5,160.83,2,2,3,1,1539.86,4208.59,0,0,0.0,0.0,160.83,0,0,0,0,2,0.0,0.0,0.0,0.0,1,34.08,0,1,0,17571130,0
52.0,0,0,1,1,124.87,2,0,2,1,3030.46,1309.74,0,0,0.0,0.0,124.87,1,0,4,5,0,100.0,113.725,13.72,1.137,1,33.32,1,0,1,13348199,0
28.0,0,2,1,3,87.15,2,2,2,0,2411.46,1610.68,0,0,0.0,0.0,87.15,1,1,4,7,1,100.0,51.229,-48.77,0.512,0,5.0,1,1,1,11481558,0
19.0,1,2,0,5,85.89,1,2,1,0,3117.3,1620.56,0,0,0.0,0.0,85.89,1,1,8,2,1,100.0,130.571,30.57,1.306,1,20.63,0,1,1,14084159,0
27.0,1,2,1,6,80.0,0,0,0,0,2793.29,2603.0,0,0,0.0,0.0,80.0,1,2,4,7,0,100.0,113.944,13.94,1.139,0,5.0,0,1,1,10068564,0
50.0,1,2,1,2,80.0,1,3,0,0,1340.2,706.47,0,0,0.0,0.0,80.0,1,1,4,9,0,100.0,94.49,-5.51,0.945,1,28.86,0,1,1,14355405,0
18.0,1,2,2,6,100.53,1,2,1,0,3851.56,1434.88,0,0,0.0,0.0,100.53,1,1,4,5,1,100.0,120.843,20.84,1.208,1,33.57,0,1,1,18975146,0
25.0,1,1,1,6,80.0,0,2,1,0,2165.1,459.88,4,0,111.1,0.0,191.1,1,1,4,9,1,100.0,58.226,-41.77,0.582,1,27.88,0,1,1,13863895,0
27.0,1,1,1,6,99.23,1,2,0,1,2467.64,1663.97,2,0,217.88,0.0,317.11,0,0,0,0,2,0.0,0.0,0.0,0.0,1,23.26,0,1,0,12616556,0
20.0,0,1,0,3,103.17,0,2,0,0,3659.09,2463.5,3,0,277.22,0.0,380.39,0,0,0,0,2,0.0,0.0,0.0,0.0,1,29.09,1,1,0,14665611,0
21.0,1,2,0,5,89.85,4,3,0,0,3773.72,2747.62,0,0,0.0,0.0,89.85,0,0,0,0,2,0.0,0.0,0.0,0.0,1,14.95,1,1,0,11542147,0
18.0,1,2,1,2,83.84,4,3,1,1,3445.43,2783.08,0,0,0.0,0.0,83.84,1,3,4,5,1,100.0,126.146,26.15,1.261,0,5.0,2,1,1,12287408,0
29.0,1,2,3,6,80.0,2,2,0,1,3205.61,988.49,0,0,0.0,0.0,80.0,1,1,6,10,1,100.0,43.321,-56.68,0.433,0,5.0,0,1,1,18144174,0
31.0,0,0,0,1,116.52,0,3,0,1,1539.41,4353.03,2,0,0.0,0.0,116.52,0,0,0,0,2,0.0,0.0,0.0,0.0,1,36.84,0,0,0,12567281,0
27.0,0,1,4,9,101.28,1,0,1,0,4196.65,661.24,1,0,248.34,0.0,349.62,0,0,0,0,2,0.0,0.0,0.0,0.0,1,21.46,0,1,0,14088824,0
18.0,0,2,1,4,80.0,1,2,1,0,3288.35,2246.36,0,0,0.0,0.0,80.0,1,1,6,6,1,100.0,174.437,74.44,1.744,1,17.53,0,1,1,12789532,0
50.0,1,2,1,3,80.0,0,2,0,0,6080.0,1642.32,0,0,0.0,0.0,80.0,1,1,8,5,1,100.0,94.723,-5.28,0.947,1,16.09,0,0,1,14380099,0
19.0,1,1,1,6,80.0,0,3,2,0,2046.59,3488.18,1,0,535.93,0.0,615.93,1,1,6,5,1,100.0,83.546,-16.45,0.835,1,37.97,1,3,1,17958718,0
38.0,1,1,1,7,80.0,1,3,2,0,1667.32,2890.39,1,0,264.58,0.0,344.58,1,1,6,9,1,100.0,110.624,10.62,1.106,0,5.0,1,0,1,12031861,0
22.0,0,2,3,4,80.0,3,3,2,0,5933.08,1492.84,0,0,0.0,0.0,80.0,1,0,6,5,0,100.0,53.936,-46.06,0.539,1,17.19,0,0,1,17487659,0
43.0,1,2,4,5,99.74,0,0,2,1,1914.77,800.85,0,0,0.0,0.0,99.74,1,2,6,9,0,100.0,139.272,39.27,1.393,0,5.0,0,0,1,10342004,0
46.0,1,1,4,5,80.0,2,0,2,0,2484.22,633.95,2,0,292.87,0.0,372.87,1,0,4,9,1,100.0,73.19,-26.81,0.732,1,15.48,0,2,1,19394683,0
24.0,0,2,0,5,80.0,2,2,0,0,5605.19,3070.87,0,0,0.0,0.0,80.0,1,3,4,3,1,100.0,75.567,-24.43,0.756,1,26.47,0,1,1,10860885,0
18.0,1,1,1,7,138.73,2,2,0,1,2413.2,2834.41,3,1,493.17,89.89,721.79,1,1,6,5,1,100.0,94.929,-5.07,0.949,1,19.87,0,2,1,16709836,0
43.0,0,2,3,9,95.92,0,0,0,0,9385.62,1685.12,0,0,0.0,0.0,95.92,1,1,4,9,1,100.0,144.679,44.68,1.447,0,5.0,0,2,1,10016741,0
58.0,0,1,0,4,156.64,2,0,0,0,2909.16,5968.99,1,0,222.98,0.0,379.62,1,2,6,4,0,100.0,108.608,8.61,1.086,0,5.0,0,2,1,14686687,0
40.0,1,2,1,1,80.0,4,0,0,0,3849.33,6102.82,0,0,0.0,0.0,80.0,1,2,6,10,1,100.0,96.746,-3.25,0.967,1,40.85,0,2,1,15766358,0
37.0,1,1,2,6,86.58,2,3,1,0,6829.95,2792.23,2,2,256.24,233.08,575.9,1,2,8,8,0,100.0,100.474,0.47,1.005,1,14.4,0,0,1,19225467,0
45.0,0,1,3,2,80.0,1,1,0,1,2579.62,2153.79,2,0,290.47,0.0,370.47,1,1,6,11,0,100.0,117.535,17.53,1.175,1,27.15,0,2,1,19426966,0
44.0,0,1,0,5,80.0,2,0,0,0,1694.43,735.6,3,0,209.41,0.0,289.41,1,2,4,13,1,100.0,115.7,15.7,1.157,0,5.0,0,0,1,17712368,0
25.0,0,2,2,5,80.0,3,0,2,0,1447.74,2415.68,0,0,0.0,0.0,80.0,1,1,4,12,1,100.0,140.333,40.33,1.403,0,5.0,0,1,1,16180489,0
27.0,1,2,4,1,87.53,2,0,0,0,2779.24,1790.91,0,0,0.0,0.0,87.53,1,1,4,13,0,100.0,98.538,-1.46,0.985,1,12.29,0,1,1,15335757,0
42.0,1,2,4,4,80.0,4,3,0,0,2673.79,11752.11,0,0,0.0,0.0,80.0,1,1,4,7,0,100.0,107.626,7.63,1.076,1,13.6,0,0,1,19188321,0
33.0,1,1,1,4,144.52,0,0,2,0,2388.25,3133.04,2,0,283.67,0.0,428.19,1,2,6,5,1,100.0,84.51,-15.49,0.845,1,20.42,1,2,1,14311931,0
51.0,1,1,1,5,101.55,4,0,1,1,1674.11,2208.04,1,1,291.85,149.48,542.88,1,1,4,4,0,100.0,55.897,-44.1,0.559,1,25.14,1,3,1,12079124,0
27.0,1,0,1,4,125.93,0,2,2,1,3245.61,2996.81,2,0,0.0,0.0,125.93,1,3,8,2,0,100.0,82.277,-17.72,0.823,1,49.78,0,1,1,10721041,0
44.0,1,1,4,2,80.0,2,0,2,0,1300.11,4427.35,1,0,566.28,0.0,646.28,1,1,4,7,1,100.0,85.945,-14.06,0.859,1,23.72,0,1,1,17801054,0
39.0,0,2,1,2,81.24,2,0,0,1,1498.02,1431.61,0,0,0.0,0.0,81.24,0,0,0,0,2,0.0,0.0,0.0,0.0,0,5.0,0,1,0,11393404,0
33.0,0,1,4,1,80.0,0,0,1,0,4479.58,2094.26,0,0,481.44,0.0,561.44,1,4,4,6,1,100.0,67.754,-32.25,0.678,1,17.83,0,0,1,11883614,0
49.0,0,1,3,3,80.0,2,0,3,1,2109.41,2139.09,3,0,204.27,0.0,284.27,1,0,6,5,1,100.0,129.878,29.88,1.299,1,22.95,1,1,1,13502553,0
43.0,1,2,1,4,99.31,2,2,0,0,3538.62,3061.99,0,0,0.0,0.0,99.31,1,2,6,6,1,100.0,90.706,-9.29,0.907,1,15.54,0,1,1,15343653,0
23.0,1,2,4,4,126.61,1,0,0,0,2899.58,4097.66,0,0,0.0,0.0,126.61,1,2,4,10,0,100.0,68.388,-31.61,0.684,0,5.0,0,2,1,19054981,0
43.0,0,0,3,1,80.99,2,2,1,1,3546.71,1836.39,1,0,0.0,0.0,80.99,0,0,0,0,2,0.0,0.0,0.0,0.0,1,18.97,0,1,0,13437337,0
51.0,1,1,1,7,122.58,2,0,0,1,3503.57,2710.86,3,0,241.06,0.0,363.64,1,1,8,10,1,100.0,75.638,-24.36,0.756,1,24.09,0,0,1,14764727,0
33.0,0,1,1,2,122.46,2,0,0,0,4059.77,1395.27,3,0,405.65,0.0,528.11,1,6,6,7,0,100.0,93.514,-6.49,0.935,1,20.92,0,1,1,14947234,0
32.0,1,1,4,4,99.19,1,2,0,0,3298.4,1559.24,1,0,298.15,0.0,397.34,1,1,4,10,1,100.0,97.142,-2.86,0.971,0,5.0,0,0,1,15104842,0
27.0,1,2,2,5,80.0,4,0,0,0,2059.2,322.14,0,0,0.0,0.0,80.0,1,0,4,8,1,100.0,130.057,30.06,1.301,0,5.0,0,0,1,10267362,0
35.0,0,2,1,6,80.0,4,2,0,0,1789.19,1198.33,0,0,0.0,0.0,80.0,1,3,8,11,0,100.0,103.225,3.22,1.032,1,35.1,0,0,1,16445217,0
43.0,1,2,2,9,118.83,2,3,3,0,2780.47,1020.38,0,0,0.0,0.0,118.83,1,1,6,11,1,100.0,95.571,-4.43,0.956,0,5.0,0,1,1,10043927,0
25.0,1,3,1,3,118.52,4,1,1,0,4855.02,343.03,3,0,0.0,0.0,118.52,1,1,6,4,1,100.0,96.854,-3.15,0.969,1,19.82,0,2,1,16892496,0
19.0,1,2,3,9,108.34,2,3,1,0,2093.25,2828.83,0,0,0.0,0.0,108.34,1,2,4,4,1,100.0,82.208,-17.79,0.822,1,26.45,0,2,1,13916036,0
30.0,0,2,4,3,80.0,0,0,0,0,5007.33,2771.16,0,0,0.0,0.0,80.0,1,3,8,9,1,100.0,48.667,-51.33,0.487,1,12.92,0,2,1,13205403,0
18.0,1,1,0,5,96.85,1,2,2,0,1838.21,1951.29,4,0,344.91,0.0,441.76,1,1,4,7,1,100.0,123.941,23.94,1.239,1,5.0,0,0,1,14125058,0
41.0,1,2,3,3,86.65,2,0,3,0,2776.12,773.11,0,0,0.0,0.0,86.65,0,0,0,0,2,0.0,0.0,0.0,0.0,1,13.67,0,1,0,15098753,0
30.0,0,1,2,3,122.22,2,0,1,0,2822.53,667.42,2,1,229.91,70.1,422.23,1,1,8,5,1,100.0,36.049,-63.95,0.36,1,17.36,0,1,1,11877822,0
18.0,0,1,1,4,122.48,1,2,1,0,1915.73,5054.93,1,1,389.99,44.8,557.27,0,0,0,0,2,0.0,0.0,0.0,0.0,1,34.05,0,1,0,17012406,0
31.0,1,1,0,7,116.87,0,0,0,0,4928.1,1889.27,6,1,416.63,24.96,558.46,1,1,6,10,1,100.0,157.11,57.11,1.571,0,5.0,0,0,1,13177365,0
33.0,0,1,4,2,80.0,3,0,1,0,3454.16,1662.88,2,0,180.34,0.0,260.34,1,2,4,5,1,100.0,106.221,6.22,1.062,1,15.15,1,1,1,16565478,0
40.0,1,2,3,4,109.97,3,0,1,1,6045.94,2078.02,0,0,0.0,0.0,109.97,1,1,4,2,1,100.0,80.824,-19.18,0.808,0,5.0,0,0,1,11726695,0
33.0,1,1,2,5,150.29,4,0,1,1,2232.02,6622.13,4,0,442.14,0.0,592.43,0,0,0,0,2,0.0,0.0,0.0,0.0,1,28.82,0,1,0,12401102,0
57.0,1,2,4,8,185.77,0,0,1,0,2675.15,3771.49,0,0,0.0,0.0,185.77,0,0,0,0,2,0.0,0.0,0.0,0.0,1,27.12,0,1,0,18068196,0
29.0,0,2,3,4,116.17,4,0,0,0,1614.52,1331.89,0,0,0.0,0.0,116.17,1,2,4,8,0,100.0,40.631,-59.37,0.406,1,31.95,1,1,1,15712483,0
34.0,0,1,4,4,80.0,2,0,1,0,4284.47,5841.05,1,0,117.09,0.0,197.09,1,0,6,6,1,100.0,136.51,36.51,1.365,1,16.66,0,0,1,13294859,0
34.0,0,1,4,2,190.27,0,0,1,0,2333.91,2847.43,2,0,332.45,0.0,522.72,1,4,6,5,1,100.0,132.994,32.99,1.33,1,17.36,0,2,1,11560786,0
32.0,1,1,3,6,175.88,2,0,2,0,1785.93,1680.48,1,0,187.32,0.0,363.2,1,1,8,7,1,100.0,154.133,54.13,1.541,1,34.83,0,5,1,12281201,0
37.0,0,2,3,9,80.0,0,0,0,0,4699.93,2419.07,0,0,0.0,0.0,80.0,1,1,4,6,0,100.0,85.538,-14.46,0.855,0,5.0,0,1,1,15053915,0
41.0,0,0,1,3,161.44,0,0,0,0,2991.61,4988.68,0,0,0.0,0.0,161.44,1,2,4,11,0,100.0,111.132,11.13,1.111,1,20.11,0,1,1,17619255,0
51.0,1,1,0,5,139.9,0,2,2,0,4998.04,3732.36,1,0,239.66,0.0,379.56,0,0,0,0,2,0.0,0.0,0.0,0.0,1,35.32,0,1,0,13219587,0
18.0,0,2,2,4,80.0,2,2,0,1,3916.75,906.13,0,0,0.0,0.0,80.0,1,2,6,8,1,100.0,48.848,-51.15,0.488,1,16.58,0,1,1,13574626,0
29.0,0,2,1,3,112.87,2,3,2,0,1862.63,5063.57,0,0,0.0,0.0,112.87,0,0,0,0,2,0.0,0.0,0.0,0.0,1,30.16,1,0,0,16590971,0
30.0,1,2,1,5,156.34,0,2,1,1,2148.76,1771.63,0,0,0.0,0.0,156.34,0,0,0,0,2,0.0,0.0,0.0,0.0,1,18.16,0,0,0,13023857,0
46.0,1,1,1,5,135.11,0,0,2,0,2437.56,758.68,2,1,383.91,38.19,557.21,1,2,4,4,1,100.0,118.332,18.33,1.183,1,24.2,0,1,1,14745447,0
31.0,0,1,3,2,164.15,1,0,2,0,6691.61,2553.63,4,0,296.32,0.0,460.47,1,1,4,5,0,100.0,101.408,1.41,1.014,1,35.56,2,1,1,16911334,0
18.0,0,1,1,2,149.04,2,3,0,0,2361.47,5378.56,2,1,369.07,93.8,611.91,1,1,4,7,1,100.0,84.646,-15.35,0.846,0,5.0,1,1,1,17158857,0
36.0,0,2,0,3,82.22,2,0,0,0,4273.22,4301.45,0,0,0.0,0.0,82.22,0,0,0,0,2,0.0,0.0,0.0,0.0,1,6.59,1,1,0,14733070,0
35.0,0,1,4,4,106.94,2,0,0,1,6440.57,4102.05,6,2,282.06,132.25,521.25,1,3,6,4,1,100.0,105.421,5.42,1.054,0,5.0,0,1,1,19150374,0
37.0,0,1,2,4,80.0,2,0,2,1,3171.96,2798.44,3,1,276.71,63.59,420.3,0,0,0,0,2,0.0,0.0,0.0,0.0,1,24.59,0,1,0,11623243,0
23.0,0,1,2,8,80.0,3,2,2,0,3514.47,1538.03,4,1,315.36,105.13,500.49,1,2,8,6,0,100.0,100.315,0.31,1.003,0,5.0,0,0,1,19950307,0
56.0,0,1,4,5,80.1,0,0,1,0,2411.13,2815.6,2,0,224.88,0.0,304.98,1,2,6,6,0,100.0,152.157,52.16,1.522,1,27.0,0,0,1,17426136,0
31.0,1,1,2,1,96.82,2,0,1,1,3023.03,3162.0,1,0,255.2,0.0,352.02,1,2,6,8,1,100.0,91.795,-8.2,0.918,1,12.43,0,0,1,12572873,0
33.0,1,1,1,4,117.14,1,0,1,0,4779.74,2328.65,2,0,212.48,0.0,329.62,1,2,6,7,0,100.0,129.72,29.72,1.297,1,21.78,0,1,1,10839203,0
24.0,1,2,0,1,123.38,2,3,2,0,7612.3,1320.31,0,0,0.0,0.0,123.38,1,0,6,6,1,100.0,122.002,22.0,1.22,1,30.84,0,0,1,12513125,0
24.0,1,2,1,3,99.46,1,3,0,0,3212.04,1867.13,0,0,0.0,0.0,99.46,1,2,8,5,1,100.0,106.405,6.41,1.064,1,21.24,1,0,1,19064461,0
20.0,1,2,3,8,92.47,2,2,0,0,3003.64,4197.83,0,0,0.0,0.0,92.47,0,0,0,0,2,0.0,0.0,0.0,0.0,1,14.48,0,1,0,11340238,0
30.0,0,3,1,2,80.0,3,0,2,0,5216.75,3074.67,3,0,0.0,0.0,80.0,1,1,4,5,1,100.0,117.322,17.32,1.173,1,20.42,0,3,1,15315643,0
24.0,0,2,0,4,102.51,4,2,0,0,3171.78,1754.48,0,0,0.0,0.0,102.51,1,4,6,7,1,100.0,107.824,7.82,1.078,1,28.66,1,0,1,14242500,0
60.0,1,1,1,4,116.65,2,2,2,0,2072.09,2419.49,2,0,242.89,0.0,359.54,1,1,4,8,0,100.0,68.495,-31.5,0.685,1,16.44,0,1,1,19737747,0
18.0,1,2,2,4,80.0,0,3,0,0,2591.4,5046.0,0,0,0.0,0.0,80.0,1,3,4,5,0,100.0,116.086,16.09,1.161,1,21.98,0,0,1,15345899,0
21.0,0,2,1,3,106.99,4,3,1,1,3711.17,1291.77,0,0,0.0,0.0,106.99,1,1,4,7,1,100.0,133.082,33.08,1.331,0,5.0,1,2,1,12076636,0
30.0,0,2,1,9,110.18,0,2,2,1,1963.42,497.4,0,0,0.0,0.0,110.18,1,1,6,7,1,100.0,109.788,9.79,1.098,1,20.61,0,0,1,10481732,0
43.0,1,2,1,5,80.0,4,0,0,0,4189.54,5319.91,0,0,0.0,0.0,80.0,1,2,4,8,0,100.0,73.31,-26.69,0.733,0,5.0,1,2,1,10873699,0
30.0,1,2,1,5,230.4,0,3,0,1,2920.34,2058.56,0,0,0.0,0.0,230.4,1,3,4,7,0,100.0,93.478,-6.52,0.935,1,30.33,0,0,1,19966638,0
43.0,1,2,1,3,80.0,1,3,0,1,2613.36,926.6,0,0,0.0,0.0,80.0,1,1,6,8,0,100.0,79.726,-20.27,0.797,1,16.97,0,1,1,10630136,0
23.0,0,2,0,8,80.0,2,2,0,0,4384.35,2833.51,0,0,0.0,0.0,80.0,1,4,4,12,1,100.0,77.159,-22.84,0.772,1,24.09,0,0,1,17418995,0
36.0,1,2,1,6,98.31,2,0,0,1,3629.48,3930.13,0,0,0.0,0.0,98.31,1,3,4,5,1,100.0,94.179,-5.82,0.942,1,16.72,2,0,1,19385494,0
56.0,0,1,0,6,105.99,2,1,0,0,1451.68,1319.04,2,1,333.56,124.33,563.88,0,0,0,0,2,0.0,0.0,0.0,0.0,0,5.0,1,1,0,19051179,0
23.0,0,2,3,1,80.0,0,3,0,0,5520.29,2689.89,0,0,0.0,0.0,80.0,1,4,6,10,1,100.0,126.375,26.38,1.264,0,5.0,0,2,1,13797449,0
40.0,0,1,4,3,206.2,2,3,1,0,1816.21,9032.87,1,0,96.97,0.0,303.17,0,0,0,0,2,0.0,0.0,0.0,0.0,1,32.67,0,0,0,11084019,0
37.0,1,3,3,3,164.3,2,2,0,1,2258.59,2103.72,3,0,0.0,0.0,164.3,1,1,4,8,1,100.0,72.574,-27.43,0.726,1,27.97,0,2,1,13717826,0
18.0,0,2,3,7,111.17,4,2,2,0,2165.53,291.65,0,0,0.0,0.0,111.17,1,3,4,9,1,100.0,117.98,17.98,1.18,1,26.1,0,0,1,15499959,0
28.0,1,2,1,3,80.0,0,0,0,1,2630.06,14674.9,0,0,0.0,0.0,80.0,1,2,4,7,0,100.0,108.254,8.25,1.083,1,12.82,0,1,1,10314522,0
49.0,0,2,0,7,80.0,1,0,1,0,1973.72,3147.18,0,0,0.0,0.0,80.0,0,0,0,0,2,0.0,0.0,0.0,0.0,1,21.34,0,0,0,13791889,0
37.0,0,3,0,2,118.86,2,0,0,0,4057.78,2291.15,2,0,0.0,0.0,118.86,1,0,6,6,1,100.0,35.119,-64.88,0.351,1,18.69,0,2,1,16758157,0
20.0,0,2,1,7,134.37,1,3,1,0,3738.92,2484.36,0,0,0.0,0.0,134.37,1,0,4,5,0,100.0,153.153,53.15,1.532,0,5.0,0,2,1,15889188,0
43.0,1,1,4,7,92.44,2,0,1,1,1867.56,1556.22,1,0,334.75,0.0,427.19,1,2,8,3,1,100.0,113.549,13.55,1.135,1,17.17,0,0,1,14726474,0
29.0,1,2,0,2,100.2,4,0,1,0,6112.92,3041.72,0,0,0.0,0.0,100.2,1,2,6,5,1,100.0,72.571,-27.43,0.726,1,24.96,0,0,1,16745463,0
39.0,1,1,1,5,80.0,0,0,0,0,3786.92,630.07,4,1,374.3,172.42,626.72,1,0,4,6,0,100.0,54.282,-45.72,0.543,1,11.64,2,4,1,10157424,0
40.0,1,1,2,2,80.0,1,3,0,0,3169.62,2436.9,5,2,150.8,117.49,348.29,1,3,6,6,1,100.0,43.487,-56.51,0.435,1,19.12,2,0,1,16157726,0
22.0,0,2,2,1,98.08,2,3,1,1,4359.05,725.74,0,0,0.0,0.0,98.08,1,2,4,4,0,100.0,116.667,16.67,1.167,1,22.89,0,1,1,13254477,0
44.0,0,1,1,3,80.0,1,0,1,1,5078.23,3195.5,5,0,430.96,0.0,510.96,1,3,6,7,0,100.0,113.077,13.08,1.131,1,25.65,1,1,1,11337195,0
23.0,1,2,2,2,99.89,2,3,0,1,6291.61,8604.28,0,0,0.0,0.0,99.89,1,1,4,11,1,100.0,76.573,-23.43,0.766,1,43.44,0,1,1,18463115,0
19.0,1,2,2,4,103.26,2,0,1,0,4610.88,924.64,0,0,0.0,0.0,103.26,0,0,0,0,2,0.0,0.0,0.0,0.0,1,27.46,0,1,0,10766993,0
24.0,0,2,1,4,82.34,2,3,2,0,3999.42,585.18,0,0,0.0,0.0,82.34,1,1,4,5,0,100.0,127.862,27.86,1.279,1,33.4,0,1,1,15679809,0
31.0,1,1,0,3,80.0,0,0,1,0,4324.14,5336.89,4,0,157.42,0.0,237.42,1,3,6,6,0,100.0,153.345,53.34,1.533,1,31.33,0,3,1,15279704,0
36.0,0,2,4,3,150.72,1,3,1,0,6647.72,1029.54,0,0,0.0,0.0,150.72,0,0,0,0,2,0.0,0.0,0.0,0.0,1,20.72,1,0,0,13824808,0
26.0,0,1,0,4,101.99,2,0,2,1,6652.85,1256.23,1,0,209.9,0.0,311.89,1,1,8,6,1,100.0,131.801,31.8,1.318,1,32.7,0,0,1,15917639,0
44.0,1,1,4,2,80.0,2,2,1,1,6064.61,1225.2,3,0,293.74,0.0,373.74,1,1,4,9,1,100.0,110.382,10.38,1.104,1,26.54,0,1,1,14316292,0
38.0,0,1,0,3,96.53,0,1,0,0,4690.51,2279.7,2,0,259.29,0.0,355.82,1,0,6,3,1,100.0,77.059,-22.94,0.771,1,24.43,0,2,1,15295912,0
27.0,0,1,3,2,80.0,4,0,0,0,4005.93,2050.05,3,0,487.94,0.0,567.94,1,3,6,8,0,100.0,124.424,24.42,1.244,1,26.74,1,1,1,12390082,0
46.0,1,1,0,1,87.53,2,0,1,1,2927.83,2759.83,1,0,165.32,0.0,252.85,1,2,4,6,1,100.0,87.599,-12.4,0.876,1,34.75,2,1,1,15466349,0
49.0,0,1,3,5,98.27,2,2,2,0,2200.35,2852.04,1,0,213.75,0.0,312.02,0,0,0,0,2,0.0,0.0,0.0,0.0,1,23.2,0,0,0,14230642,0
34.0,0,1,3,3,80.0,0,0,2,1,1719.97,1037.87,2,0,218.64,0.0,298.64,0,0,0,0,2,0.0,0.0,0.0,0.0,0,5.0,0,0,0,11290014,0
32.0,0,2,2,3,128.03,2,0,3,1,1854.23,1780.47,0,0,0.0,0.0,128.03,1,0,6,4,0,100.0,53.903,-46.1,0.539,1,25.83,0,0,1,12750528,0
18.0,0,2,4,6,80.0,1,3,0,1,7945.76,4257.83,0,0,0.0,0.0,80.0,1,0,4,6,1,100.0,132.009,32.01,1.32,1,41.75,1,3,1,19953501,0
30.0,0,1,1,2,114.73,2,0,0,0,3393.03,2829.74,4,1,545.39,36.45,696.57,1,2,6,5,0,100.0,167.862,67.86,1.679,1,16.93,0,0,1,16983640,0
32.0,1,2,1,3,108.73,2,3,0,0,3717.93,2628.94,0,0,0.0,0.0,108.73,1,3,6,3,0,100.0,78.558,-21.44,0.786,1,30.46,1,2,1,12961299,0
38.0,0,2,1,8,95.73,3,1,0,0,1348.84,1505.83,0,0,0.0,0.0,95.73,1,2,8,10,1,100.0,125.291,25.29,1.253,0,5.0,2,1,1,15040355,0
33.0,1,2,2,5,80.0,0,3,1,0,2916.84,1024.27,0,0,0.0,0.0,80.0,0,0,0,0,2,0.0,0.0,0.0,0.0,1,24.24,0,0,0,12529613,0
38.0,0,1,1,6,80.0,4,0,2,1,2223.04,2252.63,4,1,541.48,157.11,778.59,1,0,4,7,1,100.0,63.428,-36.57,0.634,1,16.12,0,1,1,12246935,0
53.0,1,2,1,6,115.16,0,0,0,1,5339.32,6243.0,0,0,0.0,0.0,115.16,1,3,4,11,0,100.0,106.397,6.4,1.064,1,27.2,0,1,1,11272053,0
29.0,0,1,4,5,87.05,2,0,0,1,6452.52,3542.48,1,0,115.11,0.0,202.16,1,2,4,6,0,100.0,91.697,-8.3,0.917,1,19.74,0,1,1,17608809,0
29.0,1,2,2,5,80.0,2,0,0,0,5886.18,2674.41,0,0,0.0,0.0,80.0,1,0,4,4,1,100.0,120.631,20.63,1.206,1,12.06,0,2,1,10259674,0
19.0,0,2,4,2,80.0,0,3,0,0,1345.0,5831.62,0,0,0.0,0.0,80.0,1,0,8,6,1,100.0,103.658,3.66,1.037,1,22.24,0,1,1,17004431,0
35.0,0,2,1,2,86.62,0,0,1,1,3564.71,3322.69,0,0,0.0,0.0,86.62,1,2,6,6,0,100.0,123.397,23.4,1.234,1,25.42,1,1,1,15805269,0
47.0,1,2,0,4,80.0,0,3,1,0,1809.28,2340.14,0,0,0.0,0.0,80.0,1,1,4,10,1,100.0,109.796,9.8,1.098,0,5.0,0,1,1,17164637,0
18.0,0,2,4,2,80.0,3,2,1,1,3833.58,456.11,0,0,0.0,0.0,80.0,1,1,6,9,1,100.0,66.073,-33.93,0.661,1,29.08,0,2,1,11688492,0
27.0,0,1,0,3,135.03,0,0,1,1,1571.7,778.63,2,2,233.0,255.27,623.3,0,0,0,0,2,0.0,0.0,0.0,0.0,1,34.04,1,1,0,10532315,0
35.0,0,1,3,8,80.0,1,0,1,0,4985.13,1577.45,1,0,120.62,0.0,200.62,0,0,0,0,2,0.0,0.0,0.0,0.0,0,5.0,0,2,0,14523173,0
45.0,0,1,1,5,80.5,2,0,0,0,1594.01,929.3,1,1,278.97,134.8,494.27,1,0,4,8,1,100.0,108.741,8.74,1.087,1,26.71,0,1,1,14930273,0
40.0,1,2,1,6,80.0,1,2,0,0,4860.39,3827.01,0,0,0.0,0.0,80.0,1,4,8,11,0,100.0,133.627,33.63,1.336,0,5.0,0,0,1,14293300,0
39.0,1,2,0,2,169.59,4,2,0,0,1632.01,1405.49,0,0,0.0,0.0,169.59,0,0,0,0,2,0.0,0.0,0.0,0.0,1,16.03,0,0,0,10256427,0
32.0,1,1,1,3,80.0,1,0,0,0,2662.65,1038.47,1,0,251.8,0.0,331.8,1,0,6,10,1,100.0,94.919,-5.08,0.949,1,25.84,0,3,1,16602589,0
41.0,1,1,3,5,80.0,3,3,0,1,2779.22,1039.25,2,0,161.34,0.0,241.34,1,2,6,7,1,100.0,58.074,-41.93,0.581,0,5.0,0,0,1,18742907,0
47.0,0,2,2,3,131.43,0,0,2,0,3894.42,4303.59,0,0,0.0,0.0,131.43,1,1,4,6,1,100.0,86.838,-13.16,0.868,1,24.81,0,2,1,16700787,0
18.0,0,2,0,5,144.54,1,2,0,1,2850.43,951.96,0,0,0.0,0.0,144.54,0,0,0,0,2,0.0,0.0,0.0,0.0,0,5.0,1,1,0,10805812,0
44.0,1,1,2,4,102.92,2,2,0,0,2236.9,4495.54,1,0,360.4,0.0,463.32,0,0,0,0,2,0.0,0.0,0.0,0.0,1,22.1,2,1,0,17656451,0
34.0,0,1,1,5,98.35,1,0,1,0,4055.7,1374.83,3,0,122.72,0.0,221.07,1,3,6,15,1,100.0,113.773,13.77,1.138,1,30.23,0,4,1,16222699,0
29.0,0,2,0,1,80.0,1,0,0,1,2677.66,1505.12,0,0,0.0,0.0,80.0,1,2,6,4,1,100.0,94.06,-5.94,0.941,1,36.49,0,1,1,18558377,0
18.0,1,1,1,6,92.8,1,3,2,0,3260.53,1003.24,0,0,310.61,0.0,403.41,1,0,6,10,1,100.0,115.328,15.33,1.153,0,5.0,0,0,1,13914410,0
18.0,0,1,1,2,81.92,2,2,1,0,2463.51,1651.84,2,1,207.92,109.1,398.94,1,2,4,3,1,100.0,126.368,26.37,1.264,1,32.72,1,1,1,13236158,0
55.0,0,2,1,4,89.81,4,0,3,0,2496.18,4123.28,0,0,0.0,0.0,89.81,0,0,0,0,2,0.0,0.0,0.0,0.0,1,29.75,2,1,0,11997295,1
27.0,1,2,3,7,125.92,3,3,3,0,6778.97,3303.89,0,0,0.0,0.0,125.92,0,0,0,0,2,0.0,0.0,0.0,0.0,1,36.14,0,0,0,14401117,0
22.0,1,2,3,4,93.23,2,2,1,0,8058.79,2939.4,0,0,0.0,0.0,93.23,1,3,6,2,0,100.0,123.256,23.26,1.233,1,16.35,0,0,1,17220664,0
30.0,1,0,1,6,120.93,2,0,1,1,4582.58,3469.4,3,0,0.0,0.0,120.93,1,3,4,5,1,100.0,60.108,-39.89,0.601,1,21.73,0,1,1,17898527,0
26.0,0,0,3,5,80.0,2,0,0,1,2800.16,9736.93,3,1,0.0,23.77,103.77,0,0,0,0,2,0.0,0.0,0.0,0.0,1,14.44,0,4,0,13686107,1
36.0,1,2,2,3,80.0,1,0,1,0,2637.22,5513.14,0,0,0.0,0.0,80.0,1,0,6,5,0,100.0,41.966,-58.03,0.42,1,22.12,0,2,1,18366736,0
53.0,1,2,3,6,80.0,2,0,2,0,2076.24,3405.9,0,0,0.0,0.0,80.0,1,1,8,9,1,100.0,92.188,-7.81,0.922,1,14.72,0,3,1,11647792,0
28.0,1,1,0,2,165.35,2,0,2,0,4471.75,1707.66,0,0,543.93,0.0,709.28,1,5,6,4,0,100.0,99.663,-0.34,0.997,1,10.9,0,0,1,18055136,0
37.0,0,1,3,7,80.0,2,2,0,0,3329.31,5666.52,0,0,342.01,0.0,422.01,1,0,6,7,0,100.0,73.584,-26.42,0.736,0,5.0,0,0,1,18347461,0
21.0,1,2,0,6,101.06,1,2,0,1,2319.05,674.76,0,0,0.0,0.0,101.06,0,0,0,0,2,0.0,0.0,0.0,0.0,1,20.23,0,0,0,15411532,0
53.0,0,2,3,5,80.0,2,0,1,1,6182.76,1582.81,0,0,0.0,0.0,80.0,1,2,8,11,0,100.0,87.995,-12.0,0.88,0,5.0,2,0,1,15869698,0
37.0,1,2,4,1,107.51,1,3,1,1,3517.22,946.93,0,0,0.0,0.0,107.51,1,1,4,8,0,100.0,89.448,-10.55,0.894,1,17.85,0,1,1,18295891,0
22.0,0,1,4,9,135.15,2,2,1,1,5682.92,3896.4,5,2,215.85,137.55,488.55,1,2,4,7,1,100.0,111.495,11.5,1.115,1,25.44,1,3,1,14034865,0
46.0,0,2,2,2,80.0,0,2,0,1,1653.64,3836.15,0,0,0.0,0.0,80.0,1,1,4,7,1,100.0,98.318,-1.68,0.983,1,16.36,0,1,1,11576438,0
49.0,1,0,4,2,94.2,4,3,1,0,3208.68,2051.04,2,0,0.0,0.0,94.2,1,1,6,8,0,100.0,131.331,31.33,1.313,0,5.0,0,3,1,13943796,0
37.0,1,2,1,1,80.0,0,0,2,1,3504.68,1728.08,0,0,0.0,0.0,80.0,0,0,0,0,2,0.0,0.0,0.0,0.0,1,26.44,0,3,0,16525684,0
18.0,1,2,2,1,80.0,1,3,0,1,726.77,2325.14,0,0,0.0,0.0,80.0,1,0,4,8,1,100.0,132.84,32.84,1.328,1,26.8,0,1,1,11663953,0
56.0,1,2,1,1,166.8,2,0,0,0,3335.55,2561.49,0,0,0.0,0.0,166.8,1,1,4,5,0,100.0,91.249,-8.75,0.912,1,34.56,1,2,1,10689654,0
39.0,1,2,3,5,80.0,2,1,0,1,2813.49,1181.14,0,0,0.0,0.0,80.0,1,1,4,9,1,100.0,120.477,20.48,1.205,0,5.0,0,0,1,19586939,0
49.0,0,2,0,5,175.7,1,0,0,0,3467.62,2764.37,0,0,0.0,0.0,175.7,1,2,4,8,1,100.0,63.805,-36.2,0.638,1,18.22,0,0,1,17754363,0
28.0,0,0,1,4,80.0,2,0,2,0,2100.27,1201.26,2,1,0.0,83.54,163.54,0,0,0,0,2,0.0,0.0,0.0,0.0,1,27.67,0,0,0,13116246,0
30.0,0,0,3,4,80.0,0,2,1,1,1975.49,2338.2,1,0,0.0,0.0,80.0,1,1,8,8,1,100.0,130.366,30.37,1.304,1,16.93,1,0,1,11588006,0
36.0,0,1,3,3,80.0,1,0,2,0,9338.44,742.46,1,0,217.94,0.0,297.94,0,0,0,0,2,0.0,0.0,0.0,0.0,1,31.18,0,1,0,13404243,0
48.0,1,2,3,5,80.0,0,0,0,1,3617.52,4287.62,0,0,0.0,0.0,80.0,1,0,4,6,1,100.0,144.596,44.6,1.446,1,22.83,0,1,1,14839316,0
37.0,1,2,1,4,80.0,1,0,0,1,4020.51,1737.08,0,0,0.0,0.0,80.0,1,0,4,3,1,100.0,93.205,-6.8,0.932,1,17.56,0,0,1,13620402,0
20.0,0,2,0,3,111.35,0,2,2,0,1623.66,8821.19,0,0,0.0,0.0,111.35,0,0,0,0,2,0.0,0.0,0.0,0.0,1,27.86,0,2,0,12379968,0
38.0,1,1,0,1,108.3,4,0,0,0,1980.32,3852.09,2,2,196.54,216.85,521.69,0,0,0,0,2,0.0,0.0,0.0,0.0,0,5.0,0,2,0,19605751,1
55.0,0,1,2,5,92.95,1,0,0,0,2553.11,2112.68,2,0,301.84,0.0,394.79,1,0,6,9,0,100.0,73.824,-26.18,0.738,1,8.72,0,0,1,15960182,0
36.0,0,1,2,4,80.0,0,0,0,1,3421.69,6265.81,1,0,129.31,0.0,209.31,1,0,4,8,1,100.0,89.841,-10.16,0.898,1,16.75,0,1,1,14220435,0
37.0,0,1,0,5,132.13,2,0,1,0,2023.7,2187.62,2,0,146.06,0.0,278.19,1,0,6,7,1,100.0,125.047,25.05,1.25,1,23.19,0,0,1,15599162,0
20.0,0,2,0,6,154.91,1,2,0,0,4220.05,1982.72,0,0,0.0,0.0,154.91,1,2,6,9,1,100.0,82.279,-17.72,0.823,1,25.13,0,1,1,10455641,0
18.0,1,2,2,6,105.16,2,2,0,0,4067.0,599.62,0,0,0.0,0.0,105.16,1,2,6,9,1,100.0,81.165,-18.83,0.812,1,30.23,0,1,1,18563056,0
27.0,0,2,0,5,80.0,2,0,0,0,2459.54,2456.48,0,0,0.0,0.0,80.0,0,0,0,0,2,0.0,0.0,0.0,0.0,0,5.0,0,2,0,12279583,0
31.0,0,2,3,7,108.37,2,1,1,0,2548.62,1246.42,0,0,0.0,0.0,108.37,1,1,4,2,0,100.0,79.622,-20.38,0.796,0,5.0,0,0,1,10363978,0
36.0,1,2,1,4,110.38,0,2,1,0,7799.76,2101.98,0,0,0.0,0.0,110.38,1,2,4,6,1,100.0,121.05,21.05,1.21,1,32.25,0,1,1,16958059,0
37.0,1,1,1,3,157.28,2,2,1,1,1821.6,1853.14,5,1,286.37,75.08,518.73,1,2,4,6,0,100.0,112.745,12.75,1.127,1,15.41,0,1,1,13399480,0
54.0,1,1,3,1,116.64,2,0,0,0,1465.62,961.43,5,1,179.26,67.33,363.23,1,0,4,9,1,100.0,69.328,-30.67,0.693,1,28.13,0,0,1,17720728,0
36.0,1,2,3,4,106.94,1,3,0,0,2032.25,6520.7,0,0,0.0,0.0,106.94,1,2,4,11,1,100.0,133.109,33.11,1.331,1,36.57,0,0,1,10324949,0
48.0,0,3,1,5,80.0,0,0,2,0,2889.06,1872.33,3,0,0.0,0.0,80.0,1,0,6,5,1,100.0,86.074,-13.93,0.861,0,5.0,0,0,1,18160825,0
35.0,1,1,1,4,159.51,1,3,2,1,3760.34,5992.84,1,1,199.22,23.35,382.08,1,0,6,8,1,100.0,116.176,16.18,1.162,0,5.0,0,2,1,11843547,0
52.0,1,2,1,5,80.0,1,0,0,0,2121.63,1970.65,0,0,0.0,0.0,80.0,1,1,4,6,1,100.0,70.963,-29.04,0.71,1,22.27,0,0,1,15028307,0
18.0,1,2,1,7,89.26,4,2,0,0,5552.08,2599.84,0,0,0.0,0.0,89.26,1,0,6,9,0,100.0,82.483,-17.52,0.825,1,25.04,1,0,1,10069118,0
28.0,0,2,1,3,148.06,2,0,1,0,1869.54,1509.24,0,0,0.0,0.0,148.06,1,1,6,10,1,100.0,151.398,51.4,1.514,1,14.35,0,0,1,15005783,0
47.0,1,2,4,1,85.61,2,3,2,1,2267.7,3433.61,0,0,0.0,0.0,85.61,1,2,4,6,1,100.0,116.124,16.12,1.161,0,5.0,0,2,1,19035700,0
33.0,0,1,0,5,80.0,0,0,0,0,2898.96,2426.53,1,0,244.96,0.0,324.96,1,1,6,3,1,100.0,87.89,-12.11,0.879,0,5.0,1,0,1,17771764,0
46.0,1,2,3,2,80.0,4,0,2,0,2100.18,3426.62,0,0,0.0,0.0,80.0,1,4,6,3,1,100.0,93.058,-6.94,0.931,1,33.91,0,1,1,14387794,0
40.0,1,2,4,6,92.3,0,0,0,1,3512.03,2383.73,0,0,0.0,0.0,92.3,1,0,8,7,1,100.0,44.984,-55.02,0.45,0,5.0,0,3,1,12543871,0
46.0,1,2,0,3,82.42,0,3,0,0,914.89,796.62,0,0,0.0,0.0,82.42,0,0,0,0,2,0.0,0.0,0.0,0.0,0,5.0,0,3,0,13378483,0
42.0,1,1,2,3,80.0,1,2,2,0,2290.92,2066.17,3,0,93.43,0.0,173.43,1,3,4,4,1,100.0,95.057,-4.94,0.951,1,26.54,1,0,1,13853735,0
43.0,1,2,0,4,106.14,0,0,1,0,1716.95,1763.24,0,0,0.0,0.0,106.14,1,2,4,10,0,100.0,109.944,9.94,1.099,0,5.0,0,1,1,12290275,0
53.0,0,1,2,1,133.59,1,0,1,0,16319.14,8257.48,0,0,215.45,0.0,349.04,1,2,4,7,1,100.0,79.524,-20.48,0.795,1,24.89,0,1,1,19714750,0
47.0,0,2,1,6,129.26,3,2,0,0,4033.3,2950.91,0,0,0.0,0.0,129.26,0,0,0,0,2,0.0,0.0,0.0,0.0,1,26.16,0,1,0,16184988,0
47.0,1,3,4,3,123.6,0,0,2,0,6931.43,2795.02,3,0,0.0,0.0,123.6,1,2,4,8,0,100.0,80.129,-19.87,0.801,1,31.97,0,1,1,17128933,0
35.0,1,2,1,5,139.27,4,3,1,0,5056.94,2178.18,0,0,0.0,0.0,139.27,1,3,4,6,0,100.0,141.456,41.46,1.415,0,5.0,0,0,1,17560136,0
28.0,1,2,0,6,164.87,2,1,0,1,2355.92,1130.82,0,0,0.0,0.0,164.87,0,0,0,0,2,0.0,0.0,0.0,0.0,1,34.13,0,2,0,10016066,0
27.0,0,2,4,1,161.86,0,0,2,0,2038.19,4935.07,0,0,0.0,0.0,161.86,1,1,8,8,0,100.0,60.485,-39.52,0.605,1,37.78,0,2,1,11436827,0
44.0,0,2,1,4,100.97,1,0,0,0,5785.87,3362.18,0,0,0.0,0.0,100.97,1,2,4,12,1,100.0,88.021,-11.98,0.88,0,5.0,1,1,1,13324617,0
18.0,1,2,1,5,85.78,2,3,3,1,2512.17,1408.72,0,0,0.0,0.0,85.78,1,0,4,7,1,100.0,42.697,-57.3,0.427,1,17.01,1,1,1,16151423,0
19.0,1,2,1,3,205.01,0,3,1,1,3255.09,1534.51,0,0,0.0,0.0,205.01,1,4,8,8,1,100.0,85.771,-14.23,0.858,1,42.43,0,2,1,16412055,0
23.0,1,2,1,2,80.0,0,2,1,0,3076.64,3723.42,0,0,0.0,0.0,80.0,1,1,4,9,1,100.0,61.227,-38.77,0.612,0,5.0,0,0,1,16142007,0
32.0,0,1,3,1,128.35,4,0,0,0,4943.33,1236.73,0,0,308.18,0.0,436.53,0,0,0,0,2,0.0,0.0,0.0,0.0,0,5.0,0,2,0,10393884,0
18.0,0,2,3,2,80.0,2,3,0,0,1650.03,2261.27,0,0,0.0,0.0,80.0,0,0,0,0,2,0.0,0.0,0.0,0.0,1,19.91,0,2,0,15481368,0
50.0,1,1,3,2,86.7,0,0,1,0,2988.05,970.6,2,0,340.06,0.0,426.76,1,0,6,5,1,100.0,129.63,29.63,1.296,1,40.79,0,0,1,16503707,0
42.0,0,1,4,2,102.83,0,1,0,0,1879.32,4220.44,0,0,113.28,0.0,216.11,1,2,4,9,1,100.0,135.743,35.74,1.357,1,25.24,0,0,1,11220975,0
59.0,1,2,1,1,80.0,2,0,2,0,1306.09,961.04,0,0,0.0,0.0,80.0,1,2,6,5,1,100.0,116.12,16.12,1.161,0,5.0,0,0,1,14666422,0
48.0,1,1,0,3,80.0,0,2,0,0,2483.63,6602.58,3,1,121.69,43.71,245.4,1,1,4,10,0,100.0,111.219,11.22,1.112,1,17.14,0,0,1,16154031,0
47.0,1,2,0,4,94.79,2,0,1,1,6417.09,636.17,0,0,0.0,0.0,94.79,1,3,4,10,0,100.0,125.605,25.61,1.256,0,5.0,0,2,1,16545011,0
62.0,0,2,2,3,124.72,0,0,1,0,1375.67,677.37,0,0,0.0,0.0,124.72,1,2,6,6,1,100.0,83.452,-16.55,0.835,1,25.74,0,1,1,15118123,0
28.0,0,1,1,9,160.29,0,1,1,0,2885.45,5862.81,4,0,297.56,0.0,457.85,0,0,0,0,2,0.0,0.0,0.0,0.0,1,26.37,0,0,0,16851477,0
18.0,1,2,2,3,80.0,2,2,1,1,2046.64,3750.58,0,0,0.0,0.0,80.0,1,1,4,5,0,100.0,85.811,-14.19,0.858,1,22.84,1,1,1,18398493,0
32.0,1,1,1,4,103.81,2,0,2,0,1830.58,12800.91,3,0,489.78,0.0,593.59,0,0,0,0,2,0.0,0.0,0.0,0.0,1,24.28,0,0,0,14219227,0
25.0,0,1,4,3,85.05,2,0,1,0,1715.4,2927.42,3,2,356.24,242.06,683.35,1,1,6,8,1,100.0,135.289,35.29,1.353,1,24.32,1,1,1,13847491,0
32.0,1,2,4,2,123.25,0,0,0,1,2100.23,9311.15,0,0,0.0,0.0,123.25,1,2,6,6,1,100.0,51.419,-48.58,0.514,1,25.6,0,1,1,19867607,0
22.0,1,2,0,3,98.74,0,3,0,0,1424.42,622.43,0,0,0.0,0.0,98.74,1,2,6,7,1,100.0,53.426,-46.57,0.534,1,13.9,0,1,1,15764970,0
42.0,1,1,4,5,83.89,1,0,0,0,3688.44,2228.19,5,1,524.11,147.31,755.31,0,0,0,0,2,0.0,0.0,0.0,0.0,1,25.71,1,1,0,18454268,0
41.0,0,1,0,3,80.0,1,0,0,0,838.53,3634.2,2,1,86.05,61.92,227.97,0,0,0,0,2,0.0,0.0,0.0,0.0,1,39.0,0,0,0,17923101,0
35.0,0,2,3,2,95.06,0,2,0,0,2330.73,2144.69,0,0,0.0,0.0,95.06,1,3,8,8,1,100.0,54.839,-45.16,0.548,1,30.33,0,1,1,14008125,0
39.0,1,1,2,1,191.85,1,0,3,1,2172.12,1079.79,2,0,436.91,0.0,628.76,1,3,6,6,1,100.0,77.601,-22.4,0.776,0,5.0,0,5,1,14445649,0
33.0,1,1,2,5,80.0,4,1,0,0,3091.29,1877.27,1,0,272.6,0.0,352.6,1,0,4,9,0,100.0,121.665,21.67,1.217,1,22.48,0,0,1,10301235,0
44.0,1,1,4,5,1121.55,1,1,2,0,17058.19,4415.82,2,0,353.52,0.0,1475.07,1,1,8,2,1,100.0,130.566,30.57,1.306,0,5.0,0,0,1,19394798,0
36.0,1,1,0,6,1574.73,2,2,1,1,10501.69,384.45,1,0,650.97,0.0,2225.7,1,0,4,9,1,100.0,77.24,-22.76,0.772,0,5.0,0,1,1,19704436,0
32.0,0,1,3,5,1423.81,0,0,1,0,15733.93,3003.23,0,0,239.65,0.0,1663.46,1,3,4,8,1,100.0,130.543,30.54,1.305,0,5.0,0,1,0,17499244,0
46.0,0,2,3,3,1199.21,0,0,1,0,19562.3,4269.86,0,0,0.0,0.0,1199.21,1,0,6,6,1,100.0,104.307,4.31,1.043,1,28.35,0,0,0,18271154,0
50.0,1,2,3,1,1293.27,2,0,1,0,14411.76,8820.43,0,0,0.0,0.0,1293.27,1,3,6,4,0,100.0,87.952,-12.05,0.88,1,33.94,0,1,0,16204858,0
51.0,1,1,3,7,1214.22,2,2,2,0,3213.6,2232.83,3,1,341.95,123.63,1679.8,0,0,0,0,2,0.0,0.0,0.0,0.0,0,5.0,0,2,0,17610760,0
23.0,1,2,1,8,1872.08,1,2,1,1,16538.16,3641.93,0,0,0.0,0.0,1872.08,0,0,0,0,2,0.0,0.0,0.0,0.0,1,5.0,0,0,0,16131400,0
29.0,0,2,1,5,1413.8,0,0,1,1,7678.75,2918.68,0,0,0.0,0.0,1413.8,1,3,4,9,0,100.0,118.833,18.83,1.188,1,13.97,1,1,0,13887452,0
18.0,1,2,3,5,1326.48,2,3,0,0,21805.22,2087.39,0,0,0.0,0.0,1326.48,1,4,4,6,1,100.0,81.638,-18.36,0.816,1,6.95,0,1,1,12718170,0
32.0,1,1,0,8,433.82,0,1,0,0,10512.72,2066.73,0,0,324.47,0.0,758.29,1,0,4,6,1,100.0,110.313,10.31,1.103,1,17.95,1,1,1,10889020,0
40.0,0,1,3,8,759.93,2,2,2,0,14692.05,1299.23,2,0,521.62,0.0,1281.55,1,1,8,10,1,100.0,83.719,-16.28,0.837,1,15.99,0,1,1,17128903,0
33.0,0,1,3,5,878.36,2,0,0,1,9314.5,1520.8,3,0,174.31,0.0,1052.67,0,0,0,0,2,0.0,0.0,0.0,0.0,1,25.33,0,2,0,16040120,0
58.0,0,0,0,6,1660.6,0,1,1,0,7268.81,4413.36,0,0,0.0,0.0,1660.6,0,0,0,0,2,0.0,0.0,0.0,0.0,1,35.62,1,0,0,19660744,0
30.0,0,2,1,6,1964.23,0,0,1,0,46102.61,2606.34,0,0,0.0,0.0,1964.23,1,3,6,3,1,100.0,112.84,12.84,1.128,1,14.69,0,0,0,12847371,0
22.0,1,1,3,5,1110.83,0,2,0,0,7113.06,1417.8,2,0,118.45,0.0,1229.28,1,1,4,9,0,100.0,57.33,-42.67,0.573,0,5.0,0,2,1,13557369,0
42.0,1,2,0,4,1212.21,2,0,0,0,15753.97,3460.29,0,0,0.0,0.0,1212.21,1,2,4,7,1,100.0,113.498,13.5,1.135,0,5.0,0,1,0,16634096,0
37.0,0,3,2,5,1279.45,3,0,1,1,10849.22,1549.54,3,1,0.0,75.82,1355.27,1,0,6,5,0,100.0,49.443,-50.56,0.494,1,32.18,0,2,0,18855131,1
42.0,1,1,2,6,1277.5,1,0,0,0,21610.66,14103.63,2,0,129.79,0.0,1407.29,1,2,6,4,1,100.0,116.893,16.89,1.169,1,17.1,0,1,1,10505964,0
39.0,0,2,4,4,705.81,2,1,2,0,8064.02,5648.62,0,0,0.0,0.0,705.81,1,4,6,4,1,100.0,92.936,-7.06,0.929,0,5.0,1,3,0,11768991,0
38.0,0,1,1,7,1357.68,0,0,2,0,23409.1,5862.3,3,3,373.49,164.18,1895.35,0,0,0,0,2,0.0,0.0,0.0,0.0,1,26.44,3,3,0,18191944,1
18.0,1,2,1,2,1166.72,2,2,1,0,11493.68,1503.81,0,0,0.0,0.0,1166.72,0,0,0,0,2,0.0,0.0,0.0,0.0,0,5.0,0,0,0,16757094,0
26.0,0,2,3,3,1418.25,2,0,0,0,22572.36,1518.2,0,0,0.0,0.0,1418.25,1,2,8,8,1,100.0,73.233,-26.77,0.732,1,45.22,0,3,0,10283038,0
28.0,0,1,2,7,1016.67,0,0,0,0,14575.82,2065.13,2,0,270.67,0.0,1287.34,1,2,8,10,1,100.0,108.318,8.32,1.083,1,13.96,0,2,1,19426385,0
31.0,1,1,1,9,819.78,0,0,0,0,5825.69,2368.41,5,0,159.34,0.0,979.12,1,2,4,9,1,100.0,54.025,-45.98,0.54,1,37.16,0,0,1,15951734,0
30.0,1,2,1,8,1085.19,0,0,2,1,27051.44,1844.55,0,0,0.0,0.0,1085.19,1,2,4,9,1,100.0,118.837,18.84,1.188,0,5.0,0,0,0,14509970,0
40.0,0,2,4,4,637.35,1,3,2,0,10047.47,784.9,0,0,0.0,0.0,637.35,1,3,4,6,1,100.0,151.971,51.97,1.52,1,36.58,2,2,0,17848264,0
42.0,1,2,2,4,1107.25,4,2,3,0,16091.5,3476.08,0,0,0.0,0.0,1107.25,1,1,6,6,1,100.0,130.068,30.07,1.301,1,23.1,0,0,0,17200777,0
21.0,1,2,4,5,1093.91,0,2,1,0,4426.77,4775.44,0,0,0.0,0.0,1093.91,1,1,4,4,0,100.0,79.862,-20.14,0.799,1,32.47,0,0,1,11358589,0
43.0,0,2,1,9,1134.99,0,0,0,0,23106.76,9234.52,0,0,0.0,0.0,1134.99,0,0,0,0,2,0.0,0.0,0.0,0.0,0,5.0,1,0,0,13135620,1
42.0,1,2,3,7,1294.71,2,0,2,1,9675.48,1826.41,0,0,0.0,0.0,1294.71,0,0,0,0,2,0.0,0.0,0.0,0.0,1,24.44,1,1,0,11045821,0
41.0,0,1,2,4,1285.14,4,0,0,1,7616.25,683.36,2,0,331.95,0.0,1617.09,1,1,6,5,1,100.0,57.69,-42.31,0.577,1,24.09,0,3,1,17497468,0
18.0,0,2,3,5,820.09,0,2,1,1,27197.59,653.02,0,0,0.0,0.0,820.09,0,0,0,0,2,0.0,0.0,0.0,0.0,1,26.31,0,0,0,14556120,0
40.0,0,2,1,2,875.69,0,2,1,0,14168.44,2169.72,0,0,0.0,0.0,875.69,0,0,0,0,2,0.0,0.0,0.0,0.0,1,32.43,0,1,0,10874549,0
36.0,1,1,3,7,1481.13,0,0,2,0,47634.61,2047.54,3,1,311.7,56.01,1848.84,1,1,4,4,0,100.0,127.277,27.28,1.273,1,27.36,2,1,1,10661768,0
47.0,0,2,4,4,808.98,1,0,0,0,20701.11,4145.34,0,0,0.0,0.0,808.98,1,1,6,7,1,100.0,90.807,-9.19,0.908,0,5.0,0,0,0,17256338,0
56.0,0,1,1,3,518.87,2,0,0,0,12946.06,2394.22,1,1,238.18,63.46,820.51,1,1,4,4,1,100.0,94.729,-5.27,0.947,0,5.0,0,0,1,10834730,0
54.0,1,1,0,1,1061.31,0,0,2,0,23617.26,2652.53,2,0,360.15,0.0,1421.46,0,0,0,0,2,0.0,0.0,0.0,0.0,0,5.0,1,1,0,16630178,0
36.0,0,1,2,3,931.98,2,3,1,0,19594.81,1923.6,0,0,207.09,0.0,1139.07,1,2,6,6,1,100.0,73.55,-26.45,0.735,0,5.0,0,2,0,12451613,0
35.0,1,1,1,3,823.83,1,1,3,1,4787.27,7805.58,0,0,296.83,0.0,1120.66,0,0,0,0,2,0.0,0.0,0.0,0.0,1,31.35,0,1,0,11578149,0
43.0,1,2,0,1,824.16,2,0,1,0,17500.09,1094.97,0,0,0.0,0.0,824.16,1,0,8,12,1,100.0,87.514,-12.49,0.875,0,5.0,0,1,0,14985521,0
22.0,0,2,3,2,1050.47,2,3,1,1,5741.28,1866.41,0,0,0.0,0.0,1050.47,0,0,0,0,2,0.0,0.0,0.0,0.0,1,30.77,0,2,0,16699599,0
18.0,1,1,0,3,763.45,0,3,0,0,2494.29,3157.89,4,2,230.55,249.88,1243.88,0,0,0,0,2,0.0,0.0,0.0,0.0,0,5.0,0,0,0,11759257,1
29.0,1,1,4,1,733.55,0,2,0,1,8635.7,3841.61,2,2,271.11,259.6,1264.26,1,2,6,7,1,100.0,73.482,-26.52,0.735,1,14.87,1,1,1,15961804,0
50.0,1,2,4,3,1013.48,2,2,1,1,6499.33,663.46,0,0,0.0,0.0,1013.48,1,3,6,8,1,100.0,83.489,-16.51,0.835,0,5.0,0,2,0,18572073,0
31.0,1,1,1,5,1020.09,2,3,1,1,8343.55,2134.14,4,2,206.01,321.68,1547.78,0,0,0,0,2,0.0,0.0,0.0,0.0,1,24.87,0,3,0,10125397,1
53.0,1,0,1,3,1060.4,2,0,1,0,21385.84,512.31,4,1,0.0,81.55,1141.95,1,1,8,8,1,100.0,103.497,3.5,1.035,1,29.55,0,2,0,12018162,0
18.0,0,2,3,5,757.04,0,2,1,0,24637.22,2828.49,0,0,0.0,0.0,757.04,1,1,4,6,0,100.0,73.966,-26.03,0.74,1,25.42,0,2,1,10265914,0
18.0,1,2,4,6,889.9,2,2,0,0,5025.17,512.84,0,0,0.0,0.0,889.9,0,0,0,0,2,0.0,0.0,0.0,0.0,1,24.62,0,1,0,14951390,0
34.0,1,2,4,5,619.27,2,0,1,0,5074.27,3947.0,0,0,0.0,0.0,619.27,0,0,0,0,2,0.0,0.0,0.0,0.0,1,25.84,0,2,0,11912569,0
46.0,0,1,1,9,1133.66,1,0,1,0,15063.87,1959.14,2,0,313.74,0.0,1447.4,1,1,4,6,0,100.0,66.657,-33.34,0.667,0,5.0,0,1,1,13841042,0
34.0,1,1,4,7,1496.94,2,0,1,0,9459.52,2746.18,2,1,179.08,65.59,1741.61,0,0,0,0,2,0.0,0.0,0.0,0.0,1,32.54,1,1,0,18623871,0
34.0,0,1,0,3,1055.03,0,0,0,1,26059.37,1518.77,2,0,220.9,0.0,1275.93,1,3,4,10,0,100.0,53.235,-46.76,0.532,1,8.04,0,0,1,16151639,0
34.0,1,1,4,5,922.47,0,1,1,0,17680.55,1839.25,3,0,356.15,0.0,1278.62,1,3,6,6,1,100.0,118.731,18.73,1.187,0,5.0,0,2,1,16307067,0
18.0,1,2,2,4,1665.92,3,0,1,0,8522.84,2041.42,0,0,0.0,0.0,1665.92,1,3,8,4,1,100.0,109.806,9.81,1.098,1,11.91,0,0,0,11370211,0
49.0,0,2,1,3,815.95,1,3,1,1,16929.48,891.32,0,0,0.0,0.0,815.95,0,0,0,0,2,0.0,0.0,0.0,0.0,1,13.6,0,4,0,16769732,0
27.0,1,2,3,5,1313.87,2,3,0,0,14021.9,693.69,0,0,0.0,0.0,1313.87,1,1,6,5,1,100.0,94.876,-5.12,0.949,1,26.82,0,0,0,10716500,0
48.0,1,2,4,7,831.54,0,2,0,1,11196.0,1375.04,0,0,0.0,0.0,831.54,1,0,4,8,0,100.0,83.186,-16.81,0.832,1,26.35,0,2,0,14645181,0
34.0,1,1,2,2,1944.85,0,2,0,0,17529.92,5944.1,5,1,476.72,70.87,2492.44,1,2,8,4,1,100.0,100.636,0.64,1.006,0,5.0,1,1,1,10647742,0
48.0,1,2,4,4,1204.94,0,0,0,0,14887.87,916.91,0,0,0.0,0.0,1204.94,1,3,6,8,1,100.0,107.077,7.08,1.071,1,36.05,0,2,0,13900407,0
39.0,0,1,2,3,1172.42,2,0,1,0,5807.89,1123.9,6,0,196.95,0.0,1369.37,1,2,6,8,1,100.0,104.595,4.59,1.046,1,23.97,0,0,1,15758978,0
34.0,0,1,4,3,1016.68,1,0,0,1,44471.16,2954.72,6,1,133.87,72.86,1223.41,1,1,4,4,1,100.0,62.279,-37.72,0.623,1,17.72,0,3,1,17930578,0
38.0,1,2,3,5,1071.3,1,3,0,0,8652.83,4026.29,0,0,0.0,0.0,1071.3,1,3,6,7,1,100.0,96.725,-3.28,0.967,1,22.69,0,0,0,16030673,0
18.0,1,2,3,6,1003.22,3,2,3,0,20961.7,1698.57,0,0,0.0,0.0,1003.22,1,1,4,3,1,100.0,56.112,-43.89,0.561,0,5.0,0,0,1,16640847,0
35.0,0,1,1,2,1014.26,0,1,0,1,12107.5,527.27,3,1,119.98,286.42,1420.66,1,1,4,8,1,100.0,90.588,-9.41,0.906,0,5.0,0,0,1,19606575,0
56.0,0,2,0,6,1021.4,3,0,0,0,16135.61,1122.51,0,0,0.0,0.0,1021.4,1,1,4,9,0,100.0,113.388,13.39,1.134,1,35.79,0,0,0,11405271,0
51.0,0,1,1,5,955.31,0,0,0,0,12039.39,6075.58,4,2,244.81,324.77,1524.89,0,0,0,0,2,0.0,0.0,0.0,0.0,1,16.66,1,1,0,16217841,1
23.0,1,2,4,6,589.13,2,0,0,0,8146.63,2793.5,0,0,0.0,0.0,589.13,0,0,0,0,2,0.0,0.0,0.0,0.0,1,29.05,1,0,0,19374397,0
41.0,0,2,1,3,1634.41,0,0,2,1,7307.85,4826.08,0,0,0.0,0.0,1634.41,1,1,4,7,1,100.0,152.237,52.24,1.522,0,5.0,0,0,0,11258339,0
38.0,1,1,4,3,1071.48,1,0,1,0,20713.53,2990.43,2,1,354.12,117.64,1543.24,0,0,0,0,2,0.0,0.0,0.0,0.0,1,18.61,0,2,0,12827156,0
45.0,1,2,1,5,1439.16,2,1,1,0,11619.5,1054.58,0,0,0.0,0.0,1439.16,1,2,4,17,1,100.0,88.329,-11.67,0.883,0,5.0,1,0,0,10447528,0
36.0,0,0,3,2,1165.01,2,0,0,1,9738.3,2763.43,1,1,0.0,71.43,1236.44,1,1,6,7,0,100.0,112.913,12.91,1.129,1,27.19,0,0,0,11137175,0
32.0,0,2,3,2,1068.95,2,0,1,0,5129.51,1779.91,0,0,0.0,0.0,1068.95,1,0,8,9,1,100.0,116.35,16.35,1.164,0,5.0,0,0,0,17060523,0
51.0,0,1,1,4,1101.97,2,0,0,0,31729.09,1767.78,3,2,315.77,98.23,1515.97,1,0,4,11,1,100.0,74.475,-25.53,0.745,1,29.89,0,2,1,17532881,0
38.0,0,1,1,1,731.65,2,0,1,0,3274.28,4585.91,0,0,160.65,0.0,892.3,0,0,0,0,2,0.0,0.0,0.0,0.0,0,5.0,0,1,0,15856211,0
50.0,1,1,4,2,782.51,0,0,2,0,8789.37,3272.41,1,0,123.47,0.0,905.98,1,6,6,3,1,100.0,87.053,-12.95,0.871,0,5.0,0,2,1,18563727,0
47.0,1,1,3,5,706.45,1,0,1,0,21832.83,1179.09,3,1,208.85,125.07,1040.37,1,3,6,3,1,100.0,91.35,-8.65,0.914,1,31.97,0,1,1,14102342,0
31.0,1,1,2,9,1143.08,1,0,0,1,10652.22,828.86,2,0,213.99,0.0,1357.07,0,0,0,0,2,0.0,0.0,0.0,0.0,1,27.53,0,0,0,11999878,0
33.0,0,1,2,3,1241.77,1,0,0,0,29021.17,1364.12,5,0,284.76,0.0,1526.53,0,0,0,0,2,0.0,0.0,0.0,0.0,1,35.77,0,3,0,13861941,0
58.0,0,2,4,7,1359.59,2,0,0,0,8695.09,2871.22,0,0,0.0,0.0,1359.59,1,1,6,9,1,100.0,76.211,-23.79,0.762,0,5.0,0,2,0,11017353,0
37.0,0,1,1,8,832.4,0,3,1,1,5895.2,1277.61,0,0,165.83,0.0,998.23,1,1,6,6,1,100.0,123.455,23.46,1.235,1,15.37,0,1,0,14169544,0
26.0,1,1,1,3,969.8,2,2,0,0,27684.66,4116.01,0,0,397.26,0.0,1367.06,1,1,6,8,1,100.0,96.037,-3.96,0.96,1,21.47,0,0,0,16087032,0
21.0,0,2,1,2,974.73,0,2,0,0,22011.14,3039.08,0,0,0.0,0.0,974.73,0,0,0,0,2,0.0,0.0,0.0,0.0,0,5.0,2,1,0,11966796,0
47.0,1,1,2,4,1312.25,2,0,2,0,6644.42,1825.58,5,1,231.68,175.59,1719.52,1,1,6,11,0,100.0,124.947,24.95,1.249,1,25.35,1,0,1,18720852,0
37.0,1,2,3,3,764.48,0,0,2,0,11527.34,1439.5,0,0,0.0,0.0,764.48,1,3,4,7,1,100.0,113.58,13.58,1.136,1,12.82,0,0,0,10497961,0
25.0,0,2,2,5,753.75,0,0,0,0,14624.87,5420.53,0,0,0.0,0.0,753.75,1,0,4,3,0,100.0,64.462,-35.54,0.645,0,5.0,1,0,0,18513723,0
43.0,0,1,1,3,1113.93,4,2,0,1,10879.09,3773.14,0,0,128.83,0.0,1242.76,1,2,4,8,0,100.0,99.58,-0.42,0.996,1,26.23,0,1,0,18762072,0
37.0,0,2,2,3,815.67,0,2,0,0,15215.2,6686.32,0,0,0.0,0.0,815.67,0,0,0,0,2,0.0,0.0,0.0,0.0,0,5.0,1,0,0,15950298,0
18.0,0,2,3,4,1524.04,2,2,2,1,40364.75,652.27,0,0,0.0,0.0,1524.04,1,0,6,8,1,100.0,64.174,-35.83,0.642,0,5.0,0,1,1,18027119,0
42.0,1,1,1,4,709.15,0,2,2,0,21802.23,1801.99,3,2,217.11,192.37,1118.63,1,2,4,7,0,100.0,89.496,-10.5,0.895,0,5.0,0,1,1,14981722,0
51.0,0,2,0,4,641.39,2,0,1,1,14437.86,1759.77,0,0,0.0,0.0,641.39,1,4,6,5,0,100.0,120.599,20.6,1.206,1,24.74,0,0,0,18640844,0
66.0,1,2,3,7,1492.83,3,0,0,0,10105.39,2209.95,0,0,0.0,0.0,1492.83,1,4,4,9,1,100.0,65.847,-34.15,0.658,1,36.22,0,1,0,10205520,0
35.0,1,2,1,2,1643.08,2,0,1,0,16162.19,716.65,0,0,0.0,0.0,1643.08,0,0,0,0,2,0.0,0.0,0.0,0.0,1,21.5,0,0,0,12688065,0
38.0,1,2,2,8,1001.29,3,3,0,1,13598.35,2756.11,0,0,0.0,0.0,1001.29,1,3,6,8,1,100.0,133.99,33.99,1.34,0,5.0,0,2,0,12663801,0
54.0,0,1,3,2,1267.84,2,2,0,0,8253.35,321.15,0,0,265.3,0.0,1533.14,1,1,4,5,0,100.0,54.334,-45.67,0.543,0,5.0,0,0,0,17469990,0
37.0,1,1,2,3,751.87,2,0,0,0,17783.04,3015.94,3,0,197.92,0.0,949.79,1,1,4,7,1,100.0,123.968,23.97,1.24,1,28.92,0,0,1,14369938,0
38.0,1,3,4,5,730.77,1,0,2,0,21258.22,884.15,1,1,0.0,168.0,898.77,1,0,6,3,1,100.0,131.4,31.4,1.314,1,12.63,0,0,0,15849630,0
27.0,1,2,1,2,1160.97,4,0,3,0,9782.09,1773.43,0,0,0.0,0.0,1160.97,1,1,4,8,0,100.0,143.435,43.44,1.434,1,42.4,0,0,0,12561619,0
18.0,0,2,3,1,726.17,0,2,2,1,11195.27,1548.16,0,0,0.0,0.0,726.17,1,3,6,8,1,100.0,104.365,4.36,1.044,1,12.66,2,1,1,15328561,0
46.0,0,2,2,5,1210.53,0,2,0,0,8212.54,566.74,0,0,0.0,0.0,1210.53,0,0,0,0,2,0.0,0.0,0.0,0.0,1,8.76,1,0,0,16093911,0
20.0,0,2,1,2,972.81,0,2,2,0,5660.37,2145.36,0,0,0.0,0.0,972.81,1,3,4,5,1,100.0,93.611,-6.39,0.936,1,19.26,0,1,1,14556044,0
49.0,1,1,4,9,942.96,1,0,0,0,5218.89,1020.35,1,0,642.43,0.0,1585.39,1,1,6,2,0,100.0,68.918,-31.08,0.689,1,26.9,0,2,1,13511189,0
26.0,0,2,4,5,1422.92,0,0,0,0,15363.96,1319.54,0,0,0.0,0.0,1422.92,1,1,4,7,1,100.0,107.406,7.41,1.074,1,26.54,0,1,0,16952568,0
38.0,0,1,1,5,958.52,1,2,0,0,5929.1,2789.73,2,0,440.11,0.0,1398.63,1,0,8,9,1,100.0,118.273,18.27,1.183,1,24.21,0,2,1,11453594,0
31.0,1,2,4,5,986.68,1,3,0,0,30551.57,2061.14,0,0,0.0,0.0,986.68,1,0,4,5,0,100.0,132.021,32.02,1.32,1,27.13,0,0,0,13121278,0
49.0,1,1,3,1,770.01,1,0,3,0,5478.29,3683.34,2,1,327.03,49.29,1146.33,1,1,4,4,1,100.0,104.144,4.14,1.041,1,14.37,1,0,1,14975380,0
39.0,1,2,2,5,2004.97,2,2,1,0,19329.4,2054.19,0,0,0.0,0.0,2004.97,1,0,6,8,0,100.0,112.68,12.68,1.127,1,33.35,0,0,0,15825392,0
59.0,1,2,2,3,737.77,0,3,0,1,12776.75,751.83,0,0,0.0,0.0,737.77,1,0,6,5,1,100.0,153.025,53.03,1.53,1,41.76,1,0,0,17691100,0
22.0,1,2,1,3,1100.84,2,2,0,0,22739.96,458.41,0,0,0.0,0.0,1100.84,1,2,6,11,1,100.0,147.513,47.51,1.475,1,13.91,0,0,1,10204179,0
40.0,1,2,1,5,1383.51,0,0,0,1,12682.83,1305.58,0,0,0.0,0.0,1383.51,1,2,8,7,0,100.0,87.25,-12.75,0.872,1,35.76,0,2,0,17646802,0
36.0,1,2,3,5,834.05,0,2,0,0,3902.59,1783.87,0,0,0.0,0.0,834.05,1,1,6,7,1,100.0,130.481,30.48,1.305,1,19.61,0,1,0,18276897,0
38.0,0,2,1,5,760.67,2,1,2,0,14118.89,3621.11,0,0,0.0,0.0,760.67,1,1,4,2,0,100.0,126.772,26.77,1.268,0,5.0,0,2,0,14064166,0
54.0,1,2,1,4,981.36,0,1,0,0,13606.06,1035.34,0,0,0.0,0.0,981.36,1,1,6,9,0,100.0,129.24,29.24,1.292,1,44.45,0,0,0,10723660,0
42.0,0,2,1,3,1264.61,0,0,1,0,12826.21,5648.14,0,0,0.0,0.0,1264.61,1,2,6,12,1,100.0,55.506,-44.49,0.555,0,5.0,0,1,0,12553863,0
21.0,0,1,4,4,1456.97,2,2,0,0,12792.16,5540.26,1,0,426.38,0.0,1883.35,1,0,4,9,0,100.0,79.89,-20.11,0.799,1,13.19,0,1,1,11863092,0
41.0,1,3,3,5,889.74,0,0,0,0,10172.41,7839.54,3,1,0.0,134.32,1024.06,1,1,6,7,0,100.0,79.49,-20.51,0.795,1,21.85,0,0,0,13484762,0
30.0,1,2,2,3,1163.73,1,0,2,0,14457.47,1003.61,0,0,0.0,0.0,1163.73,1,6,4,13,1,100.0,108.855,8.86,1.089,1,34.47,1,0,0,10839279,0
29.0,0,2,3,3,658.97,0,0,2,0,5494.77,940.07,0,0,0.0,0.0,658.97,1,2,6,7,1,100.0,128.091,28.09,1.281,1,30.72,1,0,0,17981953,0
48.0,0,2,1,4,945.54,4,0,1,0,18844.42,4381.15,0,0,0.0,0.0,945.54,1,0,4,7,0,100.0,164.155,64.16,1.642,0,5.0,0,2,0,15265013,0
28.0,1,2,1,1,918.24,2,3,1,0,18669.02,2615.07,0,0,0.0,0.0,918.24,1,1,6,9,1,100.0,116.209,16.21,1.162,1,29.28,0,0,0,16525094,0
30.0,0,1,2,3,1139.59,0,1,1,0,11532.32,3186.2,2,1,590.88,81.46,1811.93,1,1,4,9,1,100.0,55.127,-44.87,0.551,0,5.0,0,2,1,11863454,0
35.0,0,2,1,1,1364.82,2,0,0,0,7538.93,4941.17,0,0,0.0,0.0,1364.82,1,0,4,6,0,100.0,75.585,-24.42,0.756,1,17.05,0,1,0,15761995,0
46.0,1,1,4,5,1612.24,4,0,3,1,31422.0,1682.41,2,1,263.96,93.5,1969.7,1,1,4,10,1,100.0,26.141,-73.86,0.261,0,5.0,0,1,1,19598780,1
42.0,1,2,1,3,701.69,2,0,1,0,16037.07,1232.65,0,0,0.0,0.0,701.69,0,0,0,0,2,0.0,0.0,0.0,0.0,0,5.0,0,1,0,14577379,0
32.0,0,1,0,6,566.99,1,2,1,0,7181.33,6863.72,1,1,128.27,83.83,779.09,1,0,4,6,1,100.0,133.634,33.63,1.336,1,14.94,1,0,1,19385743,0
32.0,0,1,3,3,637.76,0,2,1,0,30190.33,1818.74,2,0,182.01,0.0,819.77,1,1,4,9,1,100.0,118.854,18.85,1.189,1,20.01,1,0,1,16710875,0
21.0,0,2,2,3,1032.68,2,0,2,1,25093.84,2815.3,0,0,0.0,0.0,1032.68,0,0,0,0,2,0.0,0.0,0.0,0.0,0,5.0,0,2,0,15778404,0
26.0,1,1,2,4,433.31,2,0,0,1,8925.01,2460.46,1,0,253.27,0.0,686.58,0,0,0,0,2,0.0,0.0,0.0,0.0,1,32.86,0,0,0,13426986,0
27.0,0,2,2,3,715.69,2,0,0,0,11174.48,2580.98,0,0,0.0,0.0,715.69,0,0,0,0,2,0.0,0.0,0.0,0.0,0,5.0,0,1,0,18487070,0
33.0,1,1,3,3,989.45,1,3,1,0,16646.6,794.07,2,0,153.88,0.0,1143.33,1,3,4,6,1,100.0,76.233,-23.77,0.762,1,30.27,0,0,1,16299418,0
59.0,1,2,1,4,1636.7,1,1,0,0,17518.35,833.23,0,0,0.0,0.0,1636.7,1,1,6,6,1,100.0,119.455,19.45,1.195,1,22.67,1,0,0,12355680,0
27.0,0,1,1,5,821.9,1,1,2,0,4728.63,3043.44,2,0,302.18,0.0,1124.08,1,0,4,5,1,100.0,125.213,25.21,1.252,1,32.9,0,0,1,13836554,0
31.0,1,1,4,3,1961.56,0,0,1,0,17144.07,831.85,3,0,51.34,0.0,2012.9,1,0,6,8,0,100.0,58.729,-41.27,0.587,1,35.56,1,1,1,10577713,0
18.0,1,2,3,2,692.88,4,0,2,1,21549.7,6043.64,0,0,0.0,0.0,692.88,1,3,6,7,1,100.0,70.707,-29.29,0.707,1,19.22,0,0,0,14753445,0
42.0,0,2,4,5,1417.79,2,0,0,0,3840.7,2044.33,0,0,0.0,0.0,1417.79,1,1,4,9,1,100.0,110.718,10.72,1.107,1,18.99,1,1,0,16643968,0
18.0,1,2,0,8,817.11,4,2,1,0,13371.72,497.3,0,0,0.0,0.0,817.11,1,0,4,8,1,100.0,88.52,-11.48,0.885,1,22.74,0,0,1,10961205,0
24.0,1,2,0,4,1356.2,0,2,1,0,15341.84,6388.24,0,0,0.0,0.0,1356.2,1,0,6,5,1,100.0,87.063,-12.94,0.871,1,16.57,0,2,1,17698985,0
48.0,0,2,3,2,901.33,2,2,2,0,8481.09,775.4,0,0,0.0,0.0,901.33,1,1,6,9,1,100.0,139.507,39.51,1.395,1,9.1,1,0,0,16161309,0
18.0,1,2,4,2,1427.85,2,2,2,0,9660.99,1572.0,0,0,0.0,0.0,1427.85,1,0,4,9,1,100.0,127.83,27.83,1.278,1,16.83,0,1,1,10577824,0
36.0,0,1,4,4,1055.26,3,2,0,0,14100.85,1380.04,2,0,480.8,0.0,1536.06,1,2,4,5,0,100.0,93.973,-6.03,0.94,0,5.0,0,2,1,12477873,0
45.0,0,2,0,6,1038.04,1,0,0,0,26583.67,4055.35,0,0,0.0,0.0,1038.04,1,1,6,6,1,100.0,69.925,-30.08,0.699,1,31.88,0,0,0,15022287,0
53.0,0,1,1,5,1354.32,0,0,0,0,6456.29,1473.03,1,0,151.01,0.0,1505.33,1,0,4,8,1,100.0,137.94,37.94,1.379,0,5.0,2,0,1,18236016,0
24.0,0,2,0,6,1257.42,0,2,0,0,6566.17,1185.82,0,0,0.0,0.0,1257.42,1,4,6,4,1,100.0,99.136,-0.86,0.991,1,20.62,0,1,1,15762281,0
28.0,1,2,2,4,1064.65,4,0,0,1,14842.87,3798.06,0,0,0.0,0.0,1064.65,1,0,6,10,1,100.0,58.263,-41.74,0.583,1,28.02,0,2,0,14419246,0
57.0,0,1,1,6,1360.69,0,1,0,0,4096.1,1756.14,5,1,222.78,173.33,1756.8,1,0,6,8,1,100.0,113.276,13.28,1.133,0,5.0,0,1,1,18677777,0
35.0,1,1,2,7,944.03,2,0,1,1,12828.97,2754.74,1,0,297.57,0.0,1241.6,1,1,4,8,1,100.0,88.465,-11.53,0.885,1,19.27,0,3,1,14288645,0
26.0,0,2,1,1,1676.42,1,1,0,0,7046.38,3928.16,0,0,0.0,0.0,1676.42,1,1,4,8,1,100.0,157.362,57.36,1.574,0,5.0,0,2,0,16860612,0
26.0,0,1,0,5,1337.79,1,3,2,1,7139.77,2278.58,2,1,184.78,67.61,1590.18,0,0,0,0,2,0.0,0.0,0.0,0.0,1,30.31,0,2,0,19324572,0
23.0,1,2,4,9,1777.53,0,3,1,0,13454.65,3143.09,0,0,0.0,0.0,1777.53,0,0,0,0,2,0.0,0.0,0.0,0.0,1,26.14,0,3,0,11868127,0
30.0,0,1,0,4,871.12,0,0,2,0,19931.85,1199.76,1,0,370.08,0.0,1241.2,1,0,4,5,1,100.0,88.956,-11.04,0.89,1,35.57,0,1,1,15948696,0
48.0,0,2,0,4,1148.24,3,1,0,0,5412.55,4933.02,0,0,0.0,0.0,1148.24,1,3,4,6,1,100.0,95.812,-4.19,0.958,0,5.0,0,0,0,17518358,0
46.0,0,1,0,3,1074.68,0,0,1,0,3959.08,3782.88,0,0,542.79,0.0,1617.47,1,1,4,8,1,100.0,105.004,5.0,1.05,1,37.77,0,1,0,12857159,0
21.0,1,2,0,5,982.54,4,2,0,0,18151.07,675.8,0,0,0.0,0.0,982.54,1,0,6,6,0,100.0,90.747,-9.25,0.907,1,27.58,1,0,1,14366993,0
38.0,1,1,1,7,677.87,0,0,2,0,30069.12,1472.88,2,1,224.68,74.66,977.21,1,0,6,10,0,100.0,111.561,11.56,1.116,1,34.45,0,2,1,12682006,0
30.0,1,1,0,6,1316.39,4,2,0,0,12904.61,3636.07,7,0,93.3,0.0,1409.69,0,0,0,0,2,0.0,0.0,0.0,0.0,0,5.0,0,1,0,19997750,1
44.0,0,1,0,3,1305.04,0,2,1,1,15812.48,1502.45,2,2,256.21,153.95,1715.2,0,0,0,0,2,0.0,0.0,0.0,0.0,0,5.0,2,1,0,15508294,1
33.0,1,1,1,3,979.25,2,3,2,0,11949.3,2028.23,2,2,319.55,136.53,1435.33,0,0,0,0,2,0.0,0.0,0.0,0.0,1,13.56,0,1,0,10121867,0
39.0,0,2,2,5,1718.64,0,0,1,1,35772.18,7794.83,0,0,0.0,0.0,1718.64,1,2,6,8,1,100.0,69.687,-30.31,0.697,1,20.25,0,3,0,18773268,0
33.0,1,1,0,5,969.7,2,0,1,0,7142.64,877.14,1,0,308.07,0.0,1277.77,1,0,4,3,1,100.0,90.051,-9.95,0.901,1,28.29,0,2,1,11533925,0
18.0,0,2,1,6,1260.31,0,2,0,1,4757.42,1573.79,0,0,0.0,0.0,1260.31,1,0,6,11,1,100.0,110.796,10.8,1.108,1,18.52,1,0,1,11611120,0
36.0,1,1,1,9,1309.75,1,0,1,0,28785.95,1294.64,1,0,374.82,0.0,1684.57,1,1,4,9,1,100.0,31.405,-68.6,0.314,1,23.62,1,0,1,14224073,0
20.0,0,1,3,3,871.37,1,2,2,1,12434.51,1115.12,1,0,240.09,0.0,1111.46,1,0,8,11,0,100.0,106.698,6.7,1.067,1,19.49,0,1,1,12773495,0
44.0,1,1,0,4,1159.35,0,0,1,1,16473.94,2081.12,1,0,327.86,0.0,1487.21,1,3,6,5,1,100.0,130.408,30.41,1.304,1,28.22,0,1,1,12426966,0
27.0,0,1,2,5,1582.73,1,2,1,1,6373.74,5609.16,1,0,395.13,0.0,1977.86,0,0,0,0,2,0.0,0.0,0.0,0.0,0,5.0,0,1,0,18462419,0
28.0,0,1,4,5,1109.06,2,3,0,0,31292.3,2844.04,5,0,336.19,0.0,1445.25,1,2,4,6,1,100.0,113.913,13.91,1.139,1,26.98,0,1,1,11930125,0
35.0,0,1,1,3,1141.84,0,3,0,0,15001.92,2304.76,0,0,174.82,0.0,1316.66,0,0,0,0,2,0.0,0.0,0.0,0.0,1,15.05,0,0,0,18301934,0
42.0,0,3,2,5,1478.25,1,0,1,0,11216.72,941.41,1,1,0.0,58.79,1537.04,1,2,4,8,1,100.0,86.292,-13.71,0.863,1,19.82,0,0,0,16884154,0
33.0,0,2,0,3,1103.3,3,2,0,0,13119.66,1915.11,0,0,0.0,0.0,1103.3,1,2,6,7,1,100.0,56.531,-43.47,0.565,1,43.41,1,1,0,19094287,0
55.0,0,2,0,6,677.71,2,0,0,0,8104.29,1908.63,0,0,0.0,0.0,677.71,1,4,6,9,0,100.0,120.069,20.07,1.201,1,24.6,0,3,0,17915571,0
55.0,1,1,1,5,695.43,2,2,0,0,3872.79,6011.33,1,1,284.02,32.21,1011.66,0,0,0,0,2,0.0,0.0,0.0,0.0,1,26.34,0,2,0,15610265,0
56.0,1,1,0,3,1690.47,4,0,0,0,33743.76,963.72,3,1,228.18,65.85,1984.5,1,1,6,5,1,100.0,145.697,45.7,1.457,1,32.87,0,1,1,14629454,0
32.0,1,1,1,2,1167.89,2,0,1,0,23463.66,7023.92,3,1,1088.54,98.51,2354.94,1,2,4,10,1,100.0,107.148,7.15,1.071,0,5.0,0,2,1,11867987,0
18.0,1,2,0,3,1409.16,2,0,1,0,8376.46,664.21,0,0,0.0,0.0,1409.16,1,2,6,9,0,100.0,128.875,28.88,1.289,0,5.0,0,0,0,19715851,0
50.0,1,2,3,5,1362.78,0,0,1,0,10857.03,1295.27,0,0,0.0,0.0,1362.78,1,4,6,6,1,100.0,34.34,-65.66,0.343,1,33.58,0,1,0,13257032,0
30.0,1,2,1,7,1282.57,2,2,1,0,13229.53,2753.21,0,0,0.0,0.0,1282.57,1,0,6,13,1,100.0,118.869,18.87,1.189,1,32.73,0,2,0,12630790,0
35.0,0,2,0,3,1282.4,0,2,0,1,5851.97,2324.63,0,0,0.0,0.0,1282.4,1,0,4,7,1,100.0,98.676,-1.32,0.987,0,5.0,1,2,0,10057999,0
43.0,1,1,0,7,541.71,2,0,2,0,5073.85,3112.74,3,1,456.34,156.63,1154.68,1,1,6,6,1,100.0,92.728,-7.27,0.927,1,21.54,0,2,1,13975063,0
18.0,1,2,3,2,1236.91,1,3,1,0,6417.92,1783.3,0,0,0.0,0.0,1236.91,1,0,8,4,1,100.0,85.39,-14.61,0.854,1,27.83,0,0,1,19937562,0
55.0,1,1,3,9,1156.16,2,0,1,0,22793.72,4635.82,2,1,783.86,90.04,2030.06,1,0,6,5,1,100.0,132.384,32.38,1.324,1,26.5,0,3,1,17066907,0
45.0,1,1,4,3,1404.94,0,3,0,1,23699.31,1578.82,1,0,268.42,0.0,1673.36,1,0,6,8,1,100.0,142.973,42.97,1.43,1,37.11,0,1,1,14269382,0
39.0,1,0,3,5,1148.09,0,0,2,0,13818.04,846.63,1,0,0.0,0.0,1148.09,1,3,4,6,1,100.0,54.992,-45.01,0.55,1,24.81,0,0,0,10872188,0
46.0,1,2,3,5,817.62,2,3,0,0,14184.6,1026.79,0,0,0.0,0.0,817.62,1,0,4,6,1,100.0,78.694,-21.31,0.787,0,5.0,0,1,0,10248095,0
42.0,0,3,3,2,1198.94,0,0,2,0,4659.66,1346.87,4,0,0.0,0.0,1198.94,0,0,0,0,2,0.0,0.0,0.0,0.0,1,24.62,1,0,0,11236845,0
36.0,1,2,1,5,1495.73,3,0,1,0,20633.09,2361.64,0,0,0.0,0.0,1495.73,1,4,6,4,1,100.0,96.331,-3.67,0.963,1,25.25,1,0,0,13793254,0
31.0,0,1,1,1,583.89,2,2,0,1,6045.14,3017.58,6,1,422.68,79.53,1086.1,1,0,6,7,0,100.0,101.017,1.02,1.01,0,5.0,0,2,1,14924707,0
26.0,1,1,1,8,1724.15,0,0,1,0,7835.85,2194.5,2,0,224.35,0.0,1948.5,1,2,6,3,0,100.0,136.227,36.23,1.362,1,25.05,0,0,1,16748565,0
38.0,0,1,1,2,1671.22,3,0,2,0,20844.57,2159.81,1,0,455.09,0.0,2126.31,1,4,6,9,1,100.0,99.101,-0.9,0.991,1,23.08,1,1,1,12703764,0
39.0,1,1,3,6,1104.75,4,0,0,1,17779.16,1676.68,0,0,168.85,0.0,1273.6,1,2,8,7,1,100.0,129.242,29.24,1.292,0,5.0,0,0,0,13634514,0
48.0,1,1,1,6,1244.34,3,0,2,0,6293.31,2556.39,2,1,320.73,92.06,1657.13,1,1,4,7,1,100.0,162.708,62.71,1.627,0,5.0,0,0,1,15241490,0
37.0,0,2,1,6,1332.12,0,0,2,0,9912.59,543.37,0,0,0.0,0.0,1332.12,0,0,0,0,2,0.0,0.0,0.0,0.0,0,5.0,1,1,0,16017889,0
25.0,0,0,1,1,1121.67,0,1,1,0,19261.72,2092.05,0,0,0.0,0.0,1121.67,1,1,4,4,1,100.0,118.328,18.33,1.183,0,5.0,1,2,0,11120050,0
18.0,1,2,3,5,1235.63,1,2,1,1,5533.05,1265.04,0,0,0.0,0.0,1235.63,1,0,6,11,1,100.0,64.025,-35.97,0.64,0,5.0,0,2,1,17063703,0
33.0,0,1,3,3,729.96,4,2,0,1,29617.24,4066.36,0,0,164.85,0.0,894.81,1,0,6,5,0,100.0,59.878,-40.12,0.599,1,21.77,0,1,0,16610879,0
35.0,0,2,4,4,976.06,0,0,0,0,7928.06,5773.18,0,0,0.0,0.0,976.06,1,2,8,4,1,100.0,163.971,63.97,1.64,1,28.77,0,0,0,17960487,0
34.0,0,1,3,6,1264.17,1,0,0,1,5448.21,2731.76,1,0,310.5,0.0,1574.67,1,3,6,8,1,100.0,77.69,-22.31,0.777,1,21.02,0,0,1,12834200,0
18.0,0,1,2,6,1549.93,2,2,1,1,9497.22,1843.63,0,0,183.4,0.0,1733.33,1,1,4,9,0,100.0,77.103,-22.9,0.771,0,5.0,0,2,1,19530365,0
48.0,1,1,4,4,1032.19,0,0,1,0,8998.88,1462.83,5,2,305.16,120.9,1458.25,0,0,0,0,2,0.0,0.0,0.0,0.0,1,35.92,0,1,0,12646421,0
48.0,1,2,4,7,796.61,1,0,0,0,34171.54,4207.77,0,0,0.0,0.0,796.61,1,1,8,9,1,100.0,80.231,-19.77,0.802,1,13.22,0,1,0,19657799,0
25.0,1,1,0,3,780.85,2,0,0,0,11947.29,1159.81,3,0,264.41,0.0,1045.26,0,0,0,0,2,0.0,0.0,0.0,0.0,1,24.27,0,1,0,19123746,0
45.0,0,1,3,3,1448.47,0,2,1,0,10593.68,1828.71,1,1,490.11,132.76,2071.34,1,0,8,9,1,100.0,117.209,17.21,1.172,1,22.54,1,1,1,10899700,0
46.0,1,1,0,5,1097.88,2,0,1,0,7852.65,3938.61,3,2,311.37,256.61,1665.86,0,0,0,0,2,0.0,0.0,0.0,0.0,1,28.08,0,1,0,19113934,0
35.0,0,1,3,4,525.1,2,3,2,0,14611.47,2387.03,4,1,246.25,248.76,1020.11,0,0,0,0,2,0.0,0.0,0.0,0.0,1,20.47,0,0,0,15330710,0
24.0,1,2,4,2,618.15,2,3,2,1,15919.12,3656.24,0,0,0.0,0.0,618.15,1,0,4,6,1,100.0,121.953,21.95,1.22,1,29.85,0,2,1,11743401,0
54.0,1,3,4,3,1019.65,3,0,1,1,7324.17,3955.01,2,1,0.0,120.55,1140.2,1,2,4,3,1,100.0,102.725,2.72,1.027,0,5.0,0,1,0,19266876,0
40.0,1,2,0,1,1189.79,4,2,1,1,15959.21,5336.83,0,0,0.0,0.0,1189.79,1,5,4,5,1,100.0,108.583,8.58,1.086,1,30.57,1,1,0,19617462,0
32.0,0,2,1,3,899.55,1,0,0,0,9394.42,3288.49,0,0,0.0,0.0,899.55,1,4,4,6,1,100.0,124.572,24.57,1.246,1,7.95,0,0,0,13996028,0
44.0,0,1,4,4,1394.37,0,2,0,0,12777.67,2856.51,1,1,199.22,113.08,1706.67,1,1,4,3,0,100.0,123.0,23.0,1.23,1,39.31,0,0,1,18469940,0
54.0,0,1,1,6,1058.45,0,0,2,1,14264.43,2128.79,1,1,149.21,161.26,1368.92,1,4,4,7,1,100.0,87.984,-12.02,0.88,0,5.0,1,0,1,16876364,0
29.0,1,2,1,2,961.92,1,1,0,1,6844.85,3418.73,0,0,0.0,0.0,961.92,1,1,8,5,1,100.0,102.455,2.45,1.025,0,5.0,0,0,0,19529849,0
43.0,1,1,3,3,1592.13,0,3,0,1,37332.09,3991.76,2,1,93.34,24.68,1710.15,1,3,6,6,0,100.0,82.564,-17.44,0.826,1,16.21,0,3,1,10435749,0
58.0,0,2,2,4,700.03,3,2,3,0,36467.64,1257.46,0,0,0.0,0.0,700.03,1,3,4,10,0,100.0,58.614,-41.39,0.586,1,24.56,0,0,0,19563210,0
22.0,1,2,3,6,981.27,1,2,2,0,33113.93,2435.13,0,0,0.0,0.0,981.27,1,0,4,7,0,100.0,116.627,16.63,1.166,0,5.0,1,0,1,18855951,0
28.0,1,1,3,2,928.84,2,0,0,1,3638.58,3586.78,2,0,242.28,0.0,1171.12,1,1,6,7,1,100.0,80.278,-19.72,0.803,1,29.53,1,1,1,18789487,0
28.0,1,1,1,8,1070.52,3,0,1,0,38709.9,345.64,3,0,400.1,0.0,1470.62,1,2,6,6,1,100.0,71.484,-28.52,0.715,1,39.06,0,0,1,13146696,0
33.0,1,1,3,6,1158.76,0,0,0,0,33206.3,1178.91,2,1,566.99,24.91,1750.66,1,0,4,6,1,100.0,120.713,20.71,1.207,1,42.3,0,2,1,17078364,0
32.0,0,1,2,3,1153.87,2,1,1,1,8797.72,1279.07,1,0,137.67,0.0,1291.54,1,1,6,10,0,100.0,100.158,0.16,1.002,0,5.0,0,0,1,13804987,0
39.0,1,2,1,6,1361.77,0,2,0,0,13683.08,5266.18,0,0,0.0,0.0,1361.77,1,0,4,6,1,100.0,131.758,31.76,1.318,1,27.73,0,1,0,10806745,0
25.0,1,1,0,1,1427.03,0,0,0,0,30781.6,711.9,2,0,228.78,0.0,1655.81,1,2,4,5,1,100.0,76.266,-23.73,0.763,1,12.14,1,1,1,14290500,0
28.0,0,2,3,3,740.75,0,0,1,1,9581.47,981.69,0,0,0.0,0.0,740.75,1,2,8,5,1,100.0,122.712,22.71,1.227,1,9.75,0,0,0,11937755,0
39.0,1,1,2,5,946.87,1,3,1,1,13502.57,1258.62,2,1,245.39,70.97,1263.23,1,3,4,9,1,100.0,81.514,-18.49,0.815,0,5.0,0,0,1,19696014,0
37.0,1,1,3,2,1878.89,4,0,0,0,6678.41,5651.03,2,0,285.05,0.0,2163.94,1,1,6,9,1,100.0,163.777,63.78,1.638,1,6.96,0,1,1,16798455,0
45.0,0,1,1,4,1400.42,0,0,0,1,5816.56,2034.49,1,1,430.38,127.54,1958.34,1,0,6,8,0,100.0,66.881,-33.12,0.669,1,25.41,0,1,1,16794095,0
40.0,0,0,3,3,1100.08,2,3,0,0,7880.85,3383.08,2,1,0.0,43.16,1143.24,1,1,4,7,1,100.0,94.498,-5.5,0.945,1,21.12,0,0,0,13419979,0
44.0,1,1,0,3,1048.79,0,0,0,0,51195.42,5736.3,0,0,198.32,0.0,1247.11,1,0,4,7,1,100.0,80.38,-19.62,0.804,0,5.0,0,1,0,15131331,0
21.0,0,2,3,2,1035.46,0,2,2,0,13983.84,921.18,0,0,0.0,0.0,1035.46,1,1,6,5,1,100.0,74.297,-25.7,0.743,0,5.0,0,1,1,17399181,0
30.0,0,1,3,4,867.54,2,0,0,0,9005.81,1589.74,2,1,236.82,151.43,1255.79,1,2,4,12,0,100.0,101.679,1.68,1.017,1,11.33,1,1,1,13642081,0
57.0,1,0,1,3,1540.62,2,0,2,0,5101.12,3724.06,1,0,0.0,0.0,1540.62,1,1,6,7,0,100.0,127.892,27.89,1.279,0,5.0,0,0,0,11248046,0
40.0,0,1,1,5,1211.92,2,1,0,0,10865.03,2268.22,1,0,443.39,0.0,1655.31,1,4,6,7,1,100.0,92.098,-7.9,0.921,1,32.78,0,0,1,15954306,0
44.0,0,2,1,2,524.52,2,2,0,0,36725.05,2760.61,0,0,0.0,0.0,524.52,1,1,4,11,0,100.0,73.427,-26.57,0.734,1,37.39,1,0,1,14778712,0
38.0,1,1,1,5,1569.8,2,2,0,1,38720.07,1089.9,3,1,261.91,60.09,1891.8,1,1,4,8,1,100.0,105.739,5.74,1.057,0,5.0,0,2,1,10555543,0
40.0,1,2,3,4,793.94,2,1,0,0,7586.89,2777.06,0,0,0.0,0.0,793.94,0,0,0,0,2,0.0,0.0,0.0,0.0,1,36.9,0,0,0,19468438,0
32.0,1,2,1,8,980.77,2,1,1,0,10419.47,4857.17,0,0,0.0,0.0,980.77,1,3,4,5,1,100.0,108.251,8.25,1.083,1,36.51,0,1,0,11988556,0
70.0,0,2,2,2,1024.03,4,2,1,0,8906.76,2540.19,0,0,0.0,0.0,1024.03,1,1,6,11,1,100.0,117.206,17.21,1.172,1,5.0,0,1,0,11942635,0
30.0,1,1,3,2,1014.43,2,0,0,0,30573.79,3134.28,2,1,141.59,109.54,1265.56,0,0,0,0,2,0.0,0.0,0.0,0.0,1,34.01,0,0,0,18624854,0
35.0,0,1,2,4,676.23,0,0,1,0,10550.79,3152.75,1,0,221.79,0.0,898.02,1,5,4,9,1,100.0,77.258,-22.74,0.773,0,5.0,0,0,1,13699642,0
18.0,1,2,0,7,1806.81,0,2,3,0,13109.63,924.87,0,0,0.0,0.0,1806.81,1,4,4,5,1,100.0,77.804,-22.2,0.778,1,19.98,1,2,1,13466561,0
48.0,0,1,4,5,1173.03,4,0,2,1,9515.85,1445.46,2,1,441.52,154.46,1769.01,1,1,6,7,1,100.0,121.956,21.96,1.22,1,35.53,1,2,1,15171860,0
28.0,0,2,2,5,1038.87,1,0,0,0,4047.89,4130.84,0,0,0.0,0.0,1038.87,1,2,4,7,1,100.0,106.363,6.36,1.064,1,22.35,1,0,0,10611126,0
34.0,0,1,0,2,1281.48,2,0,1,0,9795.31,2250.7,4,1,123.41,65.33,1470.22,1,0,6,8,0,100.0,103.982,3.98,1.04,1,18.78,0,2,1,18464592,0
29.0,0,2,1,3,735.69,2,2,1,0,11406.1,1019.73,0,0,0.0,0.0,735.69,1,3,4,7,0,100.0,105.876,5.88,1.059,1,22.81,0,3,0,12680834,0
33.0,0,1,1,2,1411.17,2,3,1,1,20721.39,2194.11,0,0,330.24,0.0,1741.41,1,1,4,8,1,100.0,103.432,3.43,1.034,1,30.46,1,0,0,15158128,0
32.0,0,2,2,2,1120.97,4,0,0,1,16039.99,436.55,0,0,0.0,0.0,1120.97,1,1,4,4,1,100.0,136.518,36.52,1.365,0,5.0,0,1,0,12306988,0
34.0,1,2,3,3,1605.6,0,0,0,1,14794.6,549.63,0,0,0.0,0.0,1605.6,1,1,4,3,1,100.0,110.184,10.18,1.102,1,28.22,0,1,0,16258740,0
34.0,0,2,1,3,588.56,2,1,0,1,3820.16,4906.35,0,0,0.0,0.0,588.56,0,0,0,0,2,0.0,0.0,0.0,0.0,1,30.07,0,2,0,10045218,0
33.0,1,1,2,2,585.03,2,0,1,0,9128.42,181.28,4,2,107.65,84.64,777.32,0,0,0,0,2,0.0,0.0,0.0,0.0,1,13.99,0,0,0,14808256,0
33.0,0,2,1,6,1147.16,1,0,0,0,7273.1,1000.95,0,0,0.0,0.0,1147.16,1,0,6,5,1,100.0,118.146,18.15,1.181,1,23.38,1,1,0,12025540,0
51.0,0,3,1,1,1042.31,0,1,3,0,7441.62,2444.17,2,0,0.0,0.0,1042.31,1,4,6,9,0,100.0,41.696,-58.3,0.417,0,5.0,0,0,0,12452940,0
46.0,1,2,2,7,988.21,1,2,2,1,41967.28,3208.09,0,0,0.0,0.0,988.21,0,0,0,0,2,0.0,0.0,0.0,0.0,1,28.09,0,0,0,18833121,0
46.0,0,2,2,2,922.02,2,3,1,1,18750.47,2955.52,0,0,0.0,0.0,922.02,0,0,0,0,2,0.0,0.0,0.0,0.0,0,5.0,0,1,0,13582517,0
26.0,1,1,2,3,999.46,2,0,0,1,16483.66,714.38,2,1,143.78,79.05,1222.29,1,0,8,8,1,100.0,104.761,4.76,1.048,1,33.4,1,0,1,12340277,0
50.0,0,1,2,4,1446.32,2,1,0,0,10124.32,2009.97,2,1,274.59,92.04,1812.95,1,4,4,8,0,100.0,43.035,-56.96,0.43,1,42.02,1,0,1,12208948,0
49.0,0,1,3,2,874.3,2,3,0,0,7310.09,1830.5,1,1,312.64,137.07,1324.01,1,3,6,7,1,100.0,137.296,37.3,1.373,1,22.21,1,1,1,12520000,0
28.0,1,2,1,4,1060.25,0,0,2,0,17610.56,11182.95,0,0,0.0,0.0,1060.25,0,0,0,0,2,0.0,0.0,0.0,0.0,1,38.01,0,0,0,19554334,0
53.0,0,1,3,5,1014.79,1,0,1,1,6472.74,1040.61,3,0,407.09,0.0,1421.88,0,0,0,0,2,0.0,0.0,0.0,0.0,1,18.98,0,1,0,17294037,0
27.0,0,2,1,7,1322.73,0,0,1,0,5518.23,2968.49,0,0,0.0,0.0,1322.73,0,0,0,0,2,0.0,0.0,0.0,0.0,1,30.82,1,0,0,16578166,0
18.0,1,1,2,1,705.54,1,3,1,1,28047.44,1417.69,0,0,160.63,0.0,866.17,0,0,0,0,2,0.0,0.0,0.0,0.0,0,5.0,0,0,0,11542907,0
48.0,1,1,1,7,1574.3,4,3,2,0,8517.24,1086.01,1,0,232.74,0.0,1807.04,1,1,6,4,0,100.0,128.206,28.21,1.282,1,33.16,0,0,1,11498342,0
34.0,1,1,1,5,774.11,0,0,0,1,8092.56,2253.57,2,0,259.27,0.0,1033.38,1,3,4,3,1,100.0,86.447,-13.55,0.864,1,6.3,1,1,1,10682986,0
47.0,0,2,1,2,1272.96,2,1,0,0,10448.19,1205.44,0,0,0.0,0.0,1272.96,1,3,8,5,1,100.0,83.351,-16.65,0.834,1,36.26,0,1,0,14243564,0
26.0,1,2,0,3,783.11,1,0,3,0,34106.06,2845.07,0,0,0.0,0.0,783.11,1,1,6,4,0,100.0,111.278,11.28,1.113,1,39.8,1,1,0,19796147,0
20.0,1,2,1,8,1609.9,2,2,1,1,17301.82,3270.8,0,0,0.0,0.0,1609.9,0,0,0,0,2,0.0,0.0,0.0,0.0,0,5.0,0,1,0,14286369,0
50.0,1,1,4,4,991.08,0,3,3,0,10668.43,1724.82,4,0,337.11,0.0,1328.19,1,0,6,9,1,100.0,97.08,-2.92,0.971,1,18.17,1,0,1,19102551,0
18.0,1,1,0,2,1296.94,4,2,1,0,9963.61,4669.08,1,0,140.03,0.0,1436.97,1,3,4,4,1,100.0,151.187,51.19,1.512,1,24.04,0,0,1,16846086,0
18.0,1,1,2,4,1360.2,0,2,3,1,15252.53,4202.06,2,0,140.5,0.0,1500.7,1,1,6,8,1,100.0,50.312,-49.69,0.503,1,39.22,0,0,1,19078320,0
18.0,1,2,2,1,1034.25,0,3,0,0,14791.0,2597.88,0,0,0.0,0.0,1034.25,1,3,4,4,1,100.0,28.634,-71.37,0.286,1,18.5,0,2,1,18190084,0
18.0,1,1,1,1,1335.28,2,2,0,0,12846.29,1053.74,2,0,271.09,0.0,1606.37,1,2,4,2,0,100.0,67.708,-32.29,0.677,0,5.0,0,1,1,19029340,0
23.0,1,2,3,3,1324.2,2,0,1,0,5326.77,2469.61,0,0,0.0,0.0,1324.2,0,0,0,0,2,0.0,0.0,0.0,0.0,1,31.96,0,1,0,10488514,0
18.0,0,2,1,1,1413.31,1,3,1,1,36930.81,839.58,0,0,0.0,0.0,1413.31,1,1,4,7,1,100.0,23.953,-76.05,0.24,1,5.0,2,2,1,12863142,0
35.0,1,2,1,4,951.63,1,0,1,0,8256.14,2484.99,0,0,0.0,0.0,951.63,1,0,4,10,1,100.0,120.777,20.78,1.208,1,25.13,0,1,0,14661967,0
18.0,1,2,2,5,828.52,2,0,3,0,11168.64,1064.76,0,0,0.0,0.0,828.52,1,6,6,10,1,100.0,99.137,-0.86,0.991,0,5.0,0,1,0,12383286,0
22.0,1,2,1,2,783.98,1,2,1,0,9895.31,1109.84,0,0,0.0,0.0,783.98,0,0,0,0,2,0.0,0.0,0.0,0.0,1,34.0,0,0,0,16752652,0
63.0,0,2,1,2,707.71,0,1,2,0,25089.44,7093.93,0,0,0.0,0.0,707.71,1,4,8,3,1,100.0,80.489,-19.51,0.805,0,5.0,0,1,0,12416267,0
39.0,0,2,2,3,1218.04,1,0,3,0,21444.88,3646.65,0,0,0.0,0.0,1218.04,1,2,6,5,0,100.0,86.567,-13.43,0.866,1,15.99,1,1,0,18490223,0
36.0,1,1,1,2,1052.65,2,0,3,0,6549.12,3282.56,2,1,271.48,188.71,1512.84,1,1,6,9,0,100.0,136.691,36.69,1.367,1,29.38,0,1,1,10302393,0
18.0,1,2,0,4,889.67,0,0,0,0,9405.61,2930.0,0,0,0.0,0.0,889.67,1,0,4,4,1,100.0,46.726,-53.27,0.467,1,25.36,0,3,0,12074620,0
32.0,1,1,2,5,712.81,2,2,0,0,9298.42,1738.16,3,0,104.3,0.0,817.11,0,0,0,0,2,0.0,0.0,0.0,0.0,1,18.71,1,0,0,14859495,0
36.0,0,2,1,3,1139.2,1,0,0,0,17014.31,1207.06,0,0,0.0,0.0,1139.2,1,2,4,9,0,100.0,8.808,-91.19,0.088,0,5.0,0,1,0,15069716,0
18.0,1,2,3,3,1405.16,0,2,1,0,19199.46,2531.79,0,0,0.0,0.0,1405.16,1,1,8,5,0,100.0,107.486,7.49,1.075,0,5.0,3,3,1,11460773,0
37.0,1,2,1,5,1214.97,0,3,1,0,8869.84,366.06,0,0,0.0,0.0,1214.97,1,5,4,5,0,100.0,71.054,-28.95,0.711,0,5.0,0,0,0,13983512,0
49.0,1,1,2,6,1518.87,2,2,0,0,29790.37,6281.65,2,0,202.7,0.0,1721.57,1,1,8,11,1,100.0,120.411,20.41,1.204,1,30.15,1,2,1,18241785,0
31.0,0,2,3,7,1144.75,1,0,0,1,14456.66,5482.67,0,0,0.0,0.0,1144.75,0,0,0,0,2,0.0,0.0,0.0,0.0,1,33.85,0,0,0,10748440,0
33.0,1,1,1,3,921.79,1,0,1,0,13905.92,2615.82,1,0,519.59,0.0,1441.38,1,3,4,2,1,100.0,115.989,15.99,1.16,1,16.48,0,2,1,12759876,0
18.0,1,1,1,8,1427.23,1,3,1,0,6633.45,2025.55,7,1,494.3,287.04,2208.57,1,1,8,7,1,100.0,126.131,26.13,1.261,1,11.88,0,1,1,14426828,1
18.0,1,1,2,2,1214.2,3,0,2,0,20966.73,940.96,0,0,363.14,0.0,1577.34,1,1,4,3,1,100.0,124.578,24.58,1.246,0,5.0,0,0,0,16344603,0
48.0,0,2,1,3,1437.22,2,0,2,0,26563.59,4623.89,0,0,0.0,0.0,1437.22,1,1,6,4,1,100.0,118.428,18.43,1.184,1,33.99,1,2,0,15507745,0
27.0,1,1,1,4,1066.74,2,0,1,1,8451.51,1055.96,3,0,256.86,0.0,1323.6,1,1,4,8,0,100.0,113.168,13.17,1.132,1,28.18,1,1,1,14544351,0
24.0,1,2,2,2,1175.55,1,2,0,0,31478.36,1354.28,0,0,0.0,0.0,1175.55,1,0,4,8,1,100.0,100.591,0.59,1.006,0,5.0,0,6,1,15958648,0
27.0,0,1,3,4,1202.24,0,3,0,0,7581.44,2464.28,2,1,312.5,125.54,1640.28,0,0,0,0,2,0.0,0.0,0.0,0.0,0,5.0,0,0,0,11898028,0
34.0,0,2,1,4,939.44,4,0,1,0,13444.02,7421.64,0,0,0.0,0.0,939.44,1,1,4,6,1,100.0,122.09,22.09,1.221,1,29.58,1,1,0,16384219,0
21.0,0,1,3,5,1250.21,1,0,0,0,14489.44,1190.67,1,1,273.91,153.32,1677.44,1,2,6,5,1,100.0,76.299,-23.7,0.763,1,34.98,0,1,1,13718852,0
37.0,1,2,3,4,765.32,4,0,0,0,11313.43,2244.37,0,0,0.0,0.0,765.32,1,1,4,5,1,100.0,97.36,-2.64,0.974,0,5.0,1,3,0,12578075,0
19.0,1,2,4,3,1385.65,4,2,0,0,17589.09,3181.31,0,0,0.0,0.0,1385.65,1,2,6,5,1,100.0,68.984,-31.02,0.69,0,5.0,0,0,1,18989524,0
44.0,0,1,1,5,989.12,0,1,2,0,6420.05,10387.93,1,0,159.54,0.0,1148.66,1,1,6,8,1,100.0,102.878,2.88,1.029,1,12.79,1,1,1,11089880,0
22.0,0,2,1,5,961.56,0,0,1,0,14009.85,1213.34,0,0,0.0,0.0,961.56,1,4,4,8,0,100.0,52.523,-47.48,0.525,1,23.92,0,0,0,17863560,0
51.0,0,2,1,5,988.94,2,0,1,1,6372.29,10733.89,0,0,0.0,0.0,988.94,1,2,6,8,0,100.0,99.422,-0.58,0.994,1,37.26,0,3,0,16322036,0
35.0,1,2,2,2,1396.46,0,0,0,1,6885.85,1149.5,0,0,0.0,0.0,1396.46,1,2,4,5,1,100.0,147.519,47.52,1.475,1,23.37,1,1,0,16728748,0
25.0,0,2,0,5,876.47,4,0,0,0,12023.56,1002.85,0,0,0.0,0.0,876.47,1,1,8,10,1,100.0,134.736,34.74,1.347,1,29.73,0,1,0,16920376,0
46.0,1,1,0,3,837.93,3,0,0,0,10559.53,2502.16,4,1,234.19,79.91,1152.03,1,3,8,8,1,100.0,95.869,-4.13,0.959,0,5.0,1,2,1,18221707,0
19.0,0,2,0,4,1089.51,4,3,1,0,7566.4,1802.67,0,0,0.0,0.0,1089.51,1,1,4,9,1,100.0,90.699,-9.3,0.907,1,10.04,1,1,1,11930040,0
28.0,0,1,3,6,1622.29,4,0,1,1,40458.81,1841.01,2,0,543.94,0.0,2166.23,0,0,0,0,2,0.0,0.0,0.0,0.0,0,5.0,0,1,0,11762411,1
35.0,1,2,1,4,2069.4,2,0,1,0,6914.93,4019.95,0,0,0.0,0.0,2069.4,1,3,6,10,0,100.0,81.884,-18.12,0.819,1,17.58,0,0,0,16826028,0
