Age,Gender,Marital_Status,Governorate,Household_Size,Salary,Degree_Level,Employment_Status,Primary_Income_Source,Has_Other_Social_Benefits,Assets_Value,Liabilities_Value,Number_of_Children,Working_Children_Count,Total_Spouse_Income,Total_Children_Income,Total_Household_Income,Vehicle_Ownership,Vehicle_Count,Cylinder_Count,Vehicle_Age_Years,Fuel_Type,Expected_Fuel_Consumption_L,Average_Fuel_Consumption_L,Fuel_Deviation_L,Fuel_Deviation_Ratio,Previous_Subsidy_Received,Previous_Subsidy_Amount,Late_or_Missed_Renewals,Applications_Last_12_Months,Eligible,ID
22.0,Female,Single,Sur,4,94.17,HighSchool,Student,Government,0,3718.86,1784.74,0,0,0.0,0.0,94.17,1,0,4,6,Diesel,100.0,180.84,80.84,1.808,0,5.0,2,0,1,10154405
47.0,Male,Single,Muscat,3,129.43,HighSchool,Unemployed,Private,1,5366.88,1348.55,0,0,0.0,0.0,129.43,1,2,4,8,Petrol,100.0,139.324,39.32,1.393,1,27.94,2,1,1,16823517
38.0,Female,Married,Sohar,3,97.73,Bachelor,Employed,None,0,3773.99,1156.45,4,1,454.92,45.0,597.65,1,1,4,12,Petrol,100.0,170.047,70.05,1.7,0,5.0,0,2,1,15929477
18.0,Female,Single,Sohar,4,80.0,Bachelor,Unemployed,Private,0,4592.53,1967.13,0,0,0.0,0.0,80.0,1,2,6,9,Petrol,100.0,105.766,5.77,1.058,0,5.0,1,1,1,10538210
28.0,Male,Single,Muscat,4,108.59,Bachelor,Student,SelfEmployed,0,1969.38,1488.65,0,0,0.0,0.0,108.59,1,1,6,6,Diesel,100.0,82.835,-17.17,0.828,1,20.61,0,2,1,19090867
55.0,Female,Married,Muscat,3,128.71,Bachelor,Student,Government,0,3542.64,1031.54,1,0,449.91,0.0,578.62,1,2,4,8,Diesel,100.0,49.679,-50.32,0.497,0,5.0,1,1,1,12203598
18.0,Female,Single,Sohar,7,227.28,Diploma,Unemployed,Government,1,4009.7,1631.29,0,0,0.0,0.0,227.28,1,1,4,12,Petrol,100.0,95.391,-4.61,0.954,0,5.0,0,1,1,12550894
30.0,Male,Married,Nizwa,4,103.34,HighSchool,Employed,Government,0,2925.82,1472.89,1,0,305.98,0.0,409.32,1,0,6,4,Petrol,100.0,97.829,-2.17,0.978,1,20.79,0,1,1,11843717
50.0,Female,Single,Muscat,1,80.0,Diploma,Employed,Government,0,1608.69,13915.15,0,0,0.0,0.0,80.0,0,0,0,0,None,0.0,0.0,0.0,0.0,1,29.59,1,1,0,13336162
25.0,Female,Single,Sur,3,131.89,HighSchool,Unemployed,Government,0,3171.0,1572.21,0,0,0.0,0.0,131.89,1,0,4,6,Petrol,100.0,130.688,30.69,1.307,1,21.13,1,0,1,11759058
27.0,Male,Married,Nizwa,4,121.04,Diploma,Employed,Private,0,5953.13,1396.27,3,0,171.88,0.0,292.92,1,1,6,12,Diesel,100.0,88.791,-11.21,0.888,1,29.73,0,1,1,13478025
34.0,Male,Married,Dhofar,3,161.16,Diploma,Student,SelfEmployed,0,2342.28,3239.73,3,1,199.17,279.87,640.2,1,1,4,4,Petrol,100.0,151.216,51.22,1.512,0,5.0,0,1,1,18120944
53.0,Male,Single,Nizwa,2,123.77,Diploma,Employed,Government,0,8733.85,7586.31,0,0,0.0,0.0,123.77,1,0,4,5,Petrol,100.0,90.62,-9.38,0.906,0,5.0,0,1,1,14513921
27.0,Male,Single,Nizwa,3,80.0,Bachelor,Employed,Government,0,2740.84,1119.11,0,0,0.0,0.0,80.0,1,0,8,6,Petrol,100.0,83.417,-16.58,0.834,0,5.0,2,0,1,19233449
30.0,Male,Married,Muscat,1,87.26,HighSchool,Employed,Government,0,3605.92,1785.12,0,0,283.27,0.0,370.53,1,1,6,7,Petrol,100.0,101.361,1.36,1.014,0,5.0,0,3,1,14494657
30.0,Female,Married,Muscat,8,147.99,HighSchool,Employed,Private,0,1806.98,1230.1,2,0,236.34,0.0,384.33,1,0,4,6,Petrol,100.0,103.3,3.3,1.033,1,32.77,0,2,1,12765743
61.0,Male,Married,Muscat,2,166.94,HighSchool,Employed,SelfEmployed,0,1014.9,4704.86,2,0,171.51,0.0,338.45,0,0,0,0,None,0.0,0.0,0.0,0.0,0,5.0,0,0,0,17887615
61.0,Female,Married,Sur,5,80.0,HighSchool,Unemployed,Government,1,4728.2,3335.48,2,0,368.36,0.0,448.36,1,0,4,7,Petrol,100.0,91.206,-8.79,0.912,0,5.0,0,1,1,18197544
47.0,Male,Divorced,Dhofar,2,80.28,HighSchool,Unemployed,Government,1,4063.82,3159.22,2,2,0.0,175.47,255.75,1,2,4,4,Petrol,100.0,77.063,-22.94,0.771,1,19.52,0,1,1,18619079
40.0,Female,Married,Sohar,5,119.48,None,Student,Government,0,712.32,1120.75,1,0,203.53,0.0,323.01,0,0,0,0,None,0.0,0.0,0.0,0.0,1,18.88,1,4,0,18898926
44.0,Female,Widowed,Dhofar,3,80.0,Bachelor,Employed,Private,0,2676.63,2167.42,3,1,0.0,71.64,151.64,1,1,8,9,Petrol,100.0,82.9,-17.1,0.829,1,18.58,0,0,1,10250718
53.0,Male,Married,Nizwa,7,80.0,None,Employed,Government,1,2442.82,4340.84,1,1,156.97,90.68,327.65,1,1,6,3,Petrol,100.0,97.682,-2.32,0.977,1,13.62,0,1,1,15129704
24.0,Male,Single,Nizwa,5,130.96,Bachelor,Student,Private,0,4673.99,6098.84,0,0,0.0,0.0,130.96,1,0,4,8,Diesel,100.0,68.231,-31.77,0.682,0,5.0,0,0,1,12681676
49.0,Female,Married,Sur,3,135.64,HighSchool,Employed,SelfEmployed,0,4259.88,1641.35,1,1,313.64,79.57,528.85,0,0,0,0,None,0.0,0.0,0.0,0.0,0,5.0,0,3,0,12449645
20.0,Female,Single,Sohar,3,141.4,HighSchool,Student,Government,0,1851.84,2979.14,0,0,0.0,0.0,141.4,1,3,6,12,Petrol,100.0,105.291,5.29,1.053,1,15.44,0,0,1,12412231
27.0,Female,Single,Sur,4,112.72,HighSchool,Employed,None,0,4880.54,4119.43,0,0,0.0,0.0,112.72,1,5,6,5,Diesel,100.0,121.454,21.45,1.215,1,20.0,0,2,1,18242415
46.0,Male,Married,Sur,5,80.0,Diploma,Employed,Private,0,2943.42,2443.93,4,2,188.81,237.2,506.01,1,2,4,10,Diesel,100.0,38.355,-61.64,0.384,1,21.91,0,1,1,17920811
18.0,Male,Married,Muscat,5,83.83,Master,Student,Private,0,3159.14,4421.55,3,0,162.69,0.0,246.52,1,2,4,6,Petrol,100.0,81.252,-18.75,0.813,1,37.16,0,1,1,12137629
33.0,Female,Single,Sohar,6,80.0,Bachelor,Employed,SelfEmployed,1,3770.0,516.1,0,0,0.0,0.0,80.0,1,1,4,10,Petrol,100.0,105.423,5.42,1.054,0,5.0,0,2,1,14096017
25.0,Female,Married,Muscat,2,80.0,None,Retired,Government,0,4614.14,3102.81,2,1,260.99,112.77,453.76,1,1,6,10,Petrol,100.0,48.898,-51.1,0.489,1,14.09,0,4,1,17414669
32.0,Male,Single,Sohar,2,115.89,HighSchool,Employed,Private,1,1244.89,2105.8,0,0,0.0,0.0,115.89,1,2,4,7,Petrol,100.0,152.984,52.98,1.53,1,18.75,0,1,1,11482283
18.0,Male,Single,Sur,4,97.46,Diploma,Student,SelfEmployed,0,1905.66,3548.14,0,0,0.0,0.0,97.46,1,2,8,6,Petrol,100.0,56.83,-43.17,0.568,1,9.27,1,0,1,16299401
18.0,Male,Single,Dhofar,1,189.45,Bachelor,Student,Government,0,1512.44,9185.62,0,0,0.0,0.0,189.45,1,1,6,6,Petrol,100.0,130.851,30.85,1.309,1,29.21,0,1,1,14386097
27.0,Male,Single,Nizwa,1,101.86,Bachelor,Employed,None,1,3949.88,3446.31,0,0,0.0,0.0,101.86,0,0,0,0,None,0.0,0.0,0.0,0.0,1,23.43,1,0,0,19274071
46.0,Male,Single,Muscat,5,108.41,Diploma,Employed,Private,1,9248.24,650.69,0,0,0.0,0.0,108.41,1,2,6,9,Petrol,100.0,74.999,-25.0,0.75,1,23.66,0,2,1,17391686
33.0,Female,Married,Sur,4,88.76,None,Employed,Private,1,1722.91,994.11,0,0,886.56,0.0,975.32,1,0,4,5,Petrol,100.0,100.026,0.03,1.0,1,26.11,0,2,0,12319081
35.0,Female,Single,Sur,5,124.71,Master,Employed,Government,0,1979.08,3331.07,0,0,0.0,0.0,124.71,0,0,0,0,None,0.0,0.0,0.0,0.0,1,5.0,0,1,0,18350496
43.0,Male,Divorced,Muscat,2,164.98,Bachelor,Employed,Government,0,4306.31,3446.76,6,2,0.0,95.97,260.95,1,3,6,7,Diesel,100.0,60.7,-39.3,0.607,1,25.5,1,0,1,17991250
24.0,Male,Single,Nizwa,2,97.64,Diploma,Unemployed,Government,1,5364.19,6754.12,0,0,0.0,0.0,97.64,1,1,6,5,Petrol,100.0,91.714,-8.29,0.917,0,5.0,2,2,1,12130422
38.0,Female,Married,Nizwa,1,158.59,Bachelor,Unemployed,Private,0,3898.57,3795.64,0,0,199.31,0.0,357.9,1,1,8,6,Diesel,100.0,116.027,16.03,1.16,1,18.42,0,0,1,15181649
25.0,Female,Married,Muscat,4,85.58,Diploma,Employed,SelfEmployed,1,3511.35,1040.55,3,0,247.43,0.0,333.01,1,3,4,10,Petrol,100.0,93.357,-6.64,0.934,1,19.46,0,2,1,17941509
18.0,Female,Single,Dhofar,1,138.46,Bachelor,Student,Private,0,1451.15,9798.56,0,0,0.0,0.0,138.46,1,1,4,7,Diesel,100.0,92.581,-7.42,0.926,1,42.73,0,3,1,12315556
30.0,Male,Married,Muscat,3,86.46,HighSchool,Employed,Private,1,2543.18,1597.1,0,0,210.54,0.0,297.0,0,0,0,0,None,0.0,0.0,0.0,0.0,0,5.0,0,0,0,12448033
42.0,Female,Married,Nizwa,2,85.36,Bachelor,Employed,Government,0,2886.61,2451.12,2,0,253.76,0.0,339.12,1,0,4,5,Petrol,100.0,119.987,19.99,1.2,0,5.0,1,0,1,11659039
39.0,Male,Married,Dhofar,1,80.0,None,Employed,Private,0,7162.74,1255.39,3,0,132.36,0.0,212.36,1,2,4,4,Petrol,100.0,66.355,-33.64,0.664,1,28.52,0,1,1,10075992
35.0,Female,Married,Muscat,1,80.0,Diploma,Employed,Private,0,2830.67,3367.05,3,1,221.17,117.61,418.78,1,2,6,10,Diesel,100.0,101.357,1.36,1.014,0,5.0,0,1,1,14977889
64.0,Female,Single,Muscat,1,84.55,Master,Employed,Private,0,2839.01,5912.86,0,0,0.0,0.0,84.55,1,4,4,8,Petrol,100.0,102.409,2.41,1.024,0,5.0,1,3,1,10161526
40.0,Female,Single,Muscat,5,123.91,Diploma,Employed,Private,0,2691.9,5547.64,0,0,0.0,0.0,123.91,0,0,0,0,None,0.0,0.0,0.0,0.0,1,26.69,1,0,0,15827245
47.0,Female,Single,Muscat,3,88.07,HighSchool,Employed,Government,1,1756.27,2092.49,0,0,0.0,0.0,88.07,0,0,0,0,None,0.0,0.0,0.0,0.0,1,27.44,0,2,0,14157798
62.0,Female,Single,Sohar,6,80.0,Diploma,Student,SelfEmployed,1,8267.62,2001.84,0,0,0.0,0.0,80.0,1,0,8,14,Diesel,100.0,134.297,34.3,1.343,1,5.0,0,2,1,11843379
19.0,Male,Single,Muscat,6,80.0,HighSchool,Student,Private,0,1977.79,3444.13,0,0,0.0,0.0,80.0,0,0,0,0,None,0.0,0.0,0.0,0.0,1,24.79,0,2,0,13618400
23.0,Female,Single,Muscat,2,123.88,HighSchool,Student,Government,1,1881.4,1701.26,0,0,0.0,0.0,123.88,1,0,6,11,Petrol,100.0,122.136,22.14,1.221,0,5.0,0,1,1,10148949
56.0,Male,Single,Sur,5,80.0,None,Unemployed,Private,0,3539.21,4130.23,0,0,0.0,0.0,80.0,1,1,6,10,Diesel,100.0,134.858,34.86,1.349,0,5.0,0,0,1,11434120
25.0,Male,Single,Muscat,6,127.59,Bachelor,Employed,Private,0,1916.22,5213.96,0,0,0.0,0.0,127.59,1,1,6,8,Petrol,100.0,76.119,-23.88,0.761,1,11.14,0,1,1,14711331
35.0,Female,Married,Muscat,3,121.34,HighSchool,Unemployed,SelfEmployed,0,3689.08,2632.41,0,0,397.85,0.0,519.19,0,0,0,0,None,0.0,0.0,0.0,0.0,1,18.78,1,1,0,10773041
48.0,Male,Single,Sohar,2,157.4,Bachelor,Employed,Private,1,6105.93,1388.41,0,0,0.0,0.0,157.4,1,2,8,5,Diesel,100.0,48.51,-51.49,0.485,1,13.8,0,1,1,17282432
46.0,Male,Single,Sur,6,200.76,Bachelor,Employed,Private,0,1647.32,1949.74,0,0,0.0,0.0,200.76,1,2,4,5,Petrol,100.0,123.322,23.32,1.233,1,31.49,0,1,1,12568856
56.0,Male,Married,Nizwa,1,80.0,None,Student,Government,0,2506.71,5303.45,2,1,137.97,116.94,334.91,1,1,8,8,Diesel,100.0,121.276,21.28,1.213,1,17.35,0,1,1,19186003
53.0,Female,Married,Muscat,5,84.86,None,Unemployed,Government,0,2336.22,16288.93,1,0,489.75,0.0,574.61,1,3,4,7,Petrol,100.0,161.0,61.0,1.61,1,22.63,0,2,1,11696945
48.0,Male,Widowed,Muscat,2,155.05,HighSchool,Retired,Government,0,3457.57,3550.41,2,2,0.0,244.26,399.31,1,1,4,6,Petrol,100.0,92.319,-7.68,0.923,0,5.0,0,0,1,16255339
26.0,Female,Single,Muscat,5,87.94,HighSchool,Student,Private,1,4440.79,1337.93,0,0,0.0,0.0,87.94,1,2,4,7,Diesel,100.0,117.534,17.53,1.175,1,30.85,0,0,1,15153397
45.0,Male,Single,Sur,5,80.0,Diploma,Student,Private,0,1805.47,1240.12,0,0,0.0,0.0,80.0,1,2,4,8,Petrol,100.0,75.998,-24.0,0.76,0,5.0,1,1,1,19171224
39.0,Female,Single,Muscat,5,80.0,HighSchool,Student,Government,0,3062.63,2087.46,0,0,0.0,0.0,80.0,1,2,4,12,Petrol,100.0,118.037,18.04,1.18,1,18.05,0,1,1,16177911
19.0,Male,Married,Muscat,4,107.43,Diploma,Employed,Government,0,2268.99,3880.56,2,0,115.86,0.0,223.29,0,0,0,0,None,0.0,0.0,0.0,0.0,1,23.5,0,2,0,18646901
52.0,Male,Single,Dhofar,3,80.0,Bachelor,Employed,Government,0,3524.66,818.59,0,0,0.0,0.0,80.0,1,0,8,3,Diesel,100.0,134.994,34.99,1.35,1,17.03,0,2,1,14641713
45.0,Male,Single,Sohar,4,180.84,Bachelor,Employed,Private,0,1838.85,2231.4,0,0,0.0,0.0,180.84,1,0,4,12,Diesel,100.0,198.025,98.02,1.98,0,5.0,1,1,1,12181428
36.0,Male,Single,Muscat,1,148.54,Bachelor,Student,Government,0,2811.57,3167.91,0,0,0.0,0.0,148.54,1,2,6,5,Diesel,100.0,22.374,-77.63,0.224,0,5.0,1,0,1,11892589
32.0,Female,Single,Muscat,6,80.0,Bachelor,Employed,SelfEmployed,0,4301.47,3529.92,0,0,0.0,0.0,80.0,1,2,4,4,Petrol,100.0,81.156,-18.84,0.812,1,25.71,0,1,1,18661273
21.0,Female,Married,Muscat,9,80.0,HighSchool,Student,Government,0,2924.58,2147.79,3,0,374.37,0.0,454.37,1,2,6,6,Petrol,100.0,124.628,24.63,1.246,1,23.57,0,3,1,12032083
37.0,Male,Single,Sohar,3,96.15,Bachelor,Employed,None,0,4278.08,739.14,0,0,0.0,0.0,96.15,1,0,4,3,Diesel,100.0,83.578,-16.42,0.836,1,35.62,0,1,1,17307518
41.0,Male,Married,Muscat,6,80.0,Diploma,Student,Private,1,2738.63,5790.72,0,0,387.75,0.0,467.75,1,1,4,6,Petrol,100.0,130.894,30.89,1.309,1,18.98,0,0,1,15274409
25.0,Male,Single,Muscat,2,85.38,HighSchool,Employed,Government,1,4563.4,5519.44,0,0,0.0,0.0,85.38,1,1,4,4,Petrol,100.0,22.92,-77.08,0.229,1,28.74,0,2,1,12778652
49.0,Male,Married,Sohar,4,120.63,HighSchool,Unemployed,Government,0,1733.06,2282.8,4,2,407.93,143.98,672.54,1,2,6,9,Petrol,100.0,112.371,12.37,1.124,1,26.18,0,1,1,14106168
22.0,Male,Single,Sur,4,81.21,Diploma,Student,Private,0,1873.36,1509.5,0,0,0.0,0.0,81.21,0,0,0,0,None,0.0,0.0,0.0,0.0,1,23.71,0,2,0,17970434
18.0,Male,Single,Sur,6,154.23,None,Student,Government,0,6917.69,1790.3,0,0,0.0,0.0,154.23,1,1,6,5,Petrol,100.0,92.938,-7.06,0.929,1,20.04,0,0,1,14529515
47.0,Female,Divorced,Dhofar,5,129.01,Bachelor,Employed,Government,0,3103.43,1649.6,1,0,0.0,0.0,129.01,1,2,4,11,Petrol,100.0,70.038,-29.96,0.7,0,5.0,0,0,1,18652216
30.0,Male,Single,Muscat,3,136.0,HighSchool,Employed,Private,0,6780.19,2326.87,0,0,0.0,0.0,136.0,1,1,4,8,Petrol,100.0,85.748,-14.25,0.857,0,5.0,1,0,1,19459399
33.0,Female,Married,Nizwa,1,80.0,HighSchool,Unemployed,Government,0,5991.24,2685.55,2,0,263.69,0.0,343.69,0,0,0,0,None,0.0,0.0,0.0,0.0,1,23.36,0,0,0,12994378
25.0,Female,Single,Nizwa,1,80.0,HighSchool,Student,Government,0,3459.34,822.53,0,0,0.0,0.0,80.0,1,3,4,13,Diesel,100.0,120.919,20.92,1.209,1,23.29,0,1,1,15258093
18.0,Male,Single,Sur,3,89.17,Diploma,Student,Private,1,1752.78,687.47,0,0,0.0,0.0,89.17,1,3,6,5,Diesel,100.0,55.903,-44.1,0.559,1,38.53,0,4,1,15270420
50.0,Female,Widowed,Muscat,1,170.59,HighSchool,Student,SelfEmployed,1,4175.59,1690.85,2,0,0.0,0.0,170.59,1,2,4,7,Diesel,100.0,124.106,24.11,1.241,1,20.44,1,0,1,15429662
27.0,Female,Single,Sur,3,144.71,Bachelor,Student,Government,1,2162.43,2234.89,0,0,0.0,0.0,144.71,0,0,0,0,None,0.0,0.0,0.0,0.0,0,5.0,1,1,0,10714867
55.0,Female,Married,Muscat,1,123.52,Master,Unemployed,Government,1,2220.07,779.0,1,0,289.0,0.0,412.52,1,3,6,9,Petrol,100.0,131.221,31.22,1.312,0,5.0,0,2,1,13698288
45.0,Male,Married,Nizwa,3,146.09,HighSchool,Employed,Government,0,1885.62,2482.79,1,0,348.32,0.0,494.41,1,3,4,8,Petrol,100.0,52.745,-47.26,0.527,1,21.24,2,2,1,15832383
31.0,Female,Divorced,Sur,1,80.0,HighSchool,Employed,Government,1,2625.83,4281.29,1,0,0.0,0.0,80.0,0,0,0,0,None,0.0,0.0,0.0,0.0,1,14.64,1,2,0,19183139
22.0,Male,Single,Muscat,4,80.0,None,Student,Government,1,2747.91,1430.47,0,0,0.0,0.0,80.0,1,0,4,7,Petrol,100.0,105.714,5.71,1.057,1,19.38,0,1,1,12379063
26.0,Female,Married,Nizwa,3,148.52,Diploma,Employed,Government,0,2154.8,3978.63,3,0,135.2,0.0,283.72,0,0,0,0,None,0.0,0.0,0.0,0.0,1,30.19,0,1,0,16440880
20.0,Male,Single,Nizwa,5,80.0,Bachelor,Student,Government,0,1434.15,1107.33,0,0,0.0,0.0,80.0,1,1,4,6,Petrol,100.0,71.616,-28.38,0.716,1,25.67,0,3,1,17649635
60.0,Female,Married,Muscat,6,80.0,Bachelor,Employed,Government,1,2819.92,2777.18,1,1,322.64,30.28,432.92,1,1,6,8,Petrol,100.0,163.955,63.96,1.64,1,28.53,0,1,1,19243245
37.0,Female,Single,Sur,6,117.4,None,Employed,Government,0,1523.11,934.61,0,0,0.0,0.0,117.4,1,2,8,10,Petrol,100.0,82.702,-17.3,0.827,0,5.0,0,1,1,11736316
49.0,Male,Married,Muscat,7,80.0,Master,Employed,SelfEmployed,0,3888.03,1742.71,3,0,172.84,0.0,252.84,0,0,0,0,None,0.0,0.0,0.0,0.0,0,5.0,0,0,0,16742954
20.0,Male,Single,Muscat,3,84.51,HighSchool,Student,Government,1,2067.08,847.61,0,0,0.0,0.0,84.51,1,2,4,7,Diesel,100.0,96.543,-3.46,0.965,1,15.67,0,2,1,13127422
37.0,Female,Single,Muscat,4,105.38,None,Employed,Private,0,1203.8,1908.48,0,0,0.0,0.0,105.38,1,2,8,3,Petrol,100.0,110.008,10.01,1.1,1,27.3,0,2,1,14400489
49.0,Female,Divorced,Muscat,5,97.86,HighSchool,Employed,SelfEmployed,0,1600.91,2955.59,7,4,0.0,451.24,549.1,0,0,0,0,None,0.0,0.0,0.0,0.0,1,21.15,0,2,0,10144744
31.0,Female,Single,Muscat,6,80.0,Bachelor,Student,Government,0,3021.66,5134.47,0,0,0.0,0.0,80.0,1,0,4,6,Diesel,100.0,101.261,1.26,1.013,0,5.0,0,0,1,17222572
47.0,Male,Married,Nizwa,2,80.0,HighSchool,Employed,Private,0,3623.78,1159.13,2,0,250.8,0.0,330.8,1,1,4,6,Petrol,100.0,80.776,-19.22,0.808,1,33.13,1,1,1,10325519
22.0,Female,Single,Muscat,4,122.6,Diploma,Student,SelfEmployed,0,3462.48,1493.57,0,0,0.0,0.0,122.6,1,2,4,2,Petrol,100.0,107.334,7.33,1.073,1,33.57,0,3,1,13739534
19.0,Female,Married,Sohar,5,80.0,Bachelor,Unemployed,SelfEmployed,0,1638.61,578.68,2,0,469.92,0.0,549.92,1,0,6,9,Petrol,100.0,150.051,50.05,1.501,1,34.47,0,1,1,14967017
40.0,Male,Single,Muscat,7,80.0,HighSchool,Student,Government,1,4746.61,3011.49,0,0,0.0,0.0,80.0,0,0,0,0,None,0.0,0.0,0.0,0.0,0,5.0,0,0,0,16690189
30.0,Female,Single,Sohar,4,80.0,Diploma,Employed,Government,1,5104.6,1068.92,0,0,0.0,0.0,80.0,1,1,6,6,Diesel,100.0,72.065,-27.94,0.721,0,5.0,1,0,1,14683124
43.0,Male,Married,Sohar,1,80.0,Bachelor,Student,None,0,4603.34,1084.19,2,1,323.27,102.11,505.38,1,4,6,6,Diesel,100.0,97.476,-2.52,0.975,1,18.85,0,1,1,18388722
18.0,Male,Single,Muscat,4,94.57,Master,Student,Private,0,4478.45,1827.73,0,0,0.0,0.0,94.57,0,0,0,0,None,0.0,0.0,0.0,0.0,0,5.0,0,0,0,11276903
44.0,Female,Married,Muscat,6,80.0,Bachelor,Retired,SelfEmployed,1,3202.66,4682.91,1,1,172.03,93.22,345.25,1,0,4,13,Petrol,100.0,67.914,-32.09,0.679,0,5.0,1,0,1,12622443
66.0,Female,Single,Nizwa,4,116.36,Bachelor,Employed,SelfEmployed,0,4115.88,1050.78,0,0,0.0,0.0,116.36,1,1,6,9,Petrol,100.0,141.688,41.69,1.417,0,5.0,0,1,1,12575624
35.0,Female,Married,Sohar,2,101.68,HighSchool,Unemployed,Private,0,6094.6,4473.18,1,0,509.78,0.0,611.46,0,0,0,0,None,0.0,0.0,0.0,0.0,1,9.41,0,1,0,13797750
35.0,Male,Married,Dhofar,3,80.0,Bachelor,Employed,Government,0,3247.57,3356.45,0,0,140.75,0.0,220.75,1,1,6,7,Petrol,100.0,99.118,-0.88,0.991,1,39.81,0,2,1,10031811
37.0,Female,Single,Sur,6,111.02,Diploma,Employed,Government,0,2679.33,2062.53,0,0,0.0,0.0,111.02,1,2,4,6,Petrol,100.0,92.218,-7.78,0.922,0,5.0,0,0,1,14293186
18.0,Female,Single,Sur,7,80.0,HighSchool,Student,Private,1,2109.11,3752.06,0,0,0.0,0.0,80.0,1,2,6,10,Petrol,100.0,101.344,1.34,1.013,1,30.32,1,1,1,13810677
40.0,Male,Married,Nizwa,3,80.0,HighSchool,Student,SelfEmployed,1,1557.39,1950.69,2,1,171.05,49.58,300.63,1,1,4,10,Petrol,100.0,125.24,25.24,1.252,0,5.0,0,0,1,15854312
18.0,Female,Married,Sur,4,80.0,None,Student,Government,0,7191.99,904.16,4,1,387.95,63.42,531.37,1,1,8,6,Petrol,100.0,91.626,-8.37,0.916,1,36.29,0,4,1,15758730
30.0,Male,Married,Muscat,1,109.74,Bachelor,Employed,SelfEmployed,0,3536.78,2015.79,1,0,180.35,0.0,290.09,0,0,0,0,None,0.0,0.0,0.0,0.0,0,5.0,0,6,0,12812550
50.0,Male,Married,Muscat,1,83.18,Bachelor,Student,Private,0,7083.27,1805.43,2,1,344.2,57.04,484.42,0,0,0,0,None,0.0,0.0,0.0,0.0,0,5.0,0,2,0,14272987
26.0,Male,Married,Sur,3,80.0,HighSchool,Unemployed,Private,1,4544.35,892.31,3,0,337.82,0.0,417.82,0,0,0,0,None,0.0,0.0,0.0,0.0,1,29.47,0,0,0,15031398
41.0,Female,Single,Dhofar,4,80.0,HighSchool,Employed,SelfEmployed,1,4260.06,4123.94,0,0,0.0,0.0,80.0,1,2,6,4,Petrol,100.0,89.418,-10.58,0.894,1,18.17,0,0,1,18351022
47.0,Male,Married,Sohar,9,139.47,Bachelor,Unemployed,SelfEmployed,0,7073.82,1156.45,1,1,264.01,44.39,447.87,1,0,4,4,Petrol,100.0,81.48,-18.52,0.815,0,5.0,0,0,1,10768793
38.0,Male,Widowed,Sur,8,80.0,HighSchool,Unemployed,Government,0,3081.99,656.27,3,0,0.0,0.0,80.0,1,2,6,6,Petrol,100.0,89.54,-10.46,0.895,1,33.98,2,0,1,16164911
19.0,Female,Single,Sohar,2,105.32,Diploma,Student,SelfEmployed,0,2423.91,1065.81,0,0,0.0,0.0,105.32,1,2,8,19,Petrol,100.0,93.266,-6.73,0.933,1,30.78,0,0,1,10801668
31.0,Female,Widowed,Sur,9,103.75,Bachelor,Employed,Government,1,1729.47,2623.41,1,0,0.0,0.0,103.75,1,1,4,7,Petrol,100.0,65.141,-34.86,0.651,0,5.0,0,0,1,12660838
59.0,Female,Single,Nizwa,3,80.0,HighSchool,Student,Private,0,1999.5,4382.3,0,0,0.0,0.0,80.0,1,0,6,13,Petrol,100.0,62.04,-37.96,0.62,0,5.0,0,0,1,14440385
18.0,Male,Single,Sur,8,120.94,None,Student,Private,1,1656.58,2411.83,0,0,0.0,0.0,120.94,0,0,0,0,None,0.0,0.0,0.0,0.0,1,31.77,0,0,0,18110220
32.0,Male,Single,Dhofar,3,80.0,HighSchool,Employed,Private,1,2678.26,2240.94,0,0,0.0,0.0,80.0,0,0,0,0,None,0.0,0.0,0.0,0.0,0,5.0,0,0,0,13367772
28.0,Male,Single,Sur,4,80.89,Bachelor,Student,SelfEmployed,1,1400.06,9855.41,0,0,0.0,0.0,80.89,1,2,6,6,Petrol,100.0,73.708,-26.29,0.737,0,5.0,0,0,1,14994867
36.0,Female,Married,Muscat,6,80.0,HighSchool,Employed,None,1,1327.3,1069.16,2,1,335.93,58.77,474.7,1,4,4,6,Petrol,100.0,119.044,19.04,1.19,1,29.18,0,1,1,15788742
44.0,Female,Married,Nizwa,5,145.2,Bachelor,Employed,Private,1,1135.25,1362.82,0,0,200.88,0.0,346.08,1,3,4,7,Diesel,100.0,70.343,-29.66,0.703,1,23.86,0,3,1,17588102
54.0,Male,Single,Muscat,4,94.63,Diploma,Employed,Private,0,2150.7,1650.05,0,0,0.0,0.0,94.63,1,1,8,11,Petrol,100.0,109.434,9.43,1.094,0,5.0,0,0,1,13957782
32.0,Female,Married,Sohar,5,80.29,Master,Employed,Government,0,2656.47,899.29,1,0,182.78,0.0,263.07,0,0,0,0,None,0.0,0.0,0.0,0.0,1,10.94,0,2,0,15660890
45.0,Female,Single,Nizwa,5,80.0,Bachelor,Student,Government,0,1124.85,1302.57,0,0,0.0,0.0,80.0,1,0,4,8,Petrol,100.0,123.86,23.86,1.239,1,30.43,0,1,1,18388436
41.0,Male,Single,Nizwa,2,87.37,Bachelor,Employed,Private,0,2248.18,6961.68,0,0,0.0,0.0,87.37,1,2,4,6,Petrol,100.0,117.529,17.53,1.175,1,33.12,1,0,1,14374403
41.0,Female,Married,Dhofar,3,118.73,Diploma,Employed,Government,0,6364.3,1812.7,1,0,235.7,0.0,354.43,0,0,0,0,None,0.0,0.0,0.0,0.0,1,15.35,0,0,0,19378837
28.0,Female,Married,Sur,5,86.31,Diploma,Employed,Government,0,5823.83,2550.61,1,0,248.24,0.0,334.55,1,1,4,13,Petrol,100.0,99.675,-0.33,0.997,1,19.2,0,1,1,13961544
23.0,Female,Married,Muscat,2,111.22,Diploma,Student,Government,1,3231.09,983.67,2,0,165.04,0.0,276.26,1,1,4,6,Diesel,100.0,144.423,44.42,1.444,1,23.77,0,3,1,14330235
22.0,Female,Single,Nizwa,5,80.0,Bachelor,Student,Government,0,2344.9,1774.35,0,0,0.0,0.0,80.0,1,0,6,9,Petrol,100.0,140.437,40.44,1.404,1,31.64,0,0,1,10222352
26.0,Male,Married,Muscat,2,80.0,Diploma,Unemployed,SelfEmployed,1,1803.65,4609.25,1,0,104.38,0.0,184.38,1,0,6,5,Petrol,100.0,131.107,31.11,1.311,0,5.0,1,3,1,15332231
39.0,Male,Single,Sohar,4,80.0,Bachelor,Employed,Government,0,2781.24,1361.61,0,0,0.0,0.0,80.0,1,0,4,6,Petrol,100.0,110.394,10.39,1.104,1,26.19,0,2,1,14693507
44.0,Male,Single,Muscat,3,80.0,HighSchool,Employed,SelfEmployed,1,2866.57,7274.54,0,0,0.0,0.0,80.0,0,0,0,0,None,0.0,0.0,0.0,0.0,1,12.12,0,2,0,14150798
39.0,Female,Single,Muscat,3,80.0,HighSchool,Employed,Private,1,4678.06,2654.53,0,0,0.0,0.0,80.0,1,0,4,6,Petrol,100.0,46.361,-53.64,0.464,0,5.0,0,1,1,16235583
28.0,Male,Single,Nizwa,1,86.74,Diploma,Employed,Government,0,3867.37,5523.63,0,0,0.0,0.0,86.74,1,1,6,5,Petrol,100.0,79.844,-20.16,0.798,0,5.0,1,0,1,15478157
57.0,Female,Married,Nizwa,4,80.0,Bachelor,Unemployed,Government,1,3168.78,3967.28,1,1,421.33,63.86,565.19,1,1,8,8,Diesel,100.0,160.134,60.13,1.601,1,26.05,0,1,1,19461133
53.0,Male,Single,Muscat,4,80.0,Bachelor,Student,Government,1,2920.12,3445.26,0,0,0.0,0.0,80.0,1,0,4,5,Petrol,100.0,119.507,19.51,1.195,0,5.0,0,0,1,14066404
31.0,Female,Single,Nizwa,1,123.25,Diploma,Employed,SelfEmployed,0,1926.92,2847.13,0,0,0.0,0.0,123.25,0,0,0,0,None,0.0,0.0,0.0,0.0,1,28.01,0,0,0,14353260
25.0,Female,Divorced,Muscat,6,80.0,Bachelor,Student,Private,1,906.49,2651.2,0,0,0.0,0.0,80.0,1,3,6,8,Diesel,100.0,110.725,10.72,1.107,1,26.49,0,1,1,18121413
37.0,Female,Single,Sohar,1,80.0,Master,Employed,Government,0,4153.03,4879.03,0,0,0.0,0.0,80.0,0,0,0,0,None,0.0,0.0,0.0,0.0,1,21.78,0,2,0,14856413
50.0,Male,Married,Sohar,6,80.0,None,Employed,Government,0,2150.25,1255.2,1,1,378.15,65.57,523.72,0,0,0,0,None,0.0,0.0,0.0,0.0,1,5.0,1,0,0,12502648
39.0,Female,Married,Sur,3,192.56,None,Employed,SelfEmployed,1,4723.68,2773.88,1,1,262.34,53.17,508.07,1,1,8,11,Petrol,100.0,130.196,30.2,1.302,0,5.0,0,3,1,15191150
42.0,Female,Married,Sohar,3,80.0,HighSchool,Employed,Government,0,2556.89,779.56,2,0,173.77,0.0,253.77,0,0,0,0,None,0.0,0.0,0.0,0.0,1,19.23,0,0,0,15067283
32.0,Female,Married,Sur,6,80.0,HighSchool,Employed,Government,0,2737.36,6265.37,3,0,843.33,0.0,923.33,0,0,0,0,None,0.0,0.0,0.0,0.0,1,31.97,0,2,0,14085909
40.0,Female,Single,Dhofar,4,80.0,Bachelor,Employed,Private,1,2046.26,3539.29,0,0,0.0,0.0,80.0,1,2,4,7,Diesel,100.0,131.964,31.96,1.32,0,5.0,0,0,1,15309177
54.0,Male,Married,Sohar,8,93.59,Bachelor,Unemployed,Private,0,5646.17,2907.36,0,0,406.03,0.0,499.62,1,2,6,5,Diesel,100.0,27.48,-72.52,0.275,0,5.0,0,0,1,15787956
32.0,Male,Widowed,Muscat,2,80.0,HighSchool,Employed,Government,0,3171.79,1378.56,1,0,0.0,0.0,80.0,1,2,4,10,Petrol,100.0,114.209,14.21,1.142,1,22.17,1,0,1,19708214
37.0,Female,Married,Nizwa,4,80.0,Diploma,Employed,Government,0,1665.23,1993.29,5,1,128.54,148.37,356.91,1,2,8,6,Diesel,100.0,165.058,65.06,1.651,1,28.33,0,1,1,10703506
38.0,Male,Single,Sur,4,88.0,Bachelor,Employed,SelfEmployed,1,2315.18,2774.76,0,0,0.0,0.0,88.0,0,0,0,0,None,0.0,0.0,0.0,0.0,1,21.87,0,0,0,19130311
38.0,Female,Divorced,Dhofar,5,88.48,HighSchool,Student,Government,0,1400.46,417.48,1,0,0.0,0.0,88.48,1,0,6,7,Petrol,100.0,63.068,-36.93,0.631,0,5.0,1,2,1,14883837
18.0,Female,Married,Sohar,6,88.23,Diploma,Unemployed,Government,0,2962.88,2855.86,1,0,326.59,0.0,414.82,1,1,6,4,Petrol,100.0,121.296,21.3,1.213,1,21.57,0,1,1,13794757
18.0,Male,Single,Sohar,4,81.99,Bachelor,Student,Private,1,1497.12,1524.81,0,0,0.0,0.0,81.99,1,2,8,2,Diesel,100.0,103.115,3.11,1.031,1,44.3,1,2,1,16101447
23.0,Male,Single,Muscat,4,162.64,Bachelor,Unemployed,SelfEmployed,0,1401.49,5213.75,0,0,0.0,0.0,162.64,1,1,4,7,Petrol,100.0,92.866,-7.13,0.929,1,42.95,1,0,1,11155989
37.0,Female,Single,Sur,4,80.0,Diploma,Employed,Government,0,8266.71,3448.99,0,0,0.0,0.0,80.0,1,1,4,6,Diesel,100.0,127.316,27.32,1.273,1,21.02,1,0,1,17438790
42.0,Female,Married,Nizwa,5,139.79,Diploma,Employed,Government,0,8614.48,3203.11,2,1,220.17,32.64,392.6,1,4,6,3,Diesel,100.0,96.029,-3.97,0.96,0,5.0,0,1,1,10942898
29.0,Male,Widowed,Dhofar,5,99.32,Diploma,Student,Government,1,2945.21,4588.74,6,0,0.0,0.0,99.32,1,3,4,5,Petrol,100.0,77.443,-22.56,0.774,1,29.48,0,0,1,14298302
52.0,Male,Married,Muscat,4,132.95,HighSchool,Employed,Private,0,5425.63,3721.49,0,0,534.79,0.0,667.74,0,0,0,0,None,0.0,0.0,0.0,0.0,1,21.52,0,1,0,12016923
33.0,Male,Married,Dhofar,5,115.15,Diploma,Employed,Government,1,2294.53,10014.57,3,0,322.27,0.0,437.42,0,0,0,0,None,0.0,0.0,0.0,0.0,1,15.56,0,0,0,13028021
35.0,Female,Married,Sohar,3,141.21,HighSchool,Employed,SelfEmployed,0,2214.44,2932.49,2,0,150.5,0.0,291.71,0,0,0,0,None,0.0,0.0,0.0,0.0,1,27.5,1,1,0,14708832
33.0,Female,Widowed,Muscat,5,204.32,Bachelor,Unemployed,Government,0,3965.39,5500.74,1,0,0.0,0.0,204.32,1,1,6,11,Petrol,100.0,81.969,-18.03,0.82,0,5.0,0,4,1,10058900
37.0,Female,Single,Nizwa,6,86.28,HighSchool,Unemployed,Private,0,4314.47,6286.04,0,0,0.0,0.0,86.28,0,0,0,0,None,0.0,0.0,0.0,0.0,1,30.76,1,1,0,18886465
43.0,Male,Married,Muscat,2,110.01,None,Unemployed,Government,0,2843.92,1968.26,3,1,145.01,62.53,317.55,1,0,6,4,Petrol,100.0,73.397,-26.6,0.734,1,34.54,1,2,1,17564788
43.0,Male,Married,Muscat,4,175.34,Diploma,Employed,SelfEmployed,0,5715.59,4124.23,4,1,137.03,50.24,362.61,1,0,8,9,Diesel,100.0,81.887,-18.11,0.819,1,21.28,0,0,1,19583564
24.0,Male,Single,Muscat,4,100.69,Bachelor,Student,None,0,6218.31,3170.67,0,0,0.0,0.0,100.69,1,1,4,12,Petrol,100.0,140.945,40.94,1.409,1,19.8,1,1,1,10775759
53.0,Male,Married,Nizwa,3,80.0,HighSchool,Employed,Private,0,4890.14,1729.73,2,0,270.58,0.0,350.58,1,1,4,6,Diesel,100.0,48.903,-51.1,0.489,1,19.06,0,0,1,11762513
22.0,Female,Single,Sohar,9,80.0,Bachelor,Student,Private,1,2967.91,4087.4,0,0,0.0,0.0,80.0,1,0,4,9,Diesel,100.0,135.066,35.07,1.351,1,34.53,1,1,1,14899879
36.0,Female,Married,Sohar,5,80.0,Bachelor,Retired,Government,0,7053.39,3312.07,3,1,118.62,75.73,274.35,1,2,4,4,Diesel,100.0,89.219,-10.78,0.892,0,5.0,0,1,1,18553407
32.0,Female,Single,Muscat,4,95.99,Diploma,Employed,Private,0,5818.66,13230.82,0,0,0.0,0.0,95.99,1,1,4,10,Petrol,100.0,82.826,-17.17,0.828,1,17.22,1,1,1,13043610
22.0,Male,Single,Dhofar,2,80.0,Diploma,Student,Private,1,2394.64,3593.97,0,0,0.0,0.0,80.0,1,2,6,5,Diesel,100.0,102.957,2.96,1.03,1,18.17,0,2,1,12994789
34.0,Male,Single,Sur,2,194.28,HighSchool,Student,Government,1,3383.8,4026.07,0,0,0.0,0.0,194.28,1,1,4,7,Petrol,100.0,106.474,6.47,1.065,1,38.68,0,0,1,18408220
26.0,Male,Married,Muscat,2,188.27,Diploma,Retired,Private,0,3360.42,5237.16,4,0,73.39,0.0,261.66,1,1,4,10,Diesel,100.0,130.731,30.73,1.307,1,25.77,0,1,1,10015122
36.0,Male,Married,Sur,5,80.0,HighSchool,Employed,Private,0,904.24,2887.6,0,0,201.02,0.0,281.02,1,2,6,4,Petrol,100.0,79.736,-20.26,0.797,1,29.89,1,0,1,19504757
40.0,Female,Divorced,Sur,3,80.0,HighSchool,Retired,SelfEmployed,0,2398.12,2350.72,3,2,0.0,387.34,467.34,1,1,6,5,Petrol,100.0,117.25,17.25,1.172,1,25.44,0,1,1,11899526
53.0,Male,Single,Muscat,7,137.61,Diploma,Unemployed,Private,0,3311.18,2186.67,0,0,0.0,0.0,137.61,1,2,6,3,Diesel,100.0,138.756,38.76,1.388,1,20.87,2,0,1,13188745
39.0,Male,Single,Dhofar,5,80.0,Bachelor,Employed,SelfEmployed,0,4105.37,729.23,0,0,0.0,0.0,80.0,1,1,4,10,Petrol,100.0,71.26,-28.74,0.713,1,29.28,0,4,1,13241550
28.0,Male,Married,Sohar,6,80.0,HighSchool,Employed,SelfEmployed,1,5213.89,1591.12,3,1,144.59,178.82,403.41,1,1,6,4,Petrol,100.0,33.119,-66.88,0.331,1,13.8,0,1,1,18977681
30.0,Male,Married,Muscat,7,80.0,Bachelor,Student,Government,0,3711.31,6739.2,1,1,211.69,155.6,447.29,1,0,4,8,Petrol,100.0,107.869,7.87,1.079,1,25.81,0,0,1,18213489
37.0,Male,Single,Dhofar,9,153.38,Bachelor,Employed,Private,1,1765.32,3373.13,0,0,0.0,0.0,153.38,1,1,4,9,Petrol,100.0,143.384,43.38,1.434,1,24.3,0,0,1,13375290
36.0,Male,Single,Muscat,3,86.76,Diploma,Employed,Private,0,2782.44,1794.7,0,0,0.0,0.0,86.76,0,0,0,0,None,0.0,0.0,0.0,0.0,1,26.44,1,1,0,13413489
53.0,Male,Married,Sohar,1,146.49,Bachelor,Employed,Government,1,7486.35,5108.41,4,0,94.97,0.0,241.46,1,0,6,10,Petrol,100.0,110.839,10.84,1.108,1,21.2,1,1,1,18121120
52.0,Male,Single,Dhofar,1,80.0,HighSchool,Employed,Government,0,6247.77,5911.29,0,0,0.0,0.0,80.0,1,1,4,11,Petrol,100.0,64.652,-35.35,0.647,0,5.0,0,0,1,12828636
31.0,Female,Married,Muscat,5,125.89,Bachelor,Employed,SelfEmployed,0,2554.75,2387.16,4,1,237.07,69.51,432.47,1,2,4,6,Petrol,100.0,89.77,-10.23,0.898,1,20.71,0,0,1,17988435
28.0,Male,Married,Nizwa,1,80.0,HighSchool,Retired,Government,0,2853.58,11238.62,3,0,251.34,0.0,331.34,1,3,4,5,Diesel,100.0,147.253,47.25,1.473,1,6.94,0,0,1,18161555
18.0,Female,Single,Sohar,3,98.66,Bachelor,Student,SelfEmployed,0,4259.27,2433.68,0,0,0.0,0.0,98.66,1,1,6,2,Petrol,100.0,113.437,13.44,1.134,1,27.61,0,0,1,16552851
28.0,Female,Single,Muscat,3,80.0,Bachelor,Student,Government,1,1871.97,1734.11,0,0,0.0,0.0,80.0,1,3,6,5,Petrol,100.0,127.872,27.87,1.279,1,32.01,0,0,1,17434404
23.0,Female,Single,Sur,1,80.0,HighSchool,Student,Private,0,3155.61,2522.5,0,0,0.0,0.0,80.0,1,1,4,2,Diesel,100.0,96.082,-3.92,0.961,1,22.91,0,0,1,12287034
31.0,Male,Married,Sur,1,85.89,Bachelor,Employed,Government,1,5010.89,2504.47,3,0,149.09,0.0,234.98,1,1,8,7,Petrol,100.0,146.755,46.76,1.468,1,25.67,0,0,1,15623482
40.0,Female,Divorced,Muscat,5,101.26,Bachelor,Unemployed,SelfEmployed,1,1812.65,2977.52,2,0,0.0,0.0,101.26,1,2,4,9,Petrol,100.0,79.087,-20.91,0.791,1,15.63,0,2,1,11376744
37.0,Male,Single,Sur,4,125.26,None,Retired,Private,0,5932.77,2112.38,0,0,0.0,0.0,125.26,1,1,6,11,Diesel,100.0,100.576,0.58,1.006,1,27.19,1,1,1,10577862
35.0,Female,Married,Sohar,6,80.0,HighSchool,Student,Government,0,2900.54,4226.25,3,2,105.54,257.35,442.89,0,0,0,0,None,0.0,0.0,0.0,0.0,1,16.58,0,0,0,14243710
37.0,Female,Single,Sur,6,80.0,HighSchool,Employed,SelfEmployed,0,2293.86,920.64,0,0,0.0,0.0,80.0,1,1,4,6,Petrol,100.0,104.95,4.95,1.05,0,5.0,0,3,1,12945444
33.0,Male,Married,Muscat,5,146.75,HighSchool,Employed,SelfEmployed,0,1308.57,2314.36,1,0,241.2,0.0,387.95,1,2,6,10,Diesel,100.0,97.579,-2.42,0.976,1,25.14,0,1,1,11515387
37.0,Male,Single,Muscat,3,181.81,HighSchool,Unemployed,Government,0,3614.74,1823.18,0,0,0.0,0.0,181.81,1,4,8,4,Diesel,100.0,107.157,7.16,1.072,1,16.38,0,0,1,15261645
18.0,Female,Married,Muscat,6,133.28,Master,Student,Private,1,3544.22,2837.41,5,0,419.18,0.0,552.46,1,2,8,8,Diesel,100.0,77.478,-22.52,0.775,0,5.0,0,0,1,18732728
32.0,Male,Married,Dhofar,3,148.89,Bachelor,Retired,Government,0,1591.58,499.69,2,0,81.69,0.0,230.58,1,0,4,5,Petrol,100.0,76.569,-23.43,0.766,0,5.0,0,1,1,12486308
34.0,Male,Married,Muscat,5,80.0,Diploma,Employed,SelfEmployed,1,935.07,2772.56,4,1,249.77,115.86,445.63,1,2,4,11,Diesel,100.0,96.978,-3.02,0.97,0,5.0,0,1,1,11791267
31.0,Male,Married,Dhofar,1,117.72,Diploma,Employed,Government,1,2427.7,2192.81,4,0,77.14,0.0,194.86,1,0,4,3,Petrol,100.0,123.614,23.61,1.236,1,7.01,0,0,1,18683322
32.0,Male,Single,Nizwa,1,109.52,None,Employed,SelfEmployed,0,1420.57,660.1,0,0,0.0,0.0,109.52,1,1,6,8,Petrol,100.0,134.362,34.36,1.344,1,28.16,0,0,1,10302946
43.0,Female,Single,Sohar,3,97.87,HighSchool,Unemployed,Private,0,1132.68,2641.2,0,0,0.0,0.0,97.87,1,1,6,6,Diesel,100.0,74.87,-25.13,0.749,1,29.59,1,2,1,15876526
28.0,Male,Divorced,Nizwa,8,80.0,Bachelor,Employed,None,0,2961.04,2016.59,2,0,0.0,0.0,80.0,1,1,6,2,Diesel,100.0,143.252,43.25,1.433,1,40.77,1,0,1,15592496
61.0,Male,Married,Sohar,5,80.0,None,Employed,Government,0,2554.23,5405.18,3,1,329.51,70.53,480.04,1,0,4,14,Petrol,100.0,118.87,18.87,1.189,1,9.58,1,0,1,14672144
43.0,Male,Married,Sur,2,145.95,None,Student,Private,0,1929.79,2338.66,1,0,188.03,0.0,333.98,1,2,6,10,Petrol,100.0,101.525,1.53,1.015,1,30.65,0,0,1,14288062
35.0,Female,Single,Muscat,1,125.16,HighSchool,Employed,Government,0,1782.54,2976.12,0,0,0.0,0.0,125.16,1,2,4,8,Petrol,100.0,123.545,23.54,1.235,1,15.96,0,0,1,10273516
33.0,Female,Married,Sur,5,80.0,Diploma,Employed,Government,0,3495.11,4456.38,0,0,245.46,0.0,325.46,1,0,4,3,Petrol,100.0,109.748,9.75,1.097,1,19.69,0,0,1,18585973
34.0,Male,Married,Sur,4,105.89,Bachelor,Employed,Government,0,3239.68,3184.58,0,0,134.62,0.0,240.51,1,0,8,9,Diesel,100.0,143.975,43.97,1.44,1,21.68,0,1,1,10677259
24.0,Female,Married,Muscat,3,80.0,None,Student,Government,0,5470.28,1499.23,2,0,423.9,0.0,503.9,1,3,4,4,Petrol,100.0,117.493,17.49,1.175,1,27.81,0,0,1,11608313
34.0,Male,Single,Dhofar,1,131.87,Diploma,Unemployed,Government,0,2751.49,3608.23,0,0,0.0,0.0,131.87,1,2,8,5,Petrol,100.0,119.64,19.64,1.196,1,25.05,1,2,1,18804279
38.0,Female,Single,Sohar,3,113.86,Diploma,Employed,Government,0,1106.86,2233.36,0,0,0.0,0.0,113.86,0,0,0,0,None,0.0,0.0,0.0,0.0,1,29.94,1,0,0,13603536
42.0,Male,Divorced,Sohar,6,159.76,None,Employed,Government,0,2107.77,1496.04,5,1,0.0,82.02,241.78,1,2,6,6,Diesel,100.0,90.301,-9.7,0.903,1,25.35,0,0,1,14589586
42.0,Female,Single,Sur,4,95.86,Diploma,Employed,Private,0,1834.31,2472.52,0,0,0.0,0.0,95.86,1,3,6,6,Petrol,100.0,94.708,-5.29,0.947,1,25.81,0,2,1,16405098
32.0,Male,Single,Sohar,2,86.34,Bachelor,Student,Government,0,2746.67,786.23,0,0,0.0,0.0,86.34,0,0,0,0,None,0.0,0.0,0.0,0.0,1,29.23,0,0,0,15634600
18.0,Female,Single,Sohar,6,91.91,HighSchool,Student,SelfEmployed,0,1513.75,1366.62,0,0,0.0,0.0,91.91,1,1,4,4,Petrol,100.0,175.103,75.1,1.751,1,26.25,0,1,1,19310792
27.0,Male,Married,Sur,6,215.98,Diploma,Retired,Government,0,1497.81,789.88,2,1,365.89,81.04,662.91,1,2,6,4,Petrol,100.0,88.636,-11.36,0.886,1,31.05,1,0,1,19377838
54.0,Male,Married,Sur,8,121.03,Diploma,Retired,SelfEmployed,0,1591.89,1949.7,2,1,494.0,54.41,669.44,0,0,0,0,None,0.0,0.0,0.0,0.0,1,25.65,0,1,0,12618009
46.0,Female,Married,Nizwa,3,95.06,HighSchool,Employed,Government,1,2547.36,796.6,0,0,154.32,0.0,249.38,1,1,6,3,Petrol,100.0,51.446,-48.55,0.514,0,5.0,0,1,1,17635152
39.0,Male,Single,Dhofar,5,130.74,Diploma,Employed,Private,0,4109.33,2540.96,0,0,0.0,0.0,130.74,1,0,6,5,Petrol,100.0,111.052,11.05,1.111,0,5.0,0,2,1,16880983
26.0,Male,Single,Sohar,5,80.0,Diploma,Employed,Government,1,2397.17,4127.12,0,0,0.0,0.0,80.0,1,0,8,8,Petrol,100.0,64.867,-35.13,0.649,1,25.45,0,0,1,12483398
35.0,Male,Single,Sur,3,106.12,HighSchool,Employed,Private,0,2470.76,3586.03,0,0,0.0,0.0,106.12,1,0,4,4,Petrol,100.0,100.714,0.71,1.007,0,5.0,0,2,1,11490526
20.0,Female,Single,Muscat,2,135.79,Bachelor,Unemployed,SelfEmployed,1,6004.23,803.34,0,0,0.0,0.0,135.79,1,3,4,5,Petrol,100.0,113.503,13.5,1.135,1,32.13,0,0,1,18152718
28.0,Male,Married,Dhofar,5,80.0,HighSchool,Unemployed,Private,0,5735.68,756.96,4,0,355.34,0.0,435.34,1,1,4,4,Petrol,100.0,69.293,-30.71,0.693,1,34.78,0,1,1,17401548
32.0,Female,Married,Nizwa,5,80.0,HighSchool,Employed,Private,0,2794.3,1300.89,0,0,1559.48,0.0,1639.48,1,2,4,15,Diesel,100.0,77.469,-22.53,0.775,1,28.14,0,1,0,13747711
31.0,Male,Single,Sohar,6,80.0,Diploma,Employed,Private,0,1960.65,1871.53,0,0,0.0,0.0,80.0,1,3,8,4,Petrol,100.0,119.411,19.41,1.194,0,5.0,0,3,1,12931812
46.0,Female,Married,Nizwa,7,80.0,HighSchool,Unemployed,Government,1,4212.86,697.19,2,1,128.62,86.38,295.0,0,0,0,0,None,0.0,0.0,0.0,0.0,0,5.0,1,3,0,16899997
18.0,Female,Single,Muscat,8,80.0,None,Unemployed,None,0,3005.16,1249.49,0,0,0.0,0.0,80.0,1,1,4,11,Petrol,100.0,53.163,-46.84,0.532,0,5.0,1,0,1,12437450
25.0,Female,Single,Muscat,2,110.54,Diploma,Employed,None,0,5862.1,1253.59,0,0,0.0,0.0,110.54,1,1,4,9,Petrol,100.0,101.028,1.03,1.01,1,19.84,0,1,1,14636156
19.0,Female,Married,Dhofar,6,120.24,HighSchool,Unemployed,Private,1,3490.97,1479.05,2,0,235.96,0.0,356.2,1,2,6,9,Petrol,100.0,91.819,-8.18,0.918,1,10.03,0,1,1,12298214
20.0,Male,Single,Sohar,7,156.35,HighSchool,Student,SelfEmployed,1,2137.66,447.62,0,0,0.0,0.0,156.35,0,0,0,0,None,0.0,0.0,0.0,0.0,1,5.0,0,0,0,16189866
36.0,Male,Single,Sohar,4,80.0,HighSchool,Student,SelfEmployed,0,2157.76,721.4,0,0,0.0,0.0,80.0,1,1,6,9,Petrol,100.0,111.768,11.77,1.118,1,21.99,0,1,1,13706511
18.0,Male,Married,Sohar,4,80.0,Master,Student,Government,0,4626.23,1370.5,4,0,191.66,0.0,271.66,1,3,4,7,Diesel,100.0,77.573,-22.43,0.776,1,26.39,1,3,1,16659476
44.0,Male,Married,Muscat,5,80.0,HighSchool,Student,SelfEmployed,1,2433.7,1129.64,1,0,148.63,0.0,228.63,1,2,4,6,Diesel,100.0,110.969,10.97,1.11,1,7.99,1,1,1,13285550
32.0,Male,Widowed,Dhofar,5,80.0,HighSchool,Student,Government,0,1968.92,1762.79,3,0,0.0,0.0,80.0,1,1,4,2,Petrol,100.0,79.522,-20.48,0.795,0,5.0,0,0,1,16257236
36.0,Female,Married,Muscat,5,99.03,Diploma,Student,Private,0,7381.4,1434.99,1,1,330.1,181.57,610.7,1,3,8,8,Diesel,100.0,94.599,-5.4,0.946,1,12.58,0,0,1,16126416
39.0,Female,Married,Nizwa,3,80.0,Bachelor,Student,SelfEmployed,0,1702.1,2152.01,1,0,302.13,0.0,382.13,1,3,4,13,Diesel,100.0,85.161,-14.84,0.852,0,5.0,0,1,1,14506289
30.0,Male,Married,Sohar,4,141.97,None,Retired,Private,1,1564.44,673.95,1,0,113.8,0.0,255.77,0,0,0,0,None,0.0,0.0,0.0,0.0,0,5.0,1,0,0,15447153
47.0,Female,Divorced,Sohar,4,102.02,Diploma,Student,Government,0,3734.66,1716.34,3,1,0.0,58.06,160.08,1,1,6,7,Diesel,100.0,55.412,-44.59,0.554,1,32.18,0,0,1,11783504
33.0,Male,Married,Sohar,7,126.88,HighSchool,Employed,SelfEmployed,0,2360.22,660.56,2,0,217.02,0.0,343.9,0,0,0,0,None,0.0,0.0,0.0,0.0,1,22.94,0,0,0,17496430
42.0,Female,Single,Muscat,9,162.95,Bachelor,Unemployed,Government,0,3542.76,2935.22,0,0,0.0,0.0,162.95,1,1,4,7,Petrol,100.0,80.243,-19.76,0.802,0,5.0,0,3,1,17198921
33.0,Male,Single,Muscat,2,80.0,Diploma,Employed,SelfEmployed,1,2545.84,3953.28,0,0,0.0,0.0,80.0,1,3,6,11,Diesel,100.0,75.171,-24.83,0.752,1,17.48,0,0,1,12949542
38.0,Female,Single,Dhofar,5,84.01,Bachelor,Employed,Private,0,3222.25,1091.21,0,0,0.0,0.0,84.01,1,2,6,8,Diesel,100.0,83.671,-16.33,0.837,1,12.16,0,0,1,14216227
38.0,Female,Single,Muscat,2,80.0,None,Employed,Government,1,2919.26,1840.0,0,0,0.0,0.0,80.0,1,0,6,4,Petrol,100.0,105.487,5.49,1.055,1,31.31,0,0,1,19605536
38.0,Female,Single,Sohar,5,110.85,HighSchool,Employed,Government,1,2241.15,2742.89,0,0,0.0,0.0,110.85,1,0,4,7,Petrol,100.0,122.239,22.24,1.222,1,20.59,0,3,1,11273171
23.0,Female,Single,Muscat,5,127.91,Bachelor,Unemployed,SelfEmployed,0,4374.41,1568.54,0,0,0.0,0.0,127.91,1,0,4,1,Diesel,100.0,60.998,-39.0,0.61,0,5.0,0,0,1,15434827
40.0,Female,Divorced,Muscat,4,109.42,HighSchool,Student,None,0,2590.5,2151.95,4,1,0.0,127.99,237.41,1,1,8,8,Petrol,100.0,144.111,44.11,1.441,1,27.62,1,0,1,15315283
31.0,Female,Single,Muscat,3,96.15,None,Retired,SelfEmployed,1,3161.36,1129.96,0,0,0.0,0.0,96.15,1,1,8,10,Petrol,100.0,106.216,6.22,1.062,1,20.92,1,2,1,16794240
43.0,Male,Single,Muscat,7,82.45,Bachelor,Employed,Private,0,3799.34,5949.76,0,0,0.0,0.0,82.45,0,0,0,0,None,0.0,0.0,0.0,0.0,1,16.82,0,3,0,14456219
18.0,Female,Married,Dhofar,2,131.77,Master,Employed,Government,0,2138.3,1867.51,3,1,111.28,56.81,299.86,0,0,0,0,None,0.0,0.0,0.0,0.0,0,5.0,2,0,0,16882591
18.0,Female,Single,Nizwa,2,91.32,HighSchool,Employed,Government,0,2937.62,1616.54,0,0,0.0,0.0,91.32,0,0,0,0,None,0.0,0.0,0.0,0.0,1,21.02,1,2,0,11113800
39.0,Male,Single,Sur,1,166.4,HighSchool,Employed,Government,0,4981.19,3382.16,0,0,0.0,0.0,166.4,0,0,0,0,None,0.0,0.0,0.0,0.0,0,5.0,0,0,0,11522977
57.0,Female,Married,Muscat,9,947.62,HighSchool,Employed,Government,0,11429.84,3012.59,2,1,85.18,84.14,1116.94,1,4,4,6,Petrol,100.0,139.843,39.84,1.398,1,27.65,0,0,1,15333273
45.0,Female,Single,Muscat,4,1648.49,Diploma,Employed,SelfEmployed,1,15872.86,636.36,0,0,0.0,0.0,1648.49,1,2,6,4,Diesel,100.0,49.728,-50.27,0.497,0,5.0,0,2,0,11450244
27.0,Male,Widowed,Sohar,2,745.6,HighSchool,Employed,Private,1,10767.58,4256.35,3,0,0.0,0.0,745.6,1,0,4,12,Petrol,100.0,102.48,2.48,1.025,1,19.85,1,0,0,10226484
18.0,Female,Married,Muscat,7,1182.2,None,Unemployed,Private,1,15586.36,1707.19,2,0,328.84,0.0,1511.04,1,3,4,4,Petrol,100.0,147.044,47.04,1.47,1,19.75,1,1,1,14620437
44.0,Male,Married,Sur,5,1124.13,Diploma,Employed,Government,1,8716.29,559.03,0,0,364.72,0.0,1488.85,1,1,4,7,Petrol,100.0,86.711,-13.29,0.867,1,33.64,1,0,0,17004696
34.0,Male,Divorced,Nizwa,3,889.35,Bachelor,Student,Private,0,12178.62,1666.82,1,0,0.0,0.0,889.35,1,0,4,4,Petrol,100.0,58.703,-41.3,0.587,1,31.57,1,2,0,15219334
42.0,Male,Married,Muscat,1,693.85,Bachelor,Employed,Government,0,20808.08,996.33,0,0,185.68,0.0,879.53,1,1,4,10,Petrol,100.0,124.421,24.42,1.244,1,28.16,0,2,0,18756971
36.0,Male,Single,Muscat,2,1379.4,HighSchool,Unemployed,Government,0,26802.41,2693.97,0,0,0.0,0.0,1379.4,1,2,6,9,Petrol,100.0,97.174,-2.83,0.972,1,21.29,0,0,0,12720447
35.0,Female,Married,Muscat,7,1100.29,None,Employed,SelfEmployed,0,10833.91,3546.45,1,0,159.35,0.0,1259.64,1,0,4,6,Diesel,100.0,158.566,58.57,1.586,0,5.0,0,1,1,14492737
70.0,Male,Single,Muscat,4,1386.81,HighSchool,Employed,Government,1,11517.98,2004.96,0,0,0.0,0.0,1386.81,1,1,4,9,Diesel,100.0,137.415,37.41,1.374,1,18.14,0,1,0,11801209
35.0,Male,Married,Dhofar,6,1635.51,Diploma,Student,Government,0,11402.73,1309.13,0,0,258.31,0.0,1893.82,1,1,4,7,Petrol,100.0,84.965,-15.03,0.85,1,38.41,0,0,0,12553944
33.0,Female,Married,Nizwa,4,1303.15,Bachelor,Employed,Government,1,18950.48,1015.34,1,0,327.91,0.0,1631.06,0,0,0,0,None,0.0,0.0,0.0,0.0,1,33.48,0,1,0,15039210
34.0,Female,Divorced,Muscat,1,1389.02,Bachelor,Employed,Private,0,3841.42,2685.87,2,1,0.0,225.5,1614.52,1,1,6,6,Petrol,100.0,42.487,-57.51,0.425,1,29.43,1,2,0,16027990
28.0,Female,Single,Muscat,4,986.44,Bachelor,Employed,Private,0,25437.41,1807.7,0,0,0.0,0.0,986.44,0,0,0,0,None,0.0,0.0,0.0,0.0,1,45.85,1,0,0,16596382
47.0,Male,Married,Sur,3,1528.87,Diploma,Employed,Government,0,5748.56,788.43,3,0,793.8,0.0,2322.67,1,0,6,3,Diesel,100.0,50.521,-49.48,0.505,1,16.99,0,2,1,12629937
31.0,Male,Married,Muscat,3,1559.68,Bachelor,Student,SelfEmployed,0,9088.46,3370.34,2,0,296.37,0.0,1856.05,1,3,6,10,Diesel,100.0,72.983,-27.02,0.73,0,5.0,0,0,1,12287544
43.0,Female,Single,Muscat,4,1271.58,HighSchool,Employed,SelfEmployed,0,21351.55,1161.24,0,0,0.0,0.0,1271.58,1,2,6,9,Petrol,100.0,159.241,59.24,1.592,1,34.22,0,1,0,14099154
38.0,Female,Married,Sohar,4,1034.83,HighSchool,Employed,Government,1,11916.77,3002.55,2,0,568.89,0.0,1603.72,1,1,4,12,Diesel,100.0,82.702,-17.3,0.827,0,5.0,0,2,1,12184182
50.0,Female,Married,Dhofar,3,1116.3,HighSchool,Employed,Government,0,12324.14,1379.98,1,0,473.71,0.0,1590.01,1,3,4,9,Petrol,100.0,63.438,-36.56,0.634,1,34.75,0,4,1,12273266
40.0,Male,Single,Muscat,6,1146.8,HighSchool,Employed,Private,1,13284.74,1219.71,0,0,0.0,0.0,1146.8,1,3,8,9,Petrol,100.0,37.747,-62.25,0.377,0,5.0,0,1,0,19548989
20.0,Male,Single,Nizwa,4,1240.34,Diploma,Student,Government,0,14244.9,2254.74,0,0,0.0,0.0,1240.34,1,2,6,7,Petrol,100.0,86.288,-13.71,0.863,0,5.0,2,3,1,13368884
19.0,Female,Single,Nizwa,4,1098.32,Diploma,Student,Government,0,10382.38,8414.37,0,0,0.0,0.0,1098.32,1,0,6,14,Petrol,100.0,63.556,-36.44,0.636,0,5.0,0,0,1,17248928
52.0,Female,Single,Nizwa,4,1014.08,HighSchool,Employed,None,0,11011.4,2712.13,0,0,0.0,0.0,1014.08,1,2,4,11,Diesel,100.0,82.449,-17.55,0.824,1,23.59,0,0,0,13186081
28.0,Female,Widowed,Nizwa,3,1050.03,HighSchool,Employed,Government,0,24038.3,1163.81,1,0,0.0,0.0,1050.03,1,0,4,7,Petrol,100.0,68.151,-31.85,0.682,1,25.37,0,1,0,10343368
19.0,Male,Married,Sohar,4,1101.77,Bachelor,Student,SelfEmployed,0,23150.44,3533.52,1,0,126.31,0.0,1228.08,1,1,8,3,Petrol,100.0,117.626,17.63,1.176,1,35.37,0,2,1,10495754
27.0,Male,Single,Muscat,5,1468.53,Diploma,Employed,Government,1,47424.88,1644.94,0,0,0.0,0.0,1468.53,0,0,0,0,None,0.0,0.0,0.0,0.0,1,33.51,1,1,0,19816169
50.0,Male,Married,Nizwa,4,821.66,Bachelor,Employed,Private,0,29452.56,5607.7,4,0,123.18,0.0,944.84,0,0,0,0,None,0.0,0.0,0.0,0.0,1,22.54,1,3,0,13650396
18.0,Male,Married,Muscat,1,519.54,Diploma,Student,None,0,18081.58,700.91,1,0,274.0,0.0,793.54,1,0,4,5,Diesel,100.0,114.321,14.32,1.143,1,35.58,2,2,1,10084961
25.0,Male,Single,Nizwa,3,645.29,Diploma,Employed,Private,0,19977.58,6438.77,0,0,0.0,0.0,645.29,1,1,8,8,Petrol,100.0,74.89,-25.11,0.749,0,5.0,0,0,0,13789171
27.0,Female,Divorced,Muscat,3,1168.34,Master,Employed,Government,0,17004.09,3234.54,4,0,0.0,0.0,1168.34,1,3,6,9,Diesel,100.0,115.051,15.05,1.151,0,5.0,0,0,0,12649618
20.0,Male,Single,Dhofar,5,1184.27,Bachelor,Unemployed,Government,0,13334.33,1057.92,0,0,0.0,0.0,1184.27,1,0,4,10,Petrol,100.0,123.073,23.07,1.231,1,25.46,1,1,1,16720665
21.0,Male,Single,Dhofar,8,1452.43,Diploma,Unemployed,Private,0,5702.83,883.84,0,0,0.0,0.0,1452.43,0,0,0,0,None,0.0,0.0,0.0,0.0,1,34.37,0,2,0,19173240
18.0,Female,Single,Muscat,3,1845.83,HighSchool,Student,Private,0,14592.36,3923.74,0,0,0.0,0.0,1845.83,0,0,0,0,None,0.0,0.0,0.0,0.0,1,16.97,0,0,0,18943274
29.0,Male,Divorced,Sur,5,1051.9,HighSchool,Unemployed,Private,1,8026.6,1426.37,0,0,0.0,0.0,1051.9,1,3,6,10,Petrol,100.0,94.939,-5.06,0.949,0,5.0,0,0,0,10803877
31.0,Male,Single,Sohar,3,1418.81,Master,Unemployed,Government,1,16000.9,883.97,0,0,0.0,0.0,1418.81,0,0,0,0,None,0.0,0.0,0.0,0.0,1,24.45,0,1,0,10039177
27.0,Male,Divorced,Nizwa,2,926.8,Master,Retired,Government,0,21019.07,2269.67,4,0,0.0,0.0,926.8,1,1,8,6,Petrol,100.0,119.889,19.89,1.199,1,23.01,0,1,0,18547156
18.0,Female,Single,Sohar,3,1431.78,Bachelor,Employed,Private,0,4760.65,2898.4,0,0,0.0,0.0,1431.78,1,1,4,4,Petrol,100.0,70.538,-29.46,0.705,1,21.76,0,0,0,11804019
50.0,Male,Married,Muscat,8,1186.32,HighSchool,Retired,Private,0,20285.39,2860.35,3,1,290.18,71.29,1547.79,1,0,4,5,Petrol,100.0,105.47,5.47,1.055,1,38.33,0,2,1,11446773
19.0,Female,Single,Sohar,1,742.47,Bachelor,Student,Government,1,10648.92,886.33,0,0,0.0,0.0,742.47,1,2,6,7,Petrol,100.0,65.027,-34.97,0.65,0,5.0,1,1,1,19465678
38.0,Female,Married,Muscat,5,1198.95,Diploma,Employed,Private,0,20839.08,1293.28,3,3,137.8,413.21,1749.96,0,0,0,0,None,0.0,0.0,0.0,0.0,1,32.19,1,1,0,11792410
22.0,Female,Single,Muscat,6,1257.82,HighSchool,Student,Government,0,19733.56,2168.02,0,0,0.0,0.0,1257.82,1,2,4,9,Petrol,100.0,131.533,31.53,1.315,1,28.54,0,0,1,18588976
43.0,Female,Married,Muscat,4,1217.14,HighSchool,Employed,Government,0,6879.43,894.0,0,0,180.77,0.0,1397.91,1,2,4,4,Petrol,100.0,130.241,30.24,1.302,1,28.74,0,1,0,17846733
46.0,Male,Married,Sohar,5,1018.51,Bachelor,Unemployed,Government,1,9343.43,1720.3,2,1,206.75,97.66,1322.92,1,1,4,8,Petrol,100.0,134.366,34.37,1.344,0,5.0,0,1,1,12005983
24.0,Female,Single,Sohar,4,1543.63,Bachelor,Unemployed,Government,0,15747.25,1992.08,0,0,0.0,0.0,1543.63,1,1,8,7,Petrol,100.0,127.243,27.24,1.272,1,26.61,0,0,1,18954239
18.0,Female,Single,Nizwa,5,1443.61,Bachelor,Unemployed,SelfEmployed,0,5094.9,2011.44,0,0,0.0,0.0,1443.61,1,1,6,7,Diesel,100.0,87.244,-12.76,0.872,1,25.24,0,1,1,16251181
43.0,Male,Married,Sohar,2,1308.2,Diploma,Employed,Private,1,10930.11,508.96,5,1,192.47,126.97,1627.64,0,0,0,0,None,0.0,0.0,0.0,0.0,0,5.0,0,2,0,14607342
58.0,Female,Married,Sohar,5,892.76,Bachelor,Unemployed,Government,0,28044.95,1436.16,2,0,368.95,0.0,1261.71,1,0,8,2,Diesel,100.0,129.382,29.38,1.294,1,14.14,0,1,1,14881938
40.0,Female,Married,Muscat,2,983.84,HighSchool,Employed,Private,0,21036.28,1199.11,2,0,282.27,0.0,1266.11,1,3,6,4,Petrol,100.0,48.894,-51.11,0.489,1,22.1,0,2,1,10384836
37.0,Female,Single,Sur,1,1348.26,Bachelor,Employed,Government,0,30976.69,1235.0,0,0,0.0,0.0,1348.26,0,0,0,0,None,0.0,0.0,0.0,0.0,1,30.24,1,1,0,18696209
45.0,Female,Married,Nizwa,3,1613.5,HighSchool,Employed,Government,1,8614.42,5450.27,3,1,412.76,63.94,2090.2,1,0,4,9,Petrol,100.0,96.488,-3.51,0.965,0,5.0,0,0,1,13153052
44.0,Male,Single,Sur,7,1411.41,Bachelor,Employed,SelfEmployed,0,7785.72,2770.53,0,0,0.0,0.0,1411.41,1,0,4,6,Diesel,100.0,75.484,-24.52,0.755,1,20.81,0,2,0,12784751
25.0,Male,Married,Muscat,4,1047.4,HighSchool,Employed,Private,0,16028.43,1390.57,4,0,214.8,0.0,1262.2,0,0,0,0,None,0.0,0.0,0.0,0.0,1,13.17,0,0,0,10152932
27.0,Male,Married,Muscat,5,1149.67,Bachelor,Student,Government,1,8529.81,5160.44,3,1,167.13,68.17,1384.97,0,0,0,0,None,0.0,0.0,0.0,0.0,0,5.0,0,0,0,12618824
42.0,Male,Married,Sohar,4,1472.92,Bachelor,Employed,Government,0,5872.68,5539.19,3,1,285.45,140.91,1899.28,1,1,4,4,Petrol,100.0,88.726,-11.27,0.887,1,35.83,1,2,1,13491736
33.0,Male,Single,Nizwa,2,712.8,Bachelor,Unemployed,Government,1,26438.36,1780.65,0,0,0.0,0.0,712.8,0,0,0,0,None,0.0,0.0,0.0,0.0,1,12.07,0,1,0,10446714
51.0,Male,Married,Nizwa,3,681.08,Bachelor,Employed,Government,0,21749.91,1166.13,2,1,596.29,165.28,1442.65,0,0,0,0,None,0.0,0.0,0.0,0.0,1,27.01,0,4,0,16593099
27.0,Male,Married,Muscat,3,1417.33,Diploma,Unemployed,Government,0,10711.39,2927.0,1,0,495.38,0.0,1912.71,1,0,8,13,Petrol,100.0,109.636,9.64,1.096,1,29.47,1,3,1,11420623
44.0,Male,Single,Dhofar,1,1143.44,HighSchool,Unemployed,SelfEmployed,1,16273.23,725.65,0,0,0.0,0.0,1143.44,0,0,0,0,None,0.0,0.0,0.0,0.0,0,5.0,0,1,0,12652161
39.0,Male,Married,Muscat,6,820.21,HighSchool,Student,Government,0,31851.79,2234.49,5,2,321.37,146.91,1288.49,1,1,6,4,Petrol,100.0,136.335,36.34,1.363,1,23.9,2,3,1,14797648
33.0,Male,Married,Sohar,5,1045.51,HighSchool,Employed,Private,0,7608.98,1513.12,3,0,115.1,0.0,1160.61,0,0,0,0,None,0.0,0.0,0.0,0.0,1,25.97,0,0,0,16520187
49.0,Female,Married,Sohar,4,997.23,Bachelor,Retired,Government,0,28173.82,591.98,1,0,176.56,0.0,1173.79,0,0,0,0,None,0.0,0.0,0.0,0.0,1,27.59,0,1,0,11856853
43.0,Male,Single,Muscat,1,1253.55,Diploma,Employed,Government,0,6323.13,5161.11,0,0,0.0,0.0,1253.55,1,2,4,8,Diesel,100.0,45.99,-54.01,0.46,1,21.79,0,2,0,19274801
23.0,Male,Single,Sohar,3,1064.91,Diploma,Unemployed,SelfEmployed,1,6084.71,956.91,0,0,0.0,0.0,1064.91,1,1,6,7,Petrol,100.0,136.107,36.11,1.361,0,5.0,0,0,1,15181845
43.0,Male,Married,Muscat,4,1233.05,Bachelor,Employed,Government,1,13394.76,387.6,3,2,190.28,277.55,1700.88,1,0,4,9,Petrol,100.0,47.103,-52.9,0.471,0,5.0,0,3,1,14661387
51.0,Male,Single,Muscat,3,1577.61,None,Retired,Government,1,9008.09,1652.59,0,0,0.0,0.0,1577.61,1,1,6,7,Petrol,100.0,141.344,41.34,1.413,1,28.25,0,0,0,17473922
33.0,Male,Single,Sur,5,1160.0,HighSchool,Unemployed,Government,0,11370.55,687.14,0,0,0.0,0.0,1160.0,1,2,4,8,Diesel,100.0,91.117,-8.88,0.911,1,27.02,0,0,0,12071095
32.0,Male,Single,Muscat,3,1070.63,HighSchool,Unemployed,Private,1,10380.98,6334.79,0,0,0.0,0.0,1070.63,0,0,0,0,None,0.0,0.0,0.0,0.0,0,5.0,2,0,0,12811885
27.0,Male,Divorced,Dhofar,5,948.55,None,Student,Government,0,21296.83,1271.07,3,0,0.0,0.0,948.55,1,0,6,12,Petrol,100.0,57.664,-42.34,0.577,0,5.0,0,1,0,19227141
35.0,Female,Married,Sur,5,959.67,HighSchool,Employed,Government,0,9305.73,8831.0,3,1,389.86,90.05,1439.58,1,1,4,10,Petrol,100.0,43.92,-56.08,0.439,0,5.0,1,0,1,17038564
43.0,Male,Married,Sohar,1,1069.95,Diploma,Employed,None,1,5669.91,527.69,3,1,878.8,99.95,2048.7,1,1,6,2,Diesel,100.0,148.825,48.82,1.488,1,33.04,0,0,1,19458565
25.0,Male,Single,Dhofar,4,1408.5,None,Student,Government,0,11249.52,9310.68,0,0,0.0,0.0,1408.5,1,0,6,6,Petrol,100.0,83.334,-16.67,0.833,1,18.84,0,0,0,16275370
19.0,Male,Single,Sur,6,1338.79,HighSchool,Student,Government,0,50727.11,1695.28,0,0,0.0,0.0,1338.79,1,0,4,7,Diesel,100.0,135.002,35.0,1.35,0,5.0,1,0,1,11349056
30.0,Female,Married,Muscat,2,658.33,HighSchool,Retired,Government,1,6042.65,1470.03,1,0,175.54,0.0,833.87,1,0,6,6,Petrol,100.0,55.734,-44.27,0.557,0,5.0,1,0,1,17553038
18.0,Female,Single,Dhofar,6,1664.08,Diploma,Unemployed,Private,1,13200.52,1749.96,0,0,0.0,0.0,1664.08,1,1,4,9,Petrol,100.0,68.885,-31.11,0.689,0,5.0,0,3,1,18996384
41.0,Female,Single,Sohar,6,936.89,Bachelor,Employed,Private,0,5594.73,3505.12,0,0,0.0,0.0,936.89,1,0,6,9,Petrol,100.0,80.942,-19.06,0.809,0,5.0,1,0,0,11246221
30.0,Male,Married,Sohar,6,937.76,HighSchool,Unemployed,None,0,4737.77,1043.07,1,0,203.47,0.0,1141.23,1,0,4,8,Petrol,100.0,96.129,-3.87,0.961,1,31.5,0,1,1,12921491
18.0,Male,Single,Muscat,5,1050.06,HighSchool,Employed,Government,0,8275.12,3507.86,0,0,0.0,0.0,1050.06,1,2,4,5,Petrol,100.0,103.882,3.88,1.039,1,20.46,0,0,0,17812612
31.0,Female,Married,Dhofar,6,1718.62,Diploma,Unemployed,Government,0,19875.93,1226.84,4,0,345.72,0.0,2064.34,1,1,4,9,Petrol,100.0,122.919,22.92,1.229,1,29.7,2,0,1,11281754
33.0,Male,Married,Sohar,9,1292.96,HighSchool,Employed,Private,1,27367.92,1235.38,2,0,331.93,0.0,1624.89,1,1,8,3,Petrol,100.0,35.175,-64.82,0.352,1,5.0,0,2,1,19717271
40.0,Female,Married,Dhofar,5,1170.1,Bachelor,Employed,Government,1,12742.35,1624.26,3,2,179.54,218.43,1568.07,1,1,4,7,Petrol,100.0,116.95,16.95,1.17,0,5.0,2,3,1,11180766
33.0,Female,Married,Nizwa,5,926.07,Diploma,Employed,Private,0,10937.85,3226.11,1,0,308.72,0.0,1234.79,1,2,4,7,Petrol,100.0,71.92,-28.08,0.719,1,24.84,0,1,1,10255292
57.0,Male,Married,Nizwa,4,1154.74,None,Retired,Government,0,16352.66,1022.5,2,0,580.71,0.0,1735.45,1,1,4,6,Petrol,100.0,60.126,-39.87,0.601,1,25.64,0,2,1,17594500
29.0,Male,Single,Sur,3,1784.5,Diploma,Unemployed,Government,0,8384.36,7518.28,0,0,0.0,0.0,1784.5,1,3,6,6,Diesel,100.0,112.212,12.21,1.122,0,5.0,0,3,0,10049272
34.0,Male,Single,Muscat,6,1362.3,Diploma,Employed,Private,1,11187.29,1328.0,0,0,0.0,0.0,1362.3,0,0,0,0,None,0.0,0.0,0.0,0.0,1,27.29,1,1,0,10884425
34.0,Female,Married,Muscat,4,967.74,Bachelor,Unemployed,Private,0,18442.68,9184.21,3,1,128.68,145.53,1241.95,1,3,4,6,Petrol,100.0,99.551,-0.45,0.996,1,30.89,0,0,1,16745973
32.0,Male,Married,Muscat,2,997.48,Bachelor,Employed,SelfEmployed,0,4623.12,1037.58,5,0,225.62,0.0,1223.1,1,2,4,7,Diesel,100.0,42.542,-57.46,0.425,0,5.0,0,0,1,17631516
37.0,Female,Married,Sohar,4,1282.08,Bachelor,Employed,Government,0,8464.14,10280.7,6,1,240.87,130.04,1652.99,1,0,4,8,Petrol,100.0,113.594,13.59,1.136,1,23.69,1,0,1,18854893
41.0,Male,Married,Muscat,3,1389.39,Bachelor,Retired,Private,0,10764.52,4153.46,2,0,541.97,0.0,1931.36,1,3,4,9,Petrol,100.0,96.002,-4.0,0.96,0,5.0,0,1,1,12396185
51.0,Male,Married,Sohar,3,755.9,Diploma,Student,Private,0,15771.61,6347.04,3,0,303.05,0.0,1058.95,1,1,4,13,Petrol,100.0,116.034,16.03,1.16,1,30.25,1,3,1,18138780
18.0,Male,Single,Sohar,2,1217.34,Diploma,Employed,Government,0,4545.83,767.64,0,0,0.0,0.0,1217.34,1,1,4,9,Petrol,100.0,93.339,-6.66,0.933,0,5.0,0,0,0,14187837
29.0,Male,Single,Muscat,6,1316.98,HighSchool,Unemployed,Private,0,4035.09,1070.43,0,0,0.0,0.0,1316.98,1,2,6,10,Petrol,100.0,71.838,-28.16,0.718,1,30.33,0,3,0,17736955
30.0,Female,Married,Nizwa,3,1478.33,HighSchool,Retired,Government,0,3472.18,1006.53,2,0,206.1,0.0,1684.43,1,2,6,4,Petrol,100.0,52.778,-47.22,0.528,1,25.58,0,1,1,11430176
46.0,Male,Married,Muscat,2,738.68,Diploma,Student,Private,0,7388.72,1925.13,3,0,120.8,0.0,859.48,1,1,8,11,Petrol,100.0,81.764,-18.24,0.818,1,26.88,0,1,1,17278375
31.0,Female,Single,Muscat,2,1792.13,Diploma,Employed,Government,0,18556.18,3278.44,0,0,0.0,0.0,1792.13,0,0,0,0,None,0.0,0.0,0.0,0.0,1,31.53,0,0,0,16526697
18.0,Male,Single,Muscat,5,978.38,Bachelor,Student,Government,0,15728.6,4047.57,0,0,0.0,0.0,978.38,1,1,6,6,Petrol,100.0,85.144,-14.86,0.851,0,5.0,0,0,1,14084122
36.0,Male,Single,Sur,5,968.57,HighSchool,Student,Government,0,20437.01,2830.12,0,0,0.0,0.0,968.57,1,1,6,6,Petrol,100.0,60.813,-39.19,0.608,1,17.34,0,3,0,14577858
35.0,Male,Married,Sohar,4,950.03,Bachelor,Retired,Government,0,10843.14,3077.94,4,1,183.36,95.55,1228.94,1,1,8,10,Petrol,100.0,82.153,-17.85,0.822,1,12.88,0,0,1,11742614
37.0,Male,Married,Sohar,2,1276.29,HighSchool,Employed,SelfEmployed,0,10882.79,5450.14,2,0,176.17,0.0,1452.46,0,0,0,0,None,0.0,0.0,0.0,0.0,1,27.3,0,4,0,13938301
23.0,Male,Single,Muscat,3,822.04,Diploma,Student,Government,1,11052.87,2006.22,0,0,0.0,0.0,822.04,0,0,0,0,None,0.0,0.0,0.0,0.0,1,22.73,0,1,0,16104437
56.0,Male,Single,Dhofar,1,1621.09,Bachelor,Employed,Private,0,8994.62,1479.24,0,0,0.0,0.0,1621.09,1,0,4,7,Petrol,100.0,91.773,-8.23,0.918,0,5.0,1,0,0,18046730
31.0,Male,Single,Nizwa,5,962.14,Bachelor,Student,Government,0,54931.17,3136.41,0,0,0.0,0.0,962.14,0,0,0,0,None,0.0,0.0,0.0,0.0,1,39.11,2,1,0,15970252
33.0,Male,Divorced,Muscat,5,1137.75,HighSchool,Employed,Private,1,15121.23,2849.97,3,0,0.0,0.0,1137.75,0,0,0,0,None,0.0,0.0,0.0,0.0,1,26.3,0,1,0,14590150
24.0,Male,Single,Nizwa,3,764.02,Bachelor,Unemployed,Government,0,7161.54,757.31,0,0,0.0,0.0,764.02,1,2,4,15,Petrol,100.0,129.524,29.52,1.295,1,33.94,0,0,1,17187896
24.0,Female,Married,Muscat,3,943.43,HighSchool,Unemployed,SelfEmployed,0,10561.54,2248.64,2,0,145.93,0.0,1089.36,1,0,4,8,Petrol,100.0,130.918,30.92,1.309,1,35.9,0,5,1,16915682
20.0,Male,Single,Nizwa,1,495.97,None,Unemployed,Government,0,20691.93,11845.6,0,0,0.0,0.0,495.97,1,0,4,11,Diesel,100.0,86.529,-13.47,0.865,1,21.68,0,1,1,19446855
30.0,Male,Married,Muscat,3,1091.39,None,Unemployed,SelfEmployed,0,3769.24,2087.13,4,1,162.91,45.27,1299.57,1,3,4,6,Petrol,100.0,121.583,21.58,1.216,1,32.81,1,2,1,17819889
24.0,Female,Married,Nizwa,4,1069.06,Bachelor,Unemployed,Government,1,10234.9,4172.07,0,0,304.12,0.0,1373.18,0,0,0,0,None,0.0,0.0,0.0,0.0,0,5.0,0,1,0,10708381
60.0,Male,Single,Sohar,8,571.61,HighSchool,Employed,Government,0,23378.28,1746.69,0,0,0.0,0.0,571.61,1,2,6,5,Diesel,100.0,83.096,-16.9,0.831,1,31.52,0,3,1,16148811
18.0,Male,Single,Sur,1,1044.45,Bachelor,Unemployed,Government,0,17255.99,6351.13,0,0,0.0,0.0,1044.45,0,0,0,0,None,0.0,0.0,0.0,0.0,1,25.81,0,1,0,17111844
21.0,Male,Married,Muscat,5,1251.22,HighSchool,Student,SelfEmployed,0,9136.7,3096.2,2,0,242.37,0.0,1493.59,1,1,6,7,Petrol,100.0,136.913,36.91,1.369,1,17.3,0,1,1,19613907
30.0,Male,Married,Muscat,5,1506.37,HighSchool,Employed,Private,0,20177.56,1327.42,1,0,163.34,0.0,1669.71,1,3,8,7,Petrol,100.0,70.064,-29.94,0.701,1,38.89,0,0,1,17603708
43.0,Female,Married,Muscat,4,827.61,HighSchool,Employed,Government,0,11262.7,4006.33,1,0,226.71,0.0,1054.32,0,0,0,0,None,0.0,0.0,0.0,0.0,1,21.67,1,1,0,15508779
30.0,Male,Married,Muscat,3,554.59,Diploma,Student,SelfEmployed,1,6667.23,7432.2,0,0,281.26,0.0,835.85,0,0,0,0,None,0.0,0.0,0.0,0.0,1,29.9,0,0,0,10432936
43.0,Male,Single,Nizwa,2,1063.18,Bachelor,Student,None,0,10638.4,3098.81,0,0,0.0,0.0,1063.18,1,3,4,5,Diesel,100.0,97.599,-2.4,0.976,1,34.32,0,1,0,12190125
23.0,Male,Single,Sohar,3,1638.35,Diploma,Student,SelfEmployed,0,26562.74,2141.73,0,0,0.0,0.0,1638.35,0,0,0,0,None,0.0,0.0,0.0,0.0,1,20.88,0,0,0,17617839
36.0,Male,Married,Sohar,3,1003.85,Diploma,Retired,Government,0,15727.33,3292.94,1,0,166.98,0.0,1170.83,1,4,6,6,Petrol,100.0,65.422,-34.58,0.654,1,26.74,0,0,1,15418797
56.0,Female,Single,Dhofar,3,958.62,HighSchool,Employed,Private,0,11835.28,2473.66,0,0,0.0,0.0,958.62,1,1,4,4,Diesel,100.0,145.007,45.01,1.45,1,15.12,2,4,0,16871282
23.0,Male,Single,Muscat,8,1425.22,HighSchool,Student,Government,0,4841.74,3735.95,0,0,0.0,0.0,1425.22,1,0,4,11,Diesel,100.0,39.733,-60.27,0.397,1,26.41,0,0,1,12445569
40.0,Male,Single,Dhofar,3,986.23,HighSchool,Employed,Government,1,9744.24,1600.33,0,0,0.0,0.0,986.23,1,1,8,5,Diesel,100.0,78.068,-21.93,0.781,0,5.0,0,1,0,17925032
37.0,Male,Married,Muscat,1,991.32,Diploma,Unemployed,None,0,19236.17,1024.0,0,0,171.22,0.0,1162.54,1,0,4,5,Petrol,100.0,81.061,-18.94,0.811,1,22.67,0,0,0,10833270
18.0,Female,Single,Sur,1,895.68,HighSchool,Student,Private,0,20644.1,4330.64,0,0,0.0,0.0,895.68,1,2,8,10,Petrol,100.0,57.451,-42.55,0.575,1,35.87,0,0,1,19722803
28.0,Male,Married,Sur,3,1134.56,HighSchool,Student,Private,0,4418.77,9620.95,0,0,290.53,0.0,1425.09,1,2,6,4,Petrol,100.0,62.788,-37.21,0.628,0,5.0,0,2,0,17563620
49.0,Male,Married,Muscat,6,1094.73,HighSchool,Student,None,0,6352.83,2753.7,1,0,303.37,0.0,1398.1,1,2,8,10,Petrol,100.0,115.768,15.77,1.158,0,5.0,0,2,1,16844595
37.0,Male,Single,Muscat,4,1148.79,Bachelor,Employed,Government,0,10291.27,2069.67,0,0,0.0,0.0,1148.79,1,4,4,7,Diesel,100.0,84.658,-15.34,0.847,1,23.91,1,1,0,12644975
20.0,Male,Married,Muscat,6,1130.86,Master,Student,Private,0,9609.36,15465.03,1,0,179.44,0.0,1310.3,1,0,8,5,Petrol,100.0,77.607,-22.39,0.776,1,26.81,0,1,1,17984882
43.0,Male,Single,Sohar,6,632.76,HighSchool,Employed,Government,0,17507.93,4424.84,0,0,0.0,0.0,632.76,1,2,4,7,Diesel,100.0,128.536,28.54,1.285,1,34.97,0,1,0,13136404
29.0,Female,Married,Nizwa,2,1294.65,Bachelor,Unemployed,Private,1,4700.59,4134.39,2,0,242.25,0.0,1536.9,1,1,8,10,Petrol,100.0,71.035,-28.97,0.71,0,5.0,0,0,1,18469922
39.0,Male,Married,Muscat,4,682.32,HighSchool,Student,SelfEmployed,0,7838.29,2514.1,2,0,342.69,0.0,1025.01,1,1,4,9,Diesel,100.0,122.109,22.11,1.221,1,24.4,0,2,1,19883427
40.0,Female,Single,Sohar,3,1009.8,Bachelor,Employed,Government,0,19724.52,1410.58,0,0,0.0,0.0,1009.8,1,4,4,6,Petrol,100.0,70.402,-29.6,0.704,1,35.72,0,2,0,18579965
22.0,Male,Single,Sur,2,1475.42,HighSchool,Student,Private,0,20833.52,1550.36,0,0,0.0,0.0,1475.42,1,1,4,5,Petrol,100.0,74.823,-25.18,0.748,1,35.15,0,1,1,14005577
44.0,Male,Divorced,Sohar,6,1278.62,Bachelor,Employed,SelfEmployed,1,5017.49,1745.41,3,1,0.0,119.92,1398.54,1,2,4,6,Petrol,100.0,95.071,-4.93,0.951,1,26.14,1,0,0,19048134
23.0,Male,Married,Muscat,2,1559.64,HighSchool,Student,Government,0,17284.35,752.15,1,0,309.76,0.0,1869.4,1,0,4,2,Petrol,100.0,40.426,-59.57,0.404,1,25.87,1,0,1,14413120
19.0,Male,Single,Sohar,1,956.08,Diploma,Student,SelfEmployed,0,5127.89,1715.02,0,0,0.0,0.0,956.08,0,0,0,0,None,0.0,0.0,0.0,0.0,0,5.0,1,0,0,18219492
24.0,Male,Single,Muscat,3,933.48,Bachelor,Unemployed,Private,0,17257.29,2222.82,0,0,0.0,0.0,933.48,1,2,4,11,Diesel,100.0,87.576,-12.42,0.876,0,5.0,0,2,1,19205986
31.0,Male,Divorced,Nizwa,3,1452.69,HighSchool,Employed,Government,0,18200.26,1643.83,1,0,0.0,0.0,1452.69,1,2,8,4,Petrol,100.0,132.648,32.65,1.326,1,19.48,0,0,0,13839717
36.0,Female,Married,Dhofar,5,1145.14,Bachelor,Employed,Private,0,13285.15,2489.16,1,1,137.71,278.65,1561.5,1,2,6,6,Petrol,100.0,100.443,0.44,1.004,1,31.52,0,0,1,17900662
26.0,Male,Married,Dhofar,5,1723.1,Bachelor,Retired,Government,0,6681.51,1895.29,0,0,226.13,0.0,1949.23,1,1,4,9,Diesel,100.0,44.433,-55.57,0.444,1,34.4,0,2,0,19832640
44.0,Male,Married,Muscat,9,823.84,Bachelor,Retired,Government,1,3644.69,2241.67,1,0,190.97,0.0,1014.81,1,2,6,6,Petrol,100.0,35.739,-64.26,0.357,0,5.0,1,1,1,18594820
38.0,Male,Single,Muscat,2,1319.99,HighSchool,Employed,SelfEmployed,0,28361.73,1294.75,0,0,0.0,0.0,1319.99,1,4,4,10,Petrol,100.0,78.195,-21.81,0.782,1,36.21,1,2,0,12034160
27.0,Male,Single,Muscat,9,1290.83,HighSchool,Unemployed,None,0,4970.71,1602.52,0,0,0.0,0.0,1290.83,1,2,6,4,Diesel,100.0,83.265,-16.74,0.833,0,5.0,0,1,0,14683566
46.0,Female,Married,Dhofar,7,1457.39,None,Employed,SelfEmployed,0,8029.59,1994.84,1,0,181.95,0.0,1639.34,0,0,0,0,None,0.0,0.0,0.0,0.0,1,20.03,0,0,0,14450008
49.0,Male,Married,Sohar,2,1287.18,Bachelor,Student,SelfEmployed,1,10211.98,1191.02,5,3,173.91,951.77,2412.86,1,0,6,6,Petrol,100.0,50.344,-49.66,0.503,1,44.74,0,0,1,12125035
34.0,Female,Single,Sur,2,1313.2,Master,Employed,None,0,12235.85,1874.62,0,0,0.0,0.0,1313.2,0,0,0,0,None,0.0,0.0,0.0,0.0,1,7.19,2,1,0,12195884
32.0,Male,Single,Dhofar,5,1152.78,Bachelor,Retired,Government,0,16512.91,1298.83,0,0,0.0,0.0,1152.78,1,3,6,11,Petrol,100.0,96.904,-3.1,0.969,1,26.33,1,2,0,10656388
18.0,Male,Married,Muscat,9,1396.16,HighSchool,Unemployed,Government,1,15519.05,4278.53,3,0,123.62,0.0,1519.78,1,1,4,8,Petrol,100.0,119.349,19.35,1.193,1,43.08,1,1,1,16943645
30.0,Female,Married,Nizwa,3,961.06,Bachelor,Employed,SelfEmployed,0,13631.49,1686.32,1,1,683.2,98.3,1742.56,0,0,0,0,None,0.0,0.0,0.0,0.0,1,22.3,0,1,0,10798140
32.0,Male,Married,Sohar,3,1380.24,Diploma,Employed,Private,0,10608.81,2862.31,4,0,244.0,0.0,1624.24,1,2,8,3,Petrol,100.0,155.822,55.82,1.558,1,34.62,0,2,1,11261053
38.0,Female,Married,Muscat,6,1666.1,None,Employed,Government,1,6954.97,1347.2,2,0,449.01,0.0,2115.11,0,0,0,0,None,0.0,0.0,0.0,0.0,1,41.63,0,1,0,11369895
33.0,Female,Married,Nizwa,5,893.06,Bachelor,Employed,Government,1,21770.76,1723.99,1,0,269.31,0.0,1162.37,1,5,6,9,Diesel,100.0,109.567,9.57,1.096,0,5.0,0,1,1,15197966
38.0,Male,Married,Sur,2,1315.08,None,Student,Government,1,15113.38,1874.1,1,0,76.09,0.0,1391.17,1,1,4,6,Petrol,100.0,148.756,48.76,1.488,0,5.0,1,0,1,12693488
53.0,Male,Married,Dhofar,2,1232.74,None,Retired,SelfEmployed,0,18389.06,831.74,2,0,299.08,0.0,1531.82,1,3,4,14,Petrol,100.0,83.895,-16.11,0.839,1,22.11,4,3,1,14545529
29.0,Male,Married,Dhofar,4,820.55,Bachelor,Student,Government,0,10520.38,629.39,1,0,630.4,0.0,1450.95,0,0,0,0,None,0.0,0.0,0.0,0.0,0,5.0,0,0,0,17773738
29.0,Female,Single,Nizwa,3,1133.8,Bachelor,Student,Government,1,18559.93,774.86,0,0,0.0,0.0,1133.8,1,3,6,2,Petrol,100.0,4.901,-95.1,0.049,0,5.0,0,3,0,13602750
19.0,Female,Single,Muscat,3,1372.11,HighSchool,Student,Government,0,2769.87,3233.41,0,0,0.0,0.0,1372.11,0,0,0,0,None,0.0,0.0,0.0,0.0,0,5.0,1,0,0,12295259
35.0,Female,Divorced,Dhofar,4,1331.83,HighSchool,Unemployed,Private,0,22914.82,2867.22,1,1,0.0,113.55,1445.38,1,3,6,5,Diesel,100.0,109.991,9.99,1.1,1,40.73,0,1,0,10773804
47.0,Male,Single,Muscat,4,841.87,HighSchool,Employed,Private,0,10644.14,1639.63,0,0,0.0,0.0,841.87,0,0,0,0,None,0.0,0.0,0.0,0.0,1,15.26,1,1,0,14217935
18.0,Male,Single,Sur,9,1184.79,Diploma,Unemployed,Government,0,9119.79,601.79,0,0,0.0,0.0,1184.79,1,2,6,5,Petrol,100.0,94.644,-5.36,0.946,1,13.21,0,1,1,18171184
27.0,Female,Married,Muscat,4,1243.97,Diploma,Unemployed,Government,0,8711.7,3354.32,2,1,248.97,54.35,1547.29,1,0,4,10,Petrol,100.0,57.132,-42.87,0.571,1,21.35,1,1,1,14581364
35.0,Male,Single,Muscat,5,1377.43,Bachelor,Employed,Private,0,8180.71,1321.2,0,0,0.0,0.0,1377.43,0,0,0,0,None,0.0,0.0,0.0,0.0,0,5.0,0,1,0,12676099
45.0,Male,Widowed,Dhofar,3,1117.22,Bachelor,Unemployed,Government,0,12120.77,2380.71,3,0,0.0,0.0,1117.22,1,3,4,4,Petrol,100.0,52.052,-47.95,0.521,0,5.0,0,1,0,13096859
40.0,Male,Married,Muscat,4,933.02,Master,Employed,Private,0,13699.09,2499.62,2,0,199.0,0.0,1132.02,1,1,6,9,Petrol,100.0,82.288,-17.71,0.823,0,5.0,0,1,1,10170258
39.0,Female,Single,Sur,1,1436.7,Diploma,Unemployed,SelfEmployed,1,31475.97,4688.61,0,0,0.0,0.0,1436.7,0,0,0,0,None,0.0,0.0,0.0,0.0,1,13.81,0,0,0,11770108
32.0,Male,Single,Dhofar,4,778.54,HighSchool,Employed,Private,0,12258.87,2031.77,0,0,0.0,0.0,778.54,0,0,0,0,None,0.0,0.0,0.0,0.0,0,5.0,0,2,0,11033817
41.0,Male,Married,Sohar,7,909.72,HighSchool,Student,Private,1,5970.97,151.57,2,1,203.49,46.24,1159.45,0,0,0,0,None,0.0,0.0,0.0,0.0,1,28.57,0,1,0,12680307
47.0,Male,Single,Nizwa,1,1331.64,HighSchool,Unemployed,Government,0,46598.08,3097.16,0,0,0.0,0.0,1331.64,1,1,6,5,Petrol,100.0,68.107,-31.89,0.681,1,12.84,0,0,0,19424257
18.0,Male,Single,Muscat,5,1199.9,Diploma,Student,Private,0,11699.41,1096.57,0,0,0.0,0.0,1199.9,1,3,8,7,Petrol,100.0,107.123,7.12,1.071,1,10.49,0,0,1,18523542
44.0,Male,Married,Nizwa,6,1145.56,HighSchool,Student,Private,1,10913.91,685.01,3,1,223.71,64.25,1433.52,1,2,6,12,Petrol,100.0,141.545,41.54,1.415,1,10.0,0,1,1,17556144
34.0,Female,Single,Dhofar,5,859.99,Bachelor,Employed,Government,0,8697.91,1029.47,0,0,0.0,0.0,859.99,1,2,4,7,Diesel,100.0,103.667,3.67,1.037,0,5.0,0,2,0,19940721
29.0,Female,Married,Muscat,1,1375.02,HighSchool,Student,Government,0,5180.61,406.63,3,0,473.24,0.0,1848.26,1,1,4,7,Petrol,100.0,94.36,-5.64,0.944,1,16.14,0,0,1,13086500
18.0,Male,Single,Sur,2,1273.54,Diploma,Unemployed,Private,0,24990.88,3342.36,0,0,0.0,0.0,1273.54,1,2,4,4,Petrol,100.0,109.191,9.19,1.092,0,5.0,0,0,1,13706742
18.0,Female,Single,Sohar,6,1686.38,Bachelor,Employed,None,1,5865.57,897.54,0,0,0.0,0.0,1686.38,1,2,8,6,Diesel,100.0,85.493,-14.51,0.855,1,27.01,1,0,0,10377895
55.0,Male,Single,Dhofar,1,1310.11,Bachelor,Student,Private,0,21972.68,3471.66,0,0,0.0,0.0,1310.11,0,0,0,0,None,0.0,0.0,0.0,0.0,1,18.71,0,0,0,14617508
27.0,Male,Married,Muscat,2,684.88,Master,Unemployed,Government,0,10108.65,1828.31,2,0,198.48,0.0,883.36,1,0,4,5,Petrol,100.0,138.23,38.23,1.382,1,34.28,0,1,1,15156133
22.0,Male,Single,Sur,2,1131.57,Diploma,Student,Government,0,17003.15,1768.92,0,0,0.0,0.0,1131.57,1,4,8,8,Petrol,100.0,105.334,5.33,1.053,1,28.03,0,2,1,13349885
30.0,Female,Single,Sohar,7,1073.4,HighSchool,Unemployed,Private,0,9992.86,3066.64,0,0,0.0,0.0,1073.4,1,1,4,14,Petrol,100.0,131.412,31.41,1.314,1,37.45,1,1,0,16675701
26.0,Male,Married,Sur,1,1052.95,HighSchool,Student,Private,0,14566.42,273.02,3,0,144.09,0.0,1197.04,1,4,6,9,Diesel,100.0,110.019,10.02,1.1,1,44.24,0,0,1,13654386
36.0,Female,Single,Muscat,7,1040.33,Bachelor,Employed,Government,0,11930.54,3165.32,0,0,0.0,0.0,1040.33,1,3,4,8,Petrol,100.0,138.131,38.13,1.381,0,5.0,0,0,0,14474597
53.0,Male,Single,Muscat,4,1149.43,HighSchool,Retired,SelfEmployed,0,12245.89,2280.48,0,0,0.0,0.0,1149.43,0,0,0,0,None,0.0,0.0,0.0,0.0,1,21.34,0,0,0,16871734
28.0,Female,Married,Sur,5,878.27,Bachelor,Unemployed,Private,1,25454.12,4089.88,2,0,313.7,0.0,1191.97,1,1,4,6,Petrol,100.0,52.849,-47.15,0.528,1,21.52,0,1,1,16937357
37.0,Female,Single,Dhofar,4,623.1,Bachelor,Employed,SelfEmployed,0,12104.37,1473.76,0,0,0.0,0.0,623.1,1,2,4,4,Petrol,100.0,98.347,-1.65,0.983,1,30.21,0,3,0,17353262
21.0,Male,Single,Dhofar,1,1222.51,Bachelor,Student,None,0,6227.33,2586.3,0,0,0.0,0.0,1222.51,1,1,6,8,Diesel,100.0,68.123,-31.88,0.681,1,13.11,0,2,1,16902894
53.0,Male,Single,Muscat,3,1428.43,None,Retired,Private,0,4606.79,1141.67,0,0,0.0,0.0,1428.43,1,2,4,7,Petrol,100.0,27.343,-72.66,0.273,1,16.66,0,0,0,13170375
37.0,Female,Single,Dhofar,1,1238.1,Bachelor,Student,Government,0,8528.25,3091.41,0,0,0.0,0.0,1238.1,0,0,0,0,None,0.0,0.0,0.0,0.0,1,27.91,0,2,0,12275053
22.0,Male,Single,Dhofar,3,1188.56,Diploma,Student,Private,0,17661.38,3434.1,0,0,0.0,0.0,1188.56,1,2,8,7,Petrol,100.0,96.46,-3.54,0.965,1,35.48,0,1,1,11450200
46.0,Female,Married,Nizwa,1,869.45,HighSchool,Employed,Government,1,17237.65,310.28,0,0,510.05,0.0,1379.5,1,2,4,5,Diesel,100.0,135.702,35.7,1.357,0,5.0,0,2,0,13244753
49.0,Male,Single,Sohar,4,1358.74,None,Unemployed,SelfEmployed,0,19355.52,2519.27,0,0,0.0,0.0,1358.74,1,1,4,8,Petrol,100.0,70.644,-29.36,0.706,0,5.0,0,2,0,17075259
37.0,Female,Single,Nizwa,4,509.56,HighSchool,Student,Government,0,15365.6,1010.18,0,0,0.0,0.0,509.56,1,0,4,7,Petrol,100.0,138.159,38.16,1.382,1,17.41,0,0,1,18433403
18.0,Male,Single,Nizwa,3,1710.75,Diploma,Student,Private,0,15139.09,1728.08,0,0,0.0,0.0,1710.75,1,2,8,6,Diesel,100.0,135.261,35.26,1.353,1,22.1,1,1,1,14393909
56.0,Male,Single,Dhofar,4,933.83,Bachelor,Employed,Private,0,7649.38,1681.7,0,0,0.0,0.0,933.83,0,0,0,0,None,0.0,0.0,0.0,0.0,1,14.45,0,0,0,10766650
39.0,Male,Widowed,Muscat,2,1314.05,Bachelor,Employed,SelfEmployed,0,16896.54,2310.28,1,1,0.0,108.63,1422.68,1,4,6,4,Petrol,100.0,103.292,3.29,1.033,0,5.0,0,0,0,19162951
49.0,Male,Single,Muscat,5,962.71,Bachelor,Employed,SelfEmployed,0,29485.54,2759.79,0,0,0.0,0.0,962.71,1,3,6,8,Petrol,100.0,73.407,-26.59,0.734,1,22.77,1,1,0,18246456
28.0,Male,Married,Sur,5,1132.36,HighSchool,Retired,Government,1,11128.44,1656.5,0,0,142.62,0.0,1274.98,1,0,4,4,Petrol,100.0,51.002,-49.0,0.51,1,14.75,0,1,0,14093340
30.0,Male,Married,Dhofar,1,997.28,HighSchool,Retired,None,0,17816.82,1312.12,4,1,734.69,109.74,1841.71,0,0,0,0,None,0.0,0.0,0.0,0.0,1,17.93,1,0,0,16167875
36.0,Female,Single,Nizwa,4,499.2,Diploma,Student,Government,0,8505.53,1268.81,0,0,0.0,0.0,499.2,1,0,6,6,Petrol,100.0,94.678,-5.32,0.947,1,28.34,0,1,1,10277150
48.0,Female,Single,Muscat,9,1288.48,HighSchool,Employed,Government,0,22532.32,725.71,0,0,0.0,0.0,1288.48,1,0,6,7,Petrol,100.0,107.696,7.7,1.077,1,12.26,0,2,0,14109284
37.0,Female,Single,Dhofar,3,779.26,HighSchool,Employed,None,0,17903.7,537.62,0,0,0.0,0.0,779.26,0,0,0,0,None,0.0,0.0,0.0,0.0,0,5.0,0,3,0,17261385
20.0,Male,Single,Muscat,5,755.09,Master,Student,SelfEmployed,0,12982.91,4803.42,0,0,0.0,0.0,755.09,1,2,4,8,Petrol,100.0,124.687,24.69,1.247,0,5.0,1,2,1,17437459
38.0,Male,Married,Muscat,3,954.2,Bachelor,Employed,Private,0,6817.02,735.27,1,0,205.66,0.0,1159.86,1,2,8,11,Petrol,100.0,139.26,39.26,1.393,0,5.0,0,1,1,19857817
55.0,Female,Married,Muscat,3,1014.3,Bachelor,Employed,Private,0,14826.21,6107.83,4,0,487.15,0.0,1501.45,1,2,8,11,Diesel,100.0,146.882,46.88,1.469,0,5.0,0,0,1,15020168
36.0,Female,Single,Muscat,4,1205.51,Bachelor,Employed,Government,0,32428.02,923.95,0,0,0.0,0.0,1205.51,1,2,4,12,Diesel,100.0,106.05,6.05,1.06,1,17.69,1,1,0,14663617
37.0,Female,Married,Nizwa,4,946.7,HighSchool,Unemployed,Government,0,12957.0,3205.56,1,0,282.95,0.0,1229.65,0,0,0,0,None,0.0,0.0,0.0,0.0,0,5.0,0,1,0,15387215
20.0,Male,Married,Muscat,3,1904.84,Bachelor,Employed,Private,0,47510.68,4572.21,1,0,370.93,0.0,2275.77,1,2,6,10,Diesel,100.0,61.344,-38.66,0.613,1,13.81,0,1,1,19526492
18.0,Male,Single,Sur,2,638.05,Bachelor,Student,Private,0,5588.74,1504.3,0,0,0.0,0.0,638.05,1,0,4,8,Diesel,100.0,70.922,-29.08,0.709,1,29.41,0,0,1,11224584
27.0,Male,Married,Sohar,4,1002.19,HighSchool,Employed,SelfEmployed,0,7680.22,1885.6,1,0,296.77,0.0,1298.96,1,1,6,7,Petrol,100.0,88.605,-11.39,0.886,1,31.4,0,1,1,11625896
31.0,Male,Single,Nizwa,3,1245.67,Diploma,Employed,Private,0,7922.56,2307.49,0,0,0.0,0.0,1245.67,1,0,4,7,Petrol,100.0,85.8,-14.2,0.858,1,22.21,0,1,0,18015821
36.0,Female,Married,Sur,4,1426.46,HighSchool,Employed,Private,0,12121.45,2248.56,3,0,236.43,0.0,1662.89,1,1,6,4,Petrol,100.0,88.94,-11.06,0.889,1,30.52,0,0,1,12128596
37.0,Male,Single,Sohar,4,1288.69,Bachelor,Retired,None,0,20999.83,1180.9,0,0,0.0,0.0,1288.69,1,2,6,3,Petrol,100.0,144.369,44.37,1.444,1,34.53,0,0,0,16313169
54.0,Female,Single,Muscat,6,1353.99,Diploma,Retired,Government,0,8743.99,662.82,0,0,0.0,0.0,1353.99,1,3,4,8,Petrol,100.0,113.699,13.7,1.137,0,5.0,0,1,0,13415120
36.0,Female,Married,Muscat,4,892.04,Bachelor,Student,Private,0,12153.0,2393.61,5,2,92.29,53.87,1038.2,1,0,6,8,Petrol,100.0,93.853,-6.15,0.939,1,33.47,0,1,1,17547148
48.0,Male,Married,Sur,3,1278.57,HighSchool,Employed,SelfEmployed,0,16960.83,2638.81,3,1,67.56,111.51,1457.64,1,0,6,5,Petrol,100.0,151.636,51.64,1.516,1,26.49,1,2,1,14059459
35.0,Female,Married,Nizwa,1,1490.84,Bachelor,Unemployed,SelfEmployed,1,13078.56,1240.95,1,0,271.42,0.0,1762.26,1,1,6,8,Petrol,100.0,120.951,20.95,1.21,0,5.0,0,2,1,11633248
52.0,Female,Married,Sohar,2,1247.74,Bachelor,Unemployed,Government,1,12570.73,4635.49,4,1,225.97,86.85,1560.56,0,0,0,0,None,0.0,0.0,0.0,0.0,1,22.61,1,3,0,18994580
18.0,Male,Single,Muscat,8,1818.4,Bachelor,Unemployed,Private,1,11550.28,1355.69,0,0,0.0,0.0,1818.4,1,3,8,10,Diesel,100.0,60.282,-39.72,0.603,1,9.12,0,0,1,10095966
28.0,Male,Single,Dhofar,4,1082.18,HighSchool,Student,Private,0,28423.79,3422.96,0,0,0.0,0.0,1082.18,1,0,4,5,Petrol,100.0,54.892,-45.11,0.549,1,34.39,0,0,0,19725096
47.0,Female,Single,Nizwa,2,1000.87,HighSchool,Employed,SelfEmployed,1,7497.24,3360.91,0,0,0.0,0.0,1000.87,1,0,6,8,Petrol,100.0,144.899,44.9,1.449,0,5.0,0,5,0,10447413
33.0,Male,Married,Sur,1,583.76,Bachelor,Employed,Private,0,30478.84,629.91,2,0,328.95,0.0,912.71,1,1,8,10,Petrol,100.0,140.4,40.4,1.404,1,41.64,1,2,1,15102121
46.0,Female,Divorced,Sohar,1,967.94,None,Employed,Private,0,8464.32,3544.17,0,0,0.0,0.0,967.94,0,0,0,0,None,0.0,0.0,0.0,0.0,1,18.14,1,0,0,19128032
40.0,Male,Married,Muscat,3,1253.99,HighSchool,Unemployed,Private,0,17954.73,376.6,3,1,114.24,106.34,1474.57,1,2,4,9,Petrol,100.0,88.54,-11.46,0.885,0,5.0,0,2,1,16967442
46.0,Male,Single,Dhofar,2,1368.97,None,Student,Government,0,16911.59,2391.49,0,0,0.0,0.0,1368.97,1,2,4,8,Petrol,100.0,112.506,12.51,1.125,1,19.75,1,0,0,12210899
42.0,Female,Married,Nizwa,4,1519.14,Bachelor,Unemployed,Private,0,12018.17,1157.44,2,1,181.58,121.81,1822.53,1,4,6,6,Petrol,100.0,93.453,-6.55,0.935,0,5.0,1,0,1,16276189
43.0,Male,Married,Sohar,3,1166.09,Master,Unemployed,SelfEmployed,0,12423.21,2161.49,5,2,227.58,199.47,1593.14,0,0,0,0,None,0.0,0.0,0.0,0.0,1,24.41,0,0,0,12095095
53.0,Female,Single,Muscat,3,929.29,Bachelor,Student,Government,1,15826.4,4602.19,0,0,0.0,0.0,929.29,1,2,8,8,Petrol,100.0,104.696,4.7,1.047,0,5.0,2,1,0,18605326
47.0,Male,Widowed,Sur,2,704.45,Bachelor,Employed,Government,1,10661.02,2963.24,3,2,0.0,165.83,870.28,1,1,4,4,Diesel,100.0,97.638,-2.36,0.976,1,29.61,0,0,0,10678745
47.0,Male,Married,Sohar,2,1045.35,Bachelor,Employed,Private,1,8269.95,2983.18,0,0,415.62,0.0,1460.97,1,0,4,4,Diesel,100.0,120.687,20.69,1.207,1,5.0,0,0,0,11077815
35.0,Male,Married,Sohar,5,791.97,Bachelor,Employed,Government,0,23696.95,3981.28,1,0,383.77,0.0,1175.74,1,1,6,5,Diesel,100.0,86.139,-13.86,0.861,0,5.0,0,2,1,17088843
28.0,Male,Married,Dhofar,8,1040.02,Diploma,Employed,Private,1,10017.94,1429.02,5,1,130.73,240.86,1411.61,1,1,6,7,Petrol,100.0,106.703,6.7,1.067,0,5.0,0,1,1,15616747
27.0,Male,Single,Sohar,5,683.63,HighSchool,Unemployed,Private,0,12451.81,2914.63,0,0,0.0,0.0,683.63,1,2,8,8,Petrol,100.0,93.491,-6.51,0.935,1,29.26,1,2,0,17442198
44.0,Male,Married,Dhofar,7,993.69,Diploma,Employed,Government,0,10666.37,2198.41,0,0,161.87,0.0,1155.56,1,0,4,6,Petrol,100.0,113.154,13.15,1.132,0,5.0,0,1,0,18083293
18.0,Female,Single,Sohar,3,910.43,Diploma,Student,Government,1,14283.14,1432.24,0,0,0.0,0.0,910.43,1,2,4,6,Petrol,100.0,105.829,5.83,1.058,1,20.67,0,1,1,10825829
19.0,Male,Single,Muscat,4,1405.79,Bachelor,Student,Government,0,18665.49,2506.13,0,0,0.0,0.0,1405.79,1,2,6,12,Petrol,100.0,135.554,35.55,1.356,1,22.52,1,1,1,17742270
23.0,Male,Single,Muscat,7,749.12,None,Student,Private,1,7870.86,1174.63,0,0,0.0,0.0,749.12,1,2,6,6,Petrol,100.0,107.361,7.36,1.074,1,28.32,0,0,1,13752388
32.0,Male,Married,Nizwa,3,594.28,Bachelor,Unemployed,Government,0,3040.11,3018.96,0,0,301.75,0.0,896.03,1,0,4,9,Diesel,100.0,62.436,-37.56,0.624,0,5.0,0,0,1,17674618
18.0,Male,Single,Muscat,4,1335.31,HighSchool,Unemployed,Government,0,44717.43,775.6,0,0,0.0,0.0,1335.31,1,0,4,7,Petrol,100.0,104.147,4.15,1.041,0,5.0,0,0,1,12066986
50.0,Female,Single,Muscat,3,1551.77,Bachelor,Employed,Private,0,5930.66,5209.33,0,0,0.0,0.0,1551.77,1,2,6,12,Petrol,100.0,54.007,-45.99,0.54,1,29.72,0,0,0,19811999
42.0,Male,Single,Muscat,5,1331.98,Diploma,Employed,SelfEmployed,1,13953.42,1551.6,0,0,0.0,0.0,1331.98,0,0,0,0,None,0.0,0.0,0.0,0.0,1,30.3,0,1,0,14819408
59.0,Male,Married,Dhofar,4,1057.35,None,Employed,Government,0,6842.77,2748.76,1,0,283.13,0.0,1340.48,1,0,6,7,Petrol,100.0,85.128,-14.87,0.851,1,27.16,0,2,1,10283038
48.0,Male,Married,Muscat,5,842.4,None,Employed,SelfEmployed,1,11670.78,1471.82,2,1,282.16,69.44,1194.0,1,1,6,3,Diesel,100.0,91.78,-8.22,0.918,1,32.06,1,1,1,17174538
47.0,Male,Divorced,Sohar,3,1037.13,HighSchool,Employed,Government,0,4025.31,1172.7,1,1,0.0,46.19,1083.32,0,0,0,0,None,0.0,0.0,0.0,0.0,0,5.0,0,1,0,11060977
62.0,Male,Single,Muscat,6,981.53,HighSchool,Student,SelfEmployed,0,40449.7,1872.24,0,0,0.0,0.0,981.53,0,0,0,0,None,0.0,0.0,0.0,0.0,0,5.0,0,2,0,15999068
28.0,Male,Divorced,Sohar,3,739.73,None,Employed,Private,0,10643.38,5936.51,1,0,0.0,0.0,739.73,1,2,4,4,Petrol,100.0,153.879,53.88,1.539,0,5.0,0,3,0,11533292
18.0,Female,Single,Muscat,4,1103.97,HighSchool,Student,Private,0,11079.27,2042.87,0,0,0.0,0.0,1103.97,1,2,6,5,Petrol,100.0,69.427,-30.57,0.694,0,5.0,0,1,1,12187254
32.0,Female,Married,Muscat,4,1486.39,None,Employed,Private,0,19632.86,1112.86,3,2,486.83,109.53,2082.75,1,1,6,6,Petrol,100.0,69.507,-30.49,0.695,1,29.92,0,3,1,15808817
25.0,Female,Married,Sur,2,1356.35,Bachelor,Unemployed,SelfEmployed,1,7899.94,578.07,4,0,309.12,0.0,1665.47,0,0,0,0,None,0.0,0.0,0.0,0.0,1,32.29,0,0,0,15789863
32.0,Female,Single,Sur,4,1205.94,Bachelor,Employed,Government,0,4306.47,2091.2,0,0,0.0,0.0,1205.94,1,1,4,8,Diesel,100.0,97.781,-2.22,0.978,1,15.18,2,1,0,14308372
22.0,Male,Single,Sur,2,1082.86,Diploma,Employed,Private,0,26924.06,2169.25,0,0,0.0,0.0,1082.86,1,4,6,8,Petrol,100.0,96.556,-3.44,0.966,1,35.46,1,2,0,12834549
42.0,Male,Single,Dhofar,2,806.21,HighSchool,Unemployed,Private,0,3516.18,1113.77,0,0,0.0,0.0,806.21,1,2,4,4,Petrol,100.0,72.241,-27.76,0.722,1,20.54,0,2,0,10641294
41.0,Male,Single,Muscat,5,1427.08,Bachelor,Unemployed,Government,0,13809.04,2997.19,0,0,0.0,0.0,1427.08,1,0,6,8,Diesel,100.0,96.764,-3.24,0.968,1,42.86,0,1,0,13386100
35.0,Female,Single,Muscat,8,668.88,HighSchool,Employed,SelfEmployed,1,4948.04,2302.34,0,0,0.0,0.0,668.88,1,2,8,5,Petrol,100.0,46.991,-53.01,0.47,0,5.0,0,1,0,12791830
39.0,Female,Married,Sur,4,457.05,Master,Employed,Private,1,15176.18,2098.74,7,4,356.23,238.72,1052.0,1,1,4,4,Petrol,100.0,143.966,43.97,1.44,1,19.25,0,0,1,19904840
33.0,Female,Single,Dhofar,2,1081.25,HighSchool,Unemployed,Private,0,17241.38,2500.82,0,0,0.0,0.0,1081.25,1,2,6,6,Diesel,100.0,100.336,0.34,1.003,1,30.43,1,1,0,13907602
